{
  "nodes": [{
    "layer": 0,
    "name": "IVR",
    "fill": "#FFFFFF"
  }, {
    "layer": 1,
    "name": "CMC",
    "fill": "#FFFFFF"
  }, {
    "layer": 1,
    "name": "Worsening Condition",
    "fill": "#FFFFFF"
  }, {
    "layer": 1,
    "name": "InHealth COVID Call Response",
    "fill": "#FFFFFF"
  }, {
    "layer": 1,
    "name": "SMILE",
    "fill": "#FFFFFF"
  }, {
    "layer": 2,
    "name": "Dental",
    "fill": "#FFFFFF"
  }, {
    "layer": 3,
    "name": "LAS Covid Response DST",
    "fill": "#FFFFFF"
  }, {
    "layer": 3,
    "name": "Starline",
    "fill": "#FFFFFF"
  }, {
    "layer": 3,
    "name": "Admin Caller",
    "fill": "#FFFFFF"
  }, {
    "layer": 5,
    "name": "Pathways DoS Referral",
    "fill": "#FFFFFF"
  }, {
    "layer": 5,
    "name": "999",
    "fill": "#FFFFFF"
  }, {
    "layer": 3,
    "name": "Abandoned Calls",
    "fill": "#FFFFFF"
  }, {
    "layer": 4,
    "name": "Covid-19 Hot Hub",
    "fill": "#FFFFFF"
  }, {
    "layer": 4,
    "name": "Covid Cat. 3 Self-care",
    "fill": "#FFFFFF"
  }, {
    "layer": 4,
    "name": "GP",
    "fill": "#FFFFFF"
  }],
  "links": [{
    "source": 3,
    "target": 6,
    "value": 5000,
    "fill": "#0000FFFF",
    "supply": [{
      "label": "0 hrs",
      "value": 8
    }, {
      "label": "1 hrs",
      "value": 2
    }, {
      "label": "2 hrs",
      "value": 8
    }, {
      "label": "3 hrs",
      "value": 5
    }, {
      "label": "4 hrs",
      "value": 10
    }, {
      "label": "5 hrs",
      "value": 2
    }, {
      "label": "6 hrs",
      "value": 8
    }, {
      "label": "7 hrs",
      "value": 0
    }, {
      "label": "8 hrs",
      "value": 5
    }, {
      "label": "9 hrs",
      "value": 5
    }, {
      "label": "10 hrs",
      "value": 7
    }, {
      "label": "11 hrs",
      "value": 7
    }, {
      "label": "12 hrs",
      "value": 3
    }, {
      "label": "13 hrs",
      "value": 9
    }, {
      "label": "14 hrs",
      "value": 1
    }, {
      "label": "15 hrs",
      "value": 1
    }, {
      "label": "16 hrs",
      "value": 3
    }, {
      "label": "17 hrs",
      "value": 1
    }, {
      "label": "18 hrs",
      "value": 2
    }, {
      "label": "19 hrs",
      "value": 7
    }, {
      "label": "20 hrs",
      "value": 0
    }, {
      "label": "21 hrs",
      "value": 9
    }, {
      "label": "22 hrs",
      "value": 8
    }, {
      "label": "23 hrs",
      "value": 10
    }]
  }, {
    "source": 3,
    "target": 12,
    "value": 1000,
    "fill": "#0000FFFF",
    "supply": [{
      "label": "0 hrs",
      "value": 9
    }, {
      "label": "1 hrs",
      "value": 1
    }, {
      "label": "2 hrs",
      "value": 6
    }, {
      "label": "3 hrs",
      "value": 7
    }, {
      "label": "4 hrs",
      "value": 7
    }, {
      "label": "5 hrs",
      "value": 1
    }, {
      "label": "6 hrs",
      "value": 10
    }, {
      "label": "7 hrs",
      "value": 7
    }, {
      "label": "8 hrs",
      "value": 3
    }, {
      "label": "9 hrs",
      "value": 1
    }, {
      "label": "10 hrs",
      "value": 3
    }, {
      "label": "11 hrs",
      "value": 7
    }, {
      "label": "12 hrs",
      "value": 8
    }, {
      "label": "13 hrs",
      "value": 4
    }, {
      "label": "14 hrs",
      "value": 5
    }, {
      "label": "15 hrs",
      "value": 4
    }, {
      "label": "16 hrs",
      "value": 2
    }, {
      "label": "17 hrs",
      "value": 0
    }, {
      "label": "18 hrs",
      "value": 8
    }, {
      "label": "19 hrs",
      "value": 6
    }, {
      "label": "20 hrs",
      "value": 9
    }, {
      "label": "21 hrs",
      "value": 8
    }, {
      "label": "22 hrs",
      "value": 4
    }, {
      "label": "23 hrs",
      "value": 4
    }]
  }, {
    "source": 6,
    "target": 13,
    "value": 1000,
    "fill": "#0000FFFF",
    "supply": [{
      "label": "0 hrs",
      "value": 4
    }, {
      "label": "1 hrs",
      "value": 7
    }, {
      "label": "2 hrs",
      "value": 8
    }, {
      "label": "3 hrs",
      "value": 6
    }, {
      "label": "4 hrs",
      "value": 9
    }, {
      "label": "5 hrs",
      "value": 9
    }, {
      "label": "6 hrs",
      "value": 9
    }, {
      "label": "7 hrs",
      "value": 9
    }, {
      "label": "8 hrs",
      "value": 8
    }, {
      "label": "9 hrs",
      "value": 6
    }, {
      "label": "10 hrs",
      "value": 3
    }, {
      "label": "11 hrs",
      "value": 0
    }, {
      "label": "12 hrs",
      "value": 6
    }, {
      "label": "13 hrs",
      "value": 9
    }, {
      "label": "14 hrs",
      "value": 5
    }, {
      "label": "15 hrs",
      "value": 5
    }, {
      "label": "16 hrs",
      "value": 4
    }, {
      "label": "17 hrs",
      "value": 9
    }, {
      "label": "18 hrs",
      "value": 6
    }, {
      "label": "19 hrs",
      "value": 8
    }, {
      "label": "20 hrs",
      "value": 7
    }, {
      "label": "21 hrs",
      "value": 4
    }, {
      "label": "22 hrs",
      "value": 6
    }, {
      "label": "23 hrs",
      "value": 4
    }]
  }]
}