{"nodes":[{"layer":0,"name":"IVR","fill":"#FDD0A2"},{"layer":2,"name":"111 Call Handler","fill":"#FD8D3C"},{"layer":2,"name":"CMC","fill":"#FD8D3C"},{"layer":2,"name":"Worsening Condition","fill":"#FD8D3C"},{"layer":1,"name":"InHealth COVID Call Response","fill":"#FDAE6B"},{"layer":1,"name":"SMILE","fill":"#FDAE6B"},{"layer":2,"name":"Dental","fill":"#FD8D3C"},{"layer":2,"name":"LAS Covid Response DST","fill":"#FD8D3C"},{"layer":2,"name":"Starline","fill":"#FD8D3C"},{"layer":2,"name":"Admin Caller","fill":"#FD8D3C"},{"layer":4,"name":"Pathways DoS Referral","fill":"#D94801"},{"layer":4,"name":"999","fill":"#D94801"},{"layer":2,"name":"Abandoned Calls","fill":"#FD8D3C"},{"layer":3,"name":"Covid-19 Hot Hub","fill":"#F16913"},{"layer":3,"name":"Covid Cat. 3 Self-care","fill":"#F16913"},{"layer":3,"name":"GP","fill":"#F16913"}],"links":[{"source":0,"target":2,"value":2000,"fill":"#B3DE69","supply":[{"label":"0 hrs","value":1,"color":"#482878FF"},{"label":"1 hrs","value":8,"color":"#B4DE2CFF"},{"label":"2 hrs","value":5,"color":"#1F9E89FF"},{"label":"3 hrs","value":5,"color":"#1F9E89FF"},{"label":"4 hrs","value":5,"color":"#1F9E89FF"},{"label":"5 hrs","value":7,"color":"#6DCD59FF"},{"label":"6 hrs","value":3,"color":"#31688EFF"},{"label":"7 hrs","value":3,"color":"#31688EFF"},{"label":"8 hrs","value":4,"color":"#26828EFF"},{"label":"9 hrs","value":7,"color":"#6DCD59FF"},{"label":"10 hrs","value":1,"color":"#482878FF"},{"label":"11 hrs","value":2,"color":"#3E4A89FF"},{"label":"12 hrs","value":4,"color":"#26828EFF"},{"label":"13 hrs","value":6,"color":"#35B779FF"},{"label":"14 hrs","value":8,"color":"#B4DE2CFF"},{"label":"15 hrs","value":4,"color":"#26828EFF"},{"label":"16 hrs","value":3,"color":"#31688EFF"},{"label":"17 hrs","value":9,"color":"#FDE725FF"},{"label":"18 hrs","value":2,"color":"#3E4A89FF"},{"label":"19 hrs","value":9,"color":"#FDE725FF"},{"label":"20 hrs","value":6,"color":"#35B779FF"},{"label":"21 hrs","value":6,"color":"#35B779FF"},{"label":"22 hrs","value":7,"color":"#6DCD59FF"},{"label":"23 hrs","value":6,"color":"#35B779FF"}]},{"source":0,"target":5,"value":1000,"fill":"#B3DE69","supply":[{"label":"0 hrs","value":1,"color":"#482878FF"},{"label":"1 hrs","value":8,"color":"#B4DE2CFF"},{"label":"2 hrs","value":5,"color":"#1F9E89FF"},{"label":"3 hrs","value":5,"color":"#1F9E89FF"},{"label":"4 hrs","value":5,"color":"#1F9E89FF"},{"label":"5 hrs","value":7,"color":"#6DCD59FF"},{"label":"6 hrs","value":3,"color":"#31688EFF"},{"label":"7 hrs","value":3,"color":"#31688EFF"},{"label":"8 hrs","value":4,"color":"#26828EFF"},{"label":"9 hrs","value":7,"color":"#6DCD59FF"},{"label":"10 hrs","value":1,"color":"#482878FF"},{"label":"11 hrs","value":2,"color":"#3E4A89FF"},{"label":"12 hrs","value":4,"color":"#26828EFF"},{"label":"13 hrs","value":6,"color":"#35B779FF"},{"label":"14 hrs","value":8,"color":"#B4DE2CFF"},{"label":"15 hrs","value":4,"color":"#26828EFF"},{"label":"16 hrs","value":3,"color":"#31688EFF"},{"label":"17 hrs","value":9,"color":"#FDE725FF"},{"label":"18 hrs","value":2,"color":"#3E4A89FF"},{"label":"19 hrs","value":9,"color":"#FDE725FF"},{"label":"20 hrs","value":6,"color":"#35B779FF"},{"label":"21 hrs","value":6,"color":"#35B779FF"},{"label":"22 hrs","value":7,"color":"#6DCD59FF"},{"label":"23 hrs","value":6,"color":"#35B779FF"}]},{"source":0,"target":1,"value":5000,"fill":"#B3DE69","supply":[{"label":"0 hrs","value":1,"color":"#482878FF"},{"label":"1 hrs","value":8,"color":"#B4DE2CFF"},{"label":"2 hrs","value":5,"color":"#1F9E89FF"},{"label":"3 hrs","value":5,"color":"#1F9E89FF"},{"label":"4 hrs","value":5,"color":"#1F9E89FF"},{"label":"5 hrs","value":7,"color":"#6DCD59FF"},{"label":"6 hrs","value":3,"color":"#31688EFF"},{"label":"7 hrs","value":3,"color":"#31688EFF"},{"label":"8 hrs","value":4,"color":"#26828EFF"},{"label":"9 hrs","value":7,"color":"#6DCD59FF"},{"label":"10 hrs","value":1,"color":"#482878FF"},{"label":"11 hrs","value":2,"color":"#3E4A89FF"},{"label":"12 hrs","value":4,"color":"#26828EFF"},{"label":"13 hrs","value":6,"color":"#35B779FF"},{"label":"14 hrs","value":8,"color":"#B4DE2CFF"},{"label":"15 hrs","value":4,"color":"#26828EFF"},{"label":"16 hrs","value":3,"color":"#31688EFF"},{"label":"17 hrs","value":9,"color":"#FDE725FF"},{"label":"18 hrs","value":2,"color":"#3E4A89FF"},{"label":"19 hrs","value":9,"color":"#FDE725FF"},{"label":"20 hrs","value":6,"color":"#35B779FF"},{"label":"21 hrs","value":6,"color":"#35B779FF"},{"label":"22 hrs","value":7,"color":"#6DCD59FF"},{"label":"23 hrs","value":6,"color":"#35B779FF"}]},{"source":0,"target":3,"value":2000,"fill":"#B3DE69","supply":[{"label":"0 hrs","value":1,"color":"#482878FF"},{"label":"1 hrs","value":8,"color":"#B4DE2CFF"},{"label":"2 hrs","value":5,"color":"#1F9E89FF"},{"label":"3 hrs","value":5,"color":"#1F9E89FF"},{"label":"4 hrs","value":5,"color":"#1F9E89FF"},{"label":"5 hrs","value":7,"color":"#6DCD59FF"},{"label":"6 hrs","value":3,"color":"#31688EFF"},{"label":"7 hrs","value":3,"color":"#31688EFF"},{"label":"8 hrs","value":4,"color":"#26828EFF"},{"label":"9 hrs","value":7,"color":"#6DCD59FF"},{"label":"10 hrs","value":1,"color":"#482878FF"},{"label":"11 hrs","value":2,"color":"#3E4A89FF"},{"label":"12 hrs","value":4,"color":"#26828EFF"},{"label":"13 hrs","value":6,"color":"#35B779FF"},{"label":"14 hrs","value":8,"color":"#B4DE2CFF"},{"label":"15 hrs","value":4,"color":"#26828EFF"},{"label":"16 hrs","value":3,"color":"#31688EFF"},{"label":"17 hrs","value":9,"color":"#FDE725FF"},{"label":"18 hrs","value":2,"color":"#3E4A89FF"},{"label":"19 hrs","value":9,"color":"#FDE725FF"},{"label":"20 hrs","value":6,"color":"#35B779FF"},{"label":"21 hrs","value":6,"color":"#35B779FF"},{"label":"22 hrs","value":7,"color":"#6DCD59FF"},{"label":"23 hrs","value":6,"color":"#35B779FF"}]},{"source":1,"target":10,"value":3000,"fill":"#BEBADA","supply":[{"label":"0 hrs","value":1,"color":"#482878FF"},{"label":"1 hrs","value":8,"color":"#B4DE2CFF"},{"label":"2 hrs","value":5,"color":"#1F9E89FF"},{"label":"3 hrs","value":5,"color":"#1F9E89FF"},{"label":"4 hrs","value":5,"color":"#1F9E89FF"},{"label":"5 hrs","value":7,"color":"#6DCD59FF"},{"label":"6 hrs","value":3,"color":"#31688EFF"},{"label":"7 hrs","value":3,"color":"#31688EFF"},{"label":"8 hrs","value":4,"color":"#26828EFF"},{"label":"9 hrs","value":7,"color":"#6DCD59FF"},{"label":"10 hrs","value":1,"color":"#482878FF"},{"label":"11 hrs","value":2,"color":"#3E4A89FF"},{"label":"12 hrs","value":4,"color":"#26828EFF"},{"label":"13 hrs","value":6,"color":"#35B779FF"},{"label":"14 hrs","value":8,"color":"#B4DE2CFF"},{"label":"15 hrs","value":4,"color":"#26828EFF"},{"label":"16 hrs","value":3,"color":"#31688EFF"},{"label":"17 hrs","value":9,"color":"#FDE725FF"},{"label":"18 hrs","value":2,"color":"#3E4A89FF"},{"label":"19 hrs","value":9,"color":"#FDE725FF"},{"label":"20 hrs","value":6,"color":"#35B779FF"},{"label":"21 hrs","value":6,"color":"#35B779FF"},{"label":"22 hrs","value":7,"color":"#6DCD59FF"},{"label":"23 hrs","value":6,"color":"#35B779FF"}]},{"source":0,"target":4,"value":12000,"fill":"#B3DE69","supply":[{"label":"0 hrs","value":1,"color":"#482878FF"},{"label":"1 hrs","value":8,"color":"#B4DE2CFF"},{"label":"2 hrs","value":5,"color":"#1F9E89FF"},{"label":"3 hrs","value":5,"color":"#1F9E89FF"},{"label":"4 hrs","value":5,"color":"#1F9E89FF"},{"label":"5 hrs","value":7,"color":"#6DCD59FF"},{"label":"6 hrs","value":3,"color":"#31688EFF"},{"label":"7 hrs","value":3,"color":"#31688EFF"},{"label":"8 hrs","value":4,"color":"#26828EFF"},{"label":"9 hrs","value":7,"color":"#6DCD59FF"},{"label":"10 hrs","value":1,"color":"#482878FF"},{"label":"11 hrs","value":2,"color":"#3E4A89FF"},{"label":"12 hrs","value":4,"color":"#26828EFF"},{"label":"13 hrs","value":6,"color":"#35B779FF"},{"label":"14 hrs","value":8,"color":"#B4DE2CFF"},{"label":"15 hrs","value":4,"color":"#26828EFF"},{"label":"16 hrs","value":3,"color":"#31688EFF"},{"label":"17 hrs","value":9,"color":"#FDE725FF"},{"label":"18 hrs","value":2,"color":"#3E4A89FF"},{"label":"19 hrs","value":9,"color":"#FDE725FF"},{"label":"20 hrs","value":6,"color":"#35B779FF"},{"label":"21 hrs","value":6,"color":"#35B779FF"},{"label":"22 hrs","value":7,"color":"#6DCD59FF"},{"label":"23 hrs","value":6,"color":"#35B779FF"}]},{"source":2,"target":10,"value":1000,"fill":"#FCC5C0","supply":[{"label":"0 hrs","value":1,"color":"#482878FF"},{"label":"1 hrs","value":8,"color":"#B4DE2CFF"},{"label":"2 hrs","value":5,"color":"#1F9E89FF"},{"label":"3 hrs","value":5,"color":"#1F9E89FF"},{"label":"4 hrs","value":5,"color":"#1F9E89FF"},{"label":"5 hrs","value":7,"color":"#6DCD59FF"},{"label":"6 hrs","value":3,"color":"#31688EFF"},{"label":"7 hrs","value":3,"color":"#31688EFF"},{"label":"8 hrs","value":4,"color":"#26828EFF"},{"label":"9 hrs","value":7,"color":"#6DCD59FF"},{"label":"10 hrs","value":1,"color":"#482878FF"},{"label":"11 hrs","value":2,"color":"#3E4A89FF"},{"label":"12 hrs","value":4,"color":"#26828EFF"},{"label":"13 hrs","value":6,"color":"#35B779FF"},{"label":"14 hrs","value":8,"color":"#B4DE2CFF"},{"label":"15 hrs","value":4,"color":"#26828EFF"},{"label":"16 hrs","value":3,"color":"#31688EFF"},{"label":"17 hrs","value":9,"color":"#FDE725FF"},{"label":"18 hrs","value":2,"color":"#3E4A89FF"},{"label":"19 hrs","value":9,"color":"#FDE725FF"},{"label":"20 hrs","value":6,"color":"#35B779FF"},{"label":"21 hrs","value":6,"color":"#35B779FF"},{"label":"22 hrs","value":7,"color":"#6DCD59FF"},{"label":"23 hrs","value":6,"color":"#35B779FF"}]},{"source":2,"target":11,"value":1000,"fill":"#FCC5C0","supply":[{"label":"0 hrs","value":1,"color":"#482878FF"},{"label":"1 hrs","value":8,"color":"#B4DE2CFF"},{"label":"2 hrs","value":5,"color":"#1F9E89FF"},{"label":"3 hrs","value":5,"color":"#1F9E89FF"},{"label":"4 hrs","value":5,"color":"#1F9E89FF"},{"label":"5 hrs","value":7,"color":"#6DCD59FF"},{"label":"6 hrs","value":3,"color":"#31688EFF"},{"label":"7 hrs","value":3,"color":"#31688EFF"},{"label":"8 hrs","value":4,"color":"#26828EFF"},{"label":"9 hrs","value":7,"color":"#6DCD59FF"},{"label":"10 hrs","value":1,"color":"#482878FF"},{"label":"11 hrs","value":2,"color":"#3E4A89FF"},{"label":"12 hrs","value":4,"color":"#26828EFF"},{"label":"13 hrs","value":6,"color":"#35B779FF"},{"label":"14 hrs","value":8,"color":"#B4DE2CFF"},{"label":"15 hrs","value":4,"color":"#26828EFF"},{"label":"16 hrs","value":3,"color":"#31688EFF"},{"label":"17 hrs","value":9,"color":"#FDE725FF"},{"label":"18 hrs","value":2,"color":"#3E4A89FF"},{"label":"19 hrs","value":9,"color":"#FDE725FF"},{"label":"20 hrs","value":6,"color":"#35B779FF"},{"label":"21 hrs","value":6,"color":"#35B779FF"},{"label":"22 hrs","value":7,"color":"#6DCD59FF"},{"label":"23 hrs","value":6,"color":"#35B779FF"}]},{"source":3,"target":10,"value":1000,"fill":"#FCC5C0","supply":[{"label":"0 hrs","value":1,"color":"#482878FF"},{"label":"1 hrs","value":8,"color":"#B4DE2CFF"},{"label":"2 hrs","value":5,"color":"#1F9E89FF"},{"label":"3 hrs","value":5,"color":"#1F9E89FF"},{"label":"4 hrs","value":5,"color":"#1F9E89FF"},{"label":"5 hrs","value":7,"color":"#6DCD59FF"},{"label":"6 hrs","value":3,"color":"#31688EFF"},{"label":"7 hrs","value":3,"color":"#31688EFF"},{"label":"8 hrs","value":4,"color":"#26828EFF"},{"label":"9 hrs","value":7,"color":"#6DCD59FF"},{"label":"10 hrs","value":1,"color":"#482878FF"},{"label":"11 hrs","value":2,"color":"#3E4A89FF"},{"label":"12 hrs","value":4,"color":"#26828EFF"},{"label":"13 hrs","value":6,"color":"#35B779FF"},{"label":"14 hrs","value":8,"color":"#B4DE2CFF"},{"label":"15 hrs","value":4,"color":"#26828EFF"},{"label":"16 hrs","value":3,"color":"#31688EFF"},{"label":"17 hrs","value":9,"color":"#FDE725FF"},{"label":"18 hrs","value":2,"color":"#3E4A89FF"},{"label":"19 hrs","value":9,"color":"#FDE725FF"},{"label":"20 hrs","value":6,"color":"#35B779FF"},{"label":"21 hrs","value":6,"color":"#35B779FF"},{"label":"22 hrs","value":7,"color":"#6DCD59FF"},{"label":"23 hrs","value":6,"color":"#35B779FF"}]},{"source":3,"target":11,"value":1000,"fill":"#FCC5C0","supply":[{"label":"0 hrs","value":1,"color":"#482878FF"},{"label":"1 hrs","value":8,"color":"#B4DE2CFF"},{"label":"2 hrs","value":5,"color":"#1F9E89FF"},{"label":"3 hrs","value":5,"color":"#1F9E89FF"},{"label":"4 hrs","value":5,"color":"#1F9E89FF"},{"label":"5 hrs","value":7,"color":"#6DCD59FF"},{"label":"6 hrs","value":3,"color":"#31688EFF"},{"label":"7 hrs","value":3,"color":"#31688EFF"},{"label":"8 hrs","value":4,"color":"#26828EFF"},{"label":"9 hrs","value":7,"color":"#6DCD59FF"},{"label":"10 hrs","value":1,"color":"#482878FF"},{"label":"11 hrs","value":2,"color":"#3E4A89FF"},{"label":"12 hrs","value":4,"color":"#26828EFF"},{"label":"13 hrs","value":6,"color":"#35B779FF"},{"label":"14 hrs","value":8,"color":"#B4DE2CFF"},{"label":"15 hrs","value":4,"color":"#26828EFF"},{"label":"16 hrs","value":3,"color":"#31688EFF"},{"label":"17 hrs","value":9,"color":"#FDE725FF"},{"label":"18 hrs","value":2,"color":"#3E4A89FF"},{"label":"19 hrs","value":9,"color":"#FDE725FF"},{"label":"20 hrs","value":6,"color":"#35B779FF"},{"label":"21 hrs","value":6,"color":"#35B779FF"},{"label":"22 hrs","value":7,"color":"#6DCD59FF"},{"label":"23 hrs","value":6,"color":"#35B779FF"}]},{"source":0,"target":12,"value":2000,"fill":"#B3DE69","supply":[{"label":"0 hrs","value":1,"color":"#482878FF"},{"label":"1 hrs","value":8,"color":"#B4DE2CFF"},{"label":"2 hrs","value":5,"color":"#1F9E89FF"},{"label":"3 hrs","value":5,"color":"#1F9E89FF"},{"label":"4 hrs","value":5,"color":"#1F9E89FF"},{"label":"5 hrs","value":7,"color":"#6DCD59FF"},{"label":"6 hrs","value":3,"color":"#31688EFF"},{"label":"7 hrs","value":3,"color":"#31688EFF"},{"label":"8 hrs","value":4,"color":"#26828EFF"},{"label":"9 hrs","value":7,"color":"#6DCD59FF"},{"label":"10 hrs","value":1,"color":"#482878FF"},{"label":"11 hrs","value":2,"color":"#3E4A89FF"},{"label":"12 hrs","value":4,"color":"#26828EFF"},{"label":"13 hrs","value":6,"color":"#35B779FF"},{"label":"14 hrs","value":8,"color":"#B4DE2CFF"},{"label":"15 hrs","value":4,"color":"#26828EFF"},{"label":"16 hrs","value":3,"color":"#31688EFF"},{"label":"17 hrs","value":9,"color":"#FDE725FF"},{"label":"18 hrs","value":2,"color":"#3E4A89FF"},{"label":"19 hrs","value":9,"color":"#FDE725FF"},{"label":"20 hrs","value":6,"color":"#35B779FF"},{"label":"21 hrs","value":6,"color":"#35B779FF"},{"label":"22 hrs","value":7,"color":"#6DCD59FF"},{"label":"23 hrs","value":6,"color":"#35B779FF"}]},{"source":0,"target":8,"value":1000,"fill":"#B3DE69","supply":[{"label":"0 hrs","value":1,"color":"#482878FF"},{"label":"1 hrs","value":8,"color":"#B4DE2CFF"},{"label":"2 hrs","value":5,"color":"#1F9E89FF"},{"label":"3 hrs","value":5,"color":"#1F9E89FF"},{"label":"4 hrs","value":5,"color":"#1F9E89FF"},{"label":"5 hrs","value":7,"color":"#6DCD59FF"},{"label":"6 hrs","value":3,"color":"#31688EFF"},{"label":"7 hrs","value":3,"color":"#31688EFF"},{"label":"8 hrs","value":4,"color":"#26828EFF"},{"label":"9 hrs","value":7,"color":"#6DCD59FF"},{"label":"10 hrs","value":1,"color":"#482878FF"},{"label":"11 hrs","value":2,"color":"#3E4A89FF"},{"label":"12 hrs","value":4,"color":"#26828EFF"},{"label":"13 hrs","value":6,"color":"#35B779FF"},{"label":"14 hrs","value":8,"color":"#B4DE2CFF"},{"label":"15 hrs","value":4,"color":"#26828EFF"},{"label":"16 hrs","value":3,"color":"#31688EFF"},{"label":"17 hrs","value":9,"color":"#FDE725FF"},{"label":"18 hrs","value":2,"color":"#3E4A89FF"},{"label":"19 hrs","value":9,"color":"#FDE725FF"},{"label":"20 hrs","value":6,"color":"#35B779FF"},{"label":"21 hrs","value":6,"color":"#35B779FF"},{"label":"22 hrs","value":7,"color":"#6DCD59FF"},{"label":"23 hrs","value":6,"color":"#35B779FF"}]},{"source":0,"target":9,"value":1000,"fill":"#B3DE69","supply":[{"label":"0 hrs","value":1,"color":"#482878FF"},{"label":"1 hrs","value":8,"color":"#B4DE2CFF"},{"label":"2 hrs","value":5,"color":"#1F9E89FF"},{"label":"3 hrs","value":5,"color":"#1F9E89FF"},{"label":"4 hrs","value":5,"color":"#1F9E89FF"},{"label":"5 hrs","value":7,"color":"#6DCD59FF"},{"label":"6 hrs","value":3,"color":"#31688EFF"},{"label":"7 hrs","value":3,"color":"#31688EFF"},{"label":"8 hrs","value":4,"color":"#26828EFF"},{"label":"9 hrs","value":7,"color":"#6DCD59FF"},{"label":"10 hrs","value":1,"color":"#482878FF"},{"label":"11 hrs","value":2,"color":"#3E4A89FF"},{"label":"12 hrs","value":4,"color":"#26828EFF"},{"label":"13 hrs","value":6,"color":"#35B779FF"},{"label":"14 hrs","value":8,"color":"#B4DE2CFF"},{"label":"15 hrs","value":4,"color":"#26828EFF"},{"label":"16 hrs","value":3,"color":"#31688EFF"},{"label":"17 hrs","value":9,"color":"#FDE725FF"},{"label":"18 hrs","value":2,"color":"#3E4A89FF"},{"label":"19 hrs","value":9,"color":"#FDE725FF"},{"label":"20 hrs","value":6,"color":"#35B779FF"},{"label":"21 hrs","value":6,"color":"#35B779FF"},{"label":"22 hrs","value":7,"color":"#6DCD59FF"},{"label":"23 hrs","value":6,"color":"#35B779FF"}]},{"source":0,"target":6,"value":1000,"fill":"#B3DE69","supply":[{"label":"0 hrs","value":1,"color":"#482878FF"},{"label":"1 hrs","value":8,"color":"#B4DE2CFF"},{"label":"2 hrs","value":5,"color":"#1F9E89FF"},{"label":"3 hrs","value":5,"color":"#1F9E89FF"},{"label":"4 hrs","value":5,"color":"#1F9E89FF"},{"label":"5 hrs","value":7,"color":"#6DCD59FF"},{"label":"6 hrs","value":3,"color":"#31688EFF"},{"label":"7 hrs","value":3,"color":"#31688EFF"},{"label":"8 hrs","value":4,"color":"#26828EFF"},{"label":"9 hrs","value":7,"color":"#6DCD59FF"},{"label":"10 hrs","value":1,"color":"#482878FF"},{"label":"11 hrs","value":2,"color":"#3E4A89FF"},{"label":"12 hrs","value":4,"color":"#26828EFF"},{"label":"13 hrs","value":6,"color":"#35B779FF"},{"label":"14 hrs","value":8,"color":"#B4DE2CFF"},{"label":"15 hrs","value":4,"color":"#26828EFF"},{"label":"16 hrs","value":3,"color":"#31688EFF"},{"label":"17 hrs","value":9,"color":"#FDE725FF"},{"label":"18 hrs","value":2,"color":"#3E4A89FF"},{"label":"19 hrs","value":9,"color":"#FDE725FF"},{"label":"20 hrs","value":6,"color":"#35B779FF"},{"label":"21 hrs","value":6,"color":"#35B779FF"},{"label":"22 hrs","value":7,"color":"#6DCD59FF"},{"label":"23 hrs","value":6,"color":"#35B779FF"}]},{"source":4,"target":7,"value":5000,"fill":"#BEBADA","supply":[{"label":"0 hrs","value":1,"color":"#482878FF"},{"label":"1 hrs","value":8,"color":"#B4DE2CFF"},{"label":"2 hrs","value":5,"color":"#1F9E89FF"},{"label":"3 hrs","value":5,"color":"#1F9E89FF"},{"label":"4 hrs","value":5,"color":"#1F9E89FF"},{"label":"5 hrs","value":7,"color":"#6DCD59FF"},{"label":"6 hrs","value":3,"color":"#31688EFF"},{"label":"7 hrs","value":3,"color":"#31688EFF"},{"label":"8 hrs","value":4,"color":"#26828EFF"},{"label":"9 hrs","value":7,"color":"#6DCD59FF"},{"label":"10 hrs","value":1,"color":"#482878FF"},{"label":"11 hrs","value":2,"color":"#3E4A89FF"},{"label":"12 hrs","value":4,"color":"#26828EFF"},{"label":"13 hrs","value":6,"color":"#35B779FF"},{"label":"14 hrs","value":8,"color":"#B4DE2CFF"},{"label":"15 hrs","value":4,"color":"#26828EFF"},{"label":"16 hrs","value":3,"color":"#31688EFF"},{"label":"17 hrs","value":9,"color":"#FDE725FF"},{"label":"18 hrs","value":2,"color":"#3E4A89FF"},{"label":"19 hrs","value":9,"color":"#FDE725FF"},{"label":"20 hrs","value":6,"color":"#35B779FF"},{"label":"21 hrs","value":6,"color":"#35B779FF"},{"label":"22 hrs","value":7,"color":"#6DCD59FF"},{"label":"23 hrs","value":6,"color":"#35B779FF"}]},{"source":4,"target":13,"value":1000,"fill":"#BEBADA","supply":[{"label":"0 hrs","value":1,"color":"#482878FF"},{"label":"1 hrs","value":8,"color":"#B4DE2CFF"},{"label":"2 hrs","value":5,"color":"#1F9E89FF"},{"label":"3 hrs","value":5,"color":"#1F9E89FF"},{"label":"4 hrs","value":5,"color":"#1F9E89FF"},{"label":"5 hrs","value":7,"color":"#6DCD59FF"},{"label":"6 hrs","value":3,"color":"#31688EFF"},{"label":"7 hrs","value":3,"color":"#31688EFF"},{"label":"8 hrs","value":4,"color":"#26828EFF"},{"label":"9 hrs","value":7,"color":"#6DCD59FF"},{"label":"10 hrs","value":1,"color":"#482878FF"},{"label":"11 hrs","value":2,"color":"#3E4A89FF"},{"label":"12 hrs","value":4,"color":"#26828EFF"},{"label":"13 hrs","value":6,"color":"#35B779FF"},{"label":"14 hrs","value":8,"color":"#B4DE2CFF"},{"label":"15 hrs","value":4,"color":"#26828EFF"},{"label":"16 hrs","value":3,"color":"#31688EFF"},{"label":"17 hrs","value":9,"color":"#FDE725FF"},{"label":"18 hrs","value":2,"color":"#3E4A89FF"},{"label":"19 hrs","value":9,"color":"#FDE725FF"},{"label":"20 hrs","value":6,"color":"#35B779FF"},{"label":"21 hrs","value":6,"color":"#35B779FF"},{"label":"22 hrs","value":7,"color":"#6DCD59FF"},{"label":"23 hrs","value":6,"color":"#35B779FF"}]},{"source":4,"target":1,"value":4000,"fill":"#BEBADA","supply":[{"label":"0 hrs","value":1,"color":"#482878FF"},{"label":"1 hrs","value":8,"color":"#B4DE2CFF"},{"label":"2 hrs","value":5,"color":"#1F9E89FF"},{"label":"3 hrs","value":5,"color":"#1F9E89FF"},{"label":"4 hrs","value":5,"color":"#1F9E89FF"},{"label":"5 hrs","value":7,"color":"#6DCD59FF"},{"label":"6 hrs","value":3,"color":"#31688EFF"},{"label":"7 hrs","value":3,"color":"#31688EFF"},{"label":"8 hrs","value":4,"color":"#26828EFF"},{"label":"9 hrs","value":7,"color":"#6DCD59FF"},{"label":"10 hrs","value":1,"color":"#482878FF"},{"label":"11 hrs","value":2,"color":"#3E4A89FF"},{"label":"12 hrs","value":4,"color":"#26828EFF"},{"label":"13 hrs","value":6,"color":"#35B779FF"},{"label":"14 hrs","value":8,"color":"#B4DE2CFF"},{"label":"15 hrs","value":4,"color":"#26828EFF"},{"label":"16 hrs","value":3,"color":"#31688EFF"},{"label":"17 hrs","value":9,"color":"#FDE725FF"},{"label":"18 hrs","value":2,"color":"#3E4A89FF"},{"label":"19 hrs","value":9,"color":"#FDE725FF"},{"label":"20 hrs","value":6,"color":"#35B779FF"},{"label":"21 hrs","value":6,"color":"#35B779FF"},{"label":"22 hrs","value":7,"color":"#6DCD59FF"},{"label":"23 hrs","value":6,"color":"#35B779FF"}]},{"source":4,"target":10,"value":1000,"fill":"#BEBADA","supply":[{"label":"0 hrs","value":1,"color":"#482878FF"},{"label":"1 hrs","value":8,"color":"#B4DE2CFF"},{"label":"2 hrs","value":5,"color":"#1F9E89FF"},{"label":"3 hrs","value":5,"color":"#1F9E89FF"},{"label":"4 hrs","value":5,"color":"#1F9E89FF"},{"label":"5 hrs","value":7,"color":"#6DCD59FF"},{"label":"6 hrs","value":3,"color":"#31688EFF"},{"label":"7 hrs","value":3,"color":"#31688EFF"},{"label":"8 hrs","value":4,"color":"#26828EFF"},{"label":"9 hrs","value":7,"color":"#6DCD59FF"},{"label":"10 hrs","value":1,"color":"#482878FF"},{"label":"11 hrs","value":2,"color":"#3E4A89FF"},{"label":"12 hrs","value":4,"color":"#26828EFF"},{"label":"13 hrs","value":6,"color":"#35B779FF"},{"label":"14 hrs","value":8,"color":"#B4DE2CFF"},{"label":"15 hrs","value":4,"color":"#26828EFF"},{"label":"16 hrs","value":3,"color":"#31688EFF"},{"label":"17 hrs","value":9,"color":"#FDE725FF"},{"label":"18 hrs","value":2,"color":"#3E4A89FF"},{"label":"19 hrs","value":9,"color":"#FDE725FF"},{"label":"20 hrs","value":6,"color":"#35B779FF"},{"label":"21 hrs","value":6,"color":"#35B779FF"},{"label":"22 hrs","value":7,"color":"#6DCD59FF"},{"label":"23 hrs","value":6,"color":"#35B779FF"}]},{"source":4,"target":11,"value":1000,"fill":"#BEBADA","supply":[{"label":"0 hrs","value":1,"color":"#482878FF"},{"label":"1 hrs","value":8,"color":"#B4DE2CFF"},{"label":"2 hrs","value":5,"color":"#1F9E89FF"},{"label":"3 hrs","value":5,"color":"#1F9E89FF"},{"label":"4 hrs","value":5,"color":"#1F9E89FF"},{"label":"5 hrs","value":7,"color":"#6DCD59FF"},{"label":"6 hrs","value":3,"color":"#31688EFF"},{"label":"7 hrs","value":3,"color":"#31688EFF"},{"label":"8 hrs","value":4,"color":"#26828EFF"},{"label":"9 hrs","value":7,"color":"#6DCD59FF"},{"label":"10 hrs","value":1,"color":"#482878FF"},{"label":"11 hrs","value":2,"color":"#3E4A89FF"},{"label":"12 hrs","value":4,"color":"#26828EFF"},{"label":"13 hrs","value":6,"color":"#35B779FF"},{"label":"14 hrs","value":8,"color":"#B4DE2CFF"},{"label":"15 hrs","value":4,"color":"#26828EFF"},{"label":"16 hrs","value":3,"color":"#31688EFF"},{"label":"17 hrs","value":9,"color":"#FDE725FF"},{"label":"18 hrs","value":2,"color":"#3E4A89FF"},{"label":"19 hrs","value":9,"color":"#FDE725FF"},{"label":"20 hrs","value":6,"color":"#35B779FF"},{"label":"21 hrs","value":6,"color":"#35B779FF"},{"label":"22 hrs","value":7,"color":"#6DCD59FF"},{"label":"23 hrs","value":6,"color":"#35B779FF"}]},{"source":5,"target":10,"value":1000,"fill":"#B3DE69","supply":[{"label":"0 hrs","value":1,"color":"#482878FF"},{"label":"1 hrs","value":8,"color":"#B4DE2CFF"},{"label":"2 hrs","value":5,"color":"#1F9E89FF"},{"label":"3 hrs","value":5,"color":"#1F9E89FF"},{"label":"4 hrs","value":5,"color":"#1F9E89FF"},{"label":"5 hrs","value":7,"color":"#6DCD59FF"},{"label":"6 hrs","value":3,"color":"#31688EFF"},{"label":"7 hrs","value":3,"color":"#31688EFF"},{"label":"8 hrs","value":4,"color":"#26828EFF"},{"label":"9 hrs","value":7,"color":"#6DCD59FF"},{"label":"10 hrs","value":1,"color":"#482878FF"},{"label":"11 hrs","value":2,"color":"#3E4A89FF"},{"label":"12 hrs","value":4,"color":"#26828EFF"},{"label":"13 hrs","value":6,"color":"#35B779FF"},{"label":"14 hrs","value":8,"color":"#B4DE2CFF"},{"label":"15 hrs","value":4,"color":"#26828EFF"},{"label":"16 hrs","value":3,"color":"#31688EFF"},{"label":"17 hrs","value":9,"color":"#FDE725FF"},{"label":"18 hrs","value":2,"color":"#3E4A89FF"},{"label":"19 hrs","value":9,"color":"#FDE725FF"},{"label":"20 hrs","value":6,"color":"#35B779FF"},{"label":"21 hrs","value":6,"color":"#35B779FF"},{"label":"22 hrs","value":7,"color":"#6DCD59FF"},{"label":"23 hrs","value":6,"color":"#35B779FF"}]},{"source":6,"target":10,"value":500,"fill":"#BEBADA","supply":[{"label":"0 hrs","value":1,"color":"#482878FF"},{"label":"1 hrs","value":8,"color":"#B4DE2CFF"},{"label":"2 hrs","value":5,"color":"#1F9E89FF"},{"label":"3 hrs","value":5,"color":"#1F9E89FF"},{"label":"4 hrs","value":5,"color":"#1F9E89FF"},{"label":"5 hrs","value":7,"color":"#6DCD59FF"},{"label":"6 hrs","value":3,"color":"#31688EFF"},{"label":"7 hrs","value":3,"color":"#31688EFF"},{"label":"8 hrs","value":4,"color":"#26828EFF"},{"label":"9 hrs","value":7,"color":"#6DCD59FF"},{"label":"10 hrs","value":1,"color":"#482878FF"},{"label":"11 hrs","value":2,"color":"#3E4A89FF"},{"label":"12 hrs","value":4,"color":"#26828EFF"},{"label":"13 hrs","value":6,"color":"#35B779FF"},{"label":"14 hrs","value":8,"color":"#B4DE2CFF"},{"label":"15 hrs","value":4,"color":"#26828EFF"},{"label":"16 hrs","value":3,"color":"#31688EFF"},{"label":"17 hrs","value":9,"color":"#FDE725FF"},{"label":"18 hrs","value":2,"color":"#3E4A89FF"},{"label":"19 hrs","value":9,"color":"#FDE725FF"},{"label":"20 hrs","value":6,"color":"#35B779FF"},{"label":"21 hrs","value":6,"color":"#35B779FF"},{"label":"22 hrs","value":7,"color":"#6DCD59FF"},{"label":"23 hrs","value":6,"color":"#35B779FF"}]},{"source":6,"target":5,"value":500,"fill":"#BEBADA","supply":[{"label":"0 hrs","value":1,"color":"#482878FF"},{"label":"1 hrs","value":8,"color":"#B4DE2CFF"},{"label":"2 hrs","value":5,"color":"#1F9E89FF"},{"label":"3 hrs","value":5,"color":"#1F9E89FF"},{"label":"4 hrs","value":5,"color":"#1F9E89FF"},{"label":"5 hrs","value":7,"color":"#6DCD59FF"},{"label":"6 hrs","value":3,"color":"#31688EFF"},{"label":"7 hrs","value":3,"color":"#31688EFF"},{"label":"8 hrs","value":4,"color":"#26828EFF"},{"label":"9 hrs","value":7,"color":"#6DCD59FF"},{"label":"10 hrs","value":1,"color":"#482878FF"},{"label":"11 hrs","value":2,"color":"#3E4A89FF"},{"label":"12 hrs","value":4,"color":"#26828EFF"},{"label":"13 hrs","value":6,"color":"#35B779FF"},{"label":"14 hrs","value":8,"color":"#B4DE2CFF"},{"label":"15 hrs","value":4,"color":"#26828EFF"},{"label":"16 hrs","value":3,"color":"#31688EFF"},{"label":"17 hrs","value":9,"color":"#FDE725FF"},{"label":"18 hrs","value":2,"color":"#3E4A89FF"},{"label":"19 hrs","value":9,"color":"#FDE725FF"},{"label":"20 hrs","value":6,"color":"#35B779FF"},{"label":"21 hrs","value":6,"color":"#35B779FF"},{"label":"22 hrs","value":7,"color":"#6DCD59FF"},{"label":"23 hrs","value":6,"color":"#35B779FF"}]},{"source":7,"target":11,"value":1000,"fill":"#BEBADA","supply":[{"label":"0 hrs","value":1,"color":"#482878FF"},{"label":"1 hrs","value":8,"color":"#B4DE2CFF"},{"label":"2 hrs","value":5,"color":"#1F9E89FF"},{"label":"3 hrs","value":5,"color":"#1F9E89FF"},{"label":"4 hrs","value":5,"color":"#1F9E89FF"},{"label":"5 hrs","value":7,"color":"#6DCD59FF"},{"label":"6 hrs","value":3,"color":"#31688EFF"},{"label":"7 hrs","value":3,"color":"#31688EFF"},{"label":"8 hrs","value":4,"color":"#26828EFF"},{"label":"9 hrs","value":7,"color":"#6DCD59FF"},{"label":"10 hrs","value":1,"color":"#482878FF"},{"label":"11 hrs","value":2,"color":"#3E4A89FF"},{"label":"12 hrs","value":4,"color":"#26828EFF"},{"label":"13 hrs","value":6,"color":"#35B779FF"},{"label":"14 hrs","value":8,"color":"#B4DE2CFF"},{"label":"15 hrs","value":4,"color":"#26828EFF"},{"label":"16 hrs","value":3,"color":"#31688EFF"},{"label":"17 hrs","value":9,"color":"#FDE725FF"},{"label":"18 hrs","value":2,"color":"#3E4A89FF"},{"label":"19 hrs","value":9,"color":"#FDE725FF"},{"label":"20 hrs","value":6,"color":"#35B779FF"},{"label":"21 hrs","value":6,"color":"#35B779FF"},{"label":"22 hrs","value":7,"color":"#6DCD59FF"},{"label":"23 hrs","value":6,"color":"#35B779FF"}]},{"source":7,"target":14,"value":1000,"fill":"#BEBADA","supply":[{"label":"0 hrs","value":1,"color":"#482878FF"},{"label":"1 hrs","value":8,"color":"#B4DE2CFF"},{"label":"2 hrs","value":5,"color":"#1F9E89FF"},{"label":"3 hrs","value":5,"color":"#1F9E89FF"},{"label":"4 hrs","value":5,"color":"#1F9E89FF"},{"label":"5 hrs","value":7,"color":"#6DCD59FF"},{"label":"6 hrs","value":3,"color":"#31688EFF"},{"label":"7 hrs","value":3,"color":"#31688EFF"},{"label":"8 hrs","value":4,"color":"#26828EFF"},{"label":"9 hrs","value":7,"color":"#6DCD59FF"},{"label":"10 hrs","value":1,"color":"#482878FF"},{"label":"11 hrs","value":2,"color":"#3E4A89FF"},{"label":"12 hrs","value":4,"color":"#26828EFF"},{"label":"13 hrs","value":6,"color":"#35B779FF"},{"label":"14 hrs","value":8,"color":"#B4DE2CFF"},{"label":"15 hrs","value":4,"color":"#26828EFF"},{"label":"16 hrs","value":3,"color":"#31688EFF"},{"label":"17 hrs","value":9,"color":"#FDE725FF"},{"label":"18 hrs","value":2,"color":"#3E4A89FF"},{"label":"19 hrs","value":9,"color":"#FDE725FF"},{"label":"20 hrs","value":6,"color":"#35B779FF"},{"label":"21 hrs","value":6,"color":"#35B779FF"},{"label":"22 hrs","value":7,"color":"#6DCD59FF"},{"label":"23 hrs","value":6,"color":"#35B779FF"}]},{"source":7,"target":10,"value":1000,"fill":"#8DD3C7","supply":[{"label":"0 hrs","value":1,"color":"#482878FF"},{"label":"1 hrs","value":8,"color":"#B4DE2CFF"},{"label":"2 hrs","value":5,"color":"#1F9E89FF"},{"label":"3 hrs","value":5,"color":"#1F9E89FF"},{"label":"4 hrs","value":5,"color":"#1F9E89FF"},{"label":"5 hrs","value":7,"color":"#6DCD59FF"},{"label":"6 hrs","value":3,"color":"#31688EFF"},{"label":"7 hrs","value":3,"color":"#31688EFF"},{"label":"8 hrs","value":4,"color":"#26828EFF"},{"label":"9 hrs","value":7,"color":"#6DCD59FF"},{"label":"10 hrs","value":1,"color":"#482878FF"},{"label":"11 hrs","value":2,"color":"#3E4A89FF"},{"label":"12 hrs","value":4,"color":"#26828EFF"},{"label":"13 hrs","value":6,"color":"#35B779FF"},{"label":"14 hrs","value":8,"color":"#B4DE2CFF"},{"label":"15 hrs","value":4,"color":"#26828EFF"},{"label":"16 hrs","value":3,"color":"#31688EFF"},{"label":"17 hrs","value":9,"color":"#FDE725FF"},{"label":"18 hrs","value":2,"color":"#3E4A89FF"},{"label":"19 hrs","value":9,"color":"#FDE725FF"},{"label":"20 hrs","value":6,"color":"#35B779FF"},{"label":"21 hrs","value":6,"color":"#35B779FF"},{"label":"22 hrs","value":7,"color":"#6DCD59FF"},{"label":"23 hrs","value":6,"color":"#35B779FF"}]},{"source":7,"target":10,"value":1000,"fill":"#FCC5C0","supply":[{"label":"0 hrs","value":1,"color":"#482878FF"},{"label":"1 hrs","value":8,"color":"#B4DE2CFF"},{"label":"2 hrs","value":5,"color":"#1F9E89FF"},{"label":"3 hrs","value":5,"color":"#1F9E89FF"},{"label":"4 hrs","value":5,"color":"#1F9E89FF"},{"label":"5 hrs","value":7,"color":"#6DCD59FF"},{"label":"6 hrs","value":3,"color":"#31688EFF"},{"label":"7 hrs","value":3,"color":"#31688EFF"},{"label":"8 hrs","value":4,"color":"#26828EFF"},{"label":"9 hrs","value":7,"color":"#6DCD59FF"},{"label":"10 hrs","value":1,"color":"#482878FF"},{"label":"11 hrs","value":2,"color":"#3E4A89FF"},{"label":"12 hrs","value":4,"color":"#26828EFF"},{"label":"13 hrs","value":6,"color":"#35B779FF"},{"label":"14 hrs","value":8,"color":"#B4DE2CFF"},{"label":"15 hrs","value":4,"color":"#26828EFF"},{"label":"16 hrs","value":3,"color":"#31688EFF"},{"label":"17 hrs","value":9,"color":"#FDE725FF"},{"label":"18 hrs","value":2,"color":"#3E4A89FF"},{"label":"19 hrs","value":9,"color":"#FDE725FF"},{"label":"20 hrs","value":6,"color":"#35B779FF"},{"label":"21 hrs","value":6,"color":"#35B779FF"},{"label":"22 hrs","value":7,"color":"#6DCD59FF"},{"label":"23 hrs","value":6,"color":"#35B779FF"}]},{"source":7,"target":15,"value":1000,"fill":"#BEBADA","supply":[{"label":"0 hrs","value":1,"color":"#482878FF"},{"label":"1 hrs","value":8,"color":"#B4DE2CFF"},{"label":"2 hrs","value":5,"color":"#1F9E89FF"},{"label":"3 hrs","value":5,"color":"#1F9E89FF"},{"label":"4 hrs","value":5,"color":"#1F9E89FF"},{"label":"5 hrs","value":7,"color":"#6DCD59FF"},{"label":"6 hrs","value":3,"color":"#31688EFF"},{"label":"7 hrs","value":3,"color":"#31688EFF"},{"label":"8 hrs","value":4,"color":"#26828EFF"},{"label":"9 hrs","value":7,"color":"#6DCD59FF"},{"label":"10 hrs","value":1,"color":"#482878FF"},{"label":"11 hrs","value":2,"color":"#3E4A89FF"},{"label":"12 hrs","value":4,"color":"#26828EFF"},{"label":"13 hrs","value":6,"color":"#35B779FF"},{"label":"14 hrs","value":8,"color":"#B4DE2CFF"},{"label":"15 hrs","value":4,"color":"#26828EFF"},{"label":"16 hrs","value":3,"color":"#31688EFF"},{"label":"17 hrs","value":9,"color":"#FDE725FF"},{"label":"18 hrs","value":2,"color":"#3E4A89FF"},{"label":"19 hrs","value":9,"color":"#FDE725FF"},{"label":"20 hrs","value":6,"color":"#35B779FF"},{"label":"21 hrs","value":6,"color":"#35B779FF"},{"label":"22 hrs","value":7,"color":"#6DCD59FF"},{"label":"23 hrs","value":6,"color":"#35B779FF"}]},{"source":8,"target":10,"value":1000,"fill":"#BEBADA","supply":[{"label":"0 hrs","value":1,"color":"#482878FF"},{"label":"1 hrs","value":8,"color":"#B4DE2CFF"},{"label":"2 hrs","value":5,"color":"#1F9E89FF"},{"label":"3 hrs","value":5,"color":"#1F9E89FF"},{"label":"4 hrs","value":5,"color":"#1F9E89FF"},{"label":"5 hrs","value":7,"color":"#6DCD59FF"},{"label":"6 hrs","value":3,"color":"#31688EFF"},{"label":"7 hrs","value":3,"color":"#31688EFF"},{"label":"8 hrs","value":4,"color":"#26828EFF"},{"label":"9 hrs","value":7,"color":"#6DCD59FF"},{"label":"10 hrs","value":1,"color":"#482878FF"},{"label":"11 hrs","value":2,"color":"#3E4A89FF"},{"label":"12 hrs","value":4,"color":"#26828EFF"},{"label":"13 hrs","value":6,"color":"#35B779FF"},{"label":"14 hrs","value":8,"color":"#B4DE2CFF"},{"label":"15 hrs","value":4,"color":"#26828EFF"},{"label":"16 hrs","value":3,"color":"#31688EFF"},{"label":"17 hrs","value":9,"color":"#FDE725FF"},{"label":"18 hrs","value":2,"color":"#3E4A89FF"},{"label":"19 hrs","value":9,"color":"#FDE725FF"},{"label":"20 hrs","value":6,"color":"#35B779FF"},{"label":"21 hrs","value":6,"color":"#35B779FF"},{"label":"22 hrs","value":7,"color":"#6DCD59FF"},{"label":"23 hrs","value":6,"color":"#35B779FF"}]},{"source":9,"target":10,"value":1000,"fill":"#BEBADA","supply":[{"label":"0 hrs","value":1,"color":"#482878FF"},{"label":"1 hrs","value":8,"color":"#B4DE2CFF"},{"label":"2 hrs","value":5,"color":"#1F9E89FF"},{"label":"3 hrs","value":5,"color":"#1F9E89FF"},{"label":"4 hrs","value":5,"color":"#1F9E89FF"},{"label":"5 hrs","value":7,"color":"#6DCD59FF"},{"label":"6 hrs","value":3,"color":"#31688EFF"},{"label":"7 hrs","value":3,"color":"#31688EFF"},{"label":"8 hrs","value":4,"color":"#26828EFF"},{"label":"9 hrs","value":7,"color":"#6DCD59FF"},{"label":"10 hrs","value":1,"color":"#482878FF"},{"label":"11 hrs","value":2,"color":"#3E4A89FF"},{"label":"12 hrs","value":4,"color":"#26828EFF"},{"label":"13 hrs","value":6,"color":"#35B779FF"},{"label":"14 hrs","value":8,"color":"#B4DE2CFF"},{"label":"15 hrs","value":4,"color":"#26828EFF"},{"label":"16 hrs","value":3,"color":"#31688EFF"},{"label":"17 hrs","value":9,"color":"#FDE725FF"},{"label":"18 hrs","value":2,"color":"#3E4A89FF"},{"label":"19 hrs","value":9,"color":"#FDE725FF"},{"label":"20 hrs","value":6,"color":"#35B779FF"},{"label":"21 hrs","value":6,"color":"#35B779FF"},{"label":"22 hrs","value":7,"color":"#6DCD59FF"},{"label":"23 hrs","value":6,"color":"#35B779FF"}]}]}