{"nodes":[{"layer":0,"name":"IVR","fill":"#FFFFFF"},{"layer":1,"name":"CMC","fill":"#FFFFFF"},{"layer":1,"name":"Worsening Condition","fill":"#FFFFFF"},{"layer":1,"name":"InHealth COVID Call Response","fill":"#FFFFFF"},{"layer":1,"name":"SMILE","fill":"#FFFFFF"},{"layer":2,"name":"Dental","fill":"#FFFFFF"},{"layer":3,"name":"LAS Covid Response DST","fill":"#FFFFFF"},{"layer":3,"name":"Starline","fill":"#FFFFFF"},{"layer":3,"name":"Admin Caller","fill":"#FFFFFF"},{"layer":5,"name":"Pathways DoS Referral","fill":"#FFFFFF"},{"layer":5,"name":"999","fill":"#FFFFFF"},{"layer":3,"name":"Abandoned Calls","fill":"#FFFFFF"},{"layer":4,"name":"Covid-19 Hot Hub","fill":"#FFFFFF"},{"layer":4,"name":"Covid Cat. 3 Self-care","fill":"#FFFFFF"},{"layer":4,"name":"GP","fill":"#FFFFFF"}],"links":[{"source":3,"target":6,"value":5000,"fill":"#0000FFFF","supply":[{"l":"0 hrs","v":8},{"l":"1 hrs","v":2},{"l":"2 hrs","v":8},{"l":"3 hrs","v":5},{"l":"4 hrs","v":10},{"l":"5 hrs","v":2},{"l":"6 hrs","v":8},{"l":"7 hrs","v":0},{"l":"8 hrs","v":5},{"l":"9 hrs","v":5},{"l":"10 hrs","v":7},{"l":"11 hrs","v":7},{"l":"12 hrs","v":3},{"l":"13 hrs","v":9},{"l":"14 hrs","v":1},{"l":"15 hrs","v":1},{"l":"16 hrs","v":3},{"l":"17 hrs","v":1},{"l":"18 hrs","v":2},{"l":"19 hrs","v":7},{"l":"20 hrs","v":0},{"l":"21 hrs","v":9},{"l":"22 hrs","v":8},{"l":"23 hrs","v":10}]},{"source":3,"target":12,"value":1000,"fill":"#0000FFFF","supply":[{"l":"0 hrs","v":9},{"l":"1 hrs","v":1},{"l":"2 hrs","v":6},{"l":"3 hrs","v":7},{"l":"4 hrs","v":7},{"l":"5 hrs","v":1},{"l":"6 hrs","v":10},{"l":"7 hrs","v":7},{"l":"8 hrs","v":3},{"l":"9 hrs","v":1},{"l":"10 hrs","v":3},{"l":"11 hrs","v":7},{"l":"12 hrs","v":8},{"l":"13 hrs","v":4},{"l":"14 hrs","v":5},{"l":"15 hrs","v":4},{"l":"16 hrs","v":2},{"l":"17 hrs","v":0},{"l":"18 hrs","v":8},{"l":"19 hrs","v":6},{"l":"20 hrs","v":9},{"l":"21 hrs","v":8},{"l":"22 hrs","v":4},{"l":"23 hrs","v":4}]},{"source":6,"target":13,"value":1000,"fill":"#0000FFFF","supply":[{"l":"0 hrs","v":4},{"l":"1 hrs","v":7},{"l":"2 hrs","v":8},{"l":"3 hrs","v":6},{"l":"4 hrs","v":9},{"l":"5 hrs","v":9},{"l":"6 hrs","v":9},{"l":"7 hrs","v":9},{"l":"8 hrs","v":8},{"l":"9 hrs","v":6},{"l":"10 hrs","v":3},{"l":"11 hrs","v":0},{"l":"12 hrs","v":6},{"l":"13 hrs","v":9},{"l":"14 hrs","v":5},{"l":"15 hrs","v":5},{"l":"16 hrs","v":4},{"l":"17 hrs","v":9},{"l":"18 hrs","v":6},{"l":"19 hrs","v":8},{"l":"20 hrs","v":7},{"l":"21 hrs","v":4},{"l":"22 hrs","v":6},{"l":"23 hrs","v":4}]}]}