{"nodes":[{"layer":1,"name":"Health Advisor  HA ","fill":"#8C2D04","grouping":[{"label":"Health Advisor  HA ","value":1}]},{"layer":1,"name":"Clinical Advisor  CA ","fill":"#8C2D04","grouping":[{"label":"Clinical Advisor  CA ","value":1}]},{"layer":1,"name":"LAS 999 Callers  HCP5 ","fill":"#8C2D04","grouping":[{"label":"LAS 999 Callers  HCP5 ","value":1}]},{"layer":1,"name":"Care Home Callers  HCP6 ","fill":"#8C2D04","grouping":[{"label":"Care Home Callers  HCP6 ","value":1}]},{"layer":1,"name":"Rapid Response  HCP7 ","fill":"#8C2D04","grouping":[{"label":"Rapid Response  HCP7 ","value":1}]},{"layer":1,"name":"Worsening  HAW ","fill":"#8C2D04","grouping":[{"label":"Worsening  HAW ","value":1}]},{"layer":1,"name":"Admin","fill":"#8C2D04","grouping":[{"label":"Admin","value":1}]},{"layer":1,"name":"Dental","fill":"#8C2D04","grouping":[{"label":"Dental","value":1}]},{"layer":1,"name":"No Destination Call Type","fill":"#8C2D04","grouping":[{"label":"No Destination Call Type","value":1}]},{"layer":1,"name":"Other","fill":"#8C2D04","grouping":[{"label":"Other","value":1}]},{"layer":1,"name":"Dental","fill":"#8C2D04","grouping":[{"label":"Dental","value":1}]},{"layer":2,"name":"InHealth","fill":"#D94801","grouping":[{"label":"InHealth","value":1}]},{"layer":2,"name":"SEL 111","fill":"#D94801","grouping":[{"label":"PRM","value":1}]},{"layer":1,"name":"111 Online","fill":"#D94801","grouping":[{"label":"111 Online","value":1}]},{"layer":3,"name":"Pathways GP/OLC Clinician","fill":"#F16913","grouping":[{"label":"Pathways GP/OLC Clinician","value":1}]},{"layer":3,"name":"Health Advisor","fill":"#F16913","grouping":[{"label":"Health Advisor","value":1}]},{"layer":3,"name":"Pathways Clinician","fill":"#F16913","grouping":[{"label":"Pathways Clinician","value":1}]},{"layer":5,"name":"Health Advisor","fill":"#FD8D3C","grouping":[{"label":"Health Advisor","value":1}]},{"layer":5,"name":"Pathways Clinician","fill":"#FD8D3C","grouping":[{"label":"Pathways Clinician","value":1}]},{"layer":5,"name":"Pathways GP/OLC Clinician","fill":"#FD8D3C","grouping":[{"label":"Pathways GP/OLC Clinician","value":1}]},{"layer":6,"name":"ED","fill":"#FDAE6B","grouping":[{"label":"Emergency Department (ED)","value":1}]},{"layer":6,"name":"GP/GP Extended Hours/GP Choice/Hub","fill":"#FDAE6B","grouping":[{"label":"GP Practice","value":1}]},{"layer":6,"name":"IUC CAS/Calls/Treatment","fill":"#FDAE6B","grouping":[{"label":"Integrated Urgent Care (IUC) Clinical Assessment Service (CAS)","value":1}]},{"layer":6,"name":"Specialist Services","fill":"#FDAE6B","grouping":[{"label":"(Capacity) Burns (B)","value":1}]}],"links":[{"source":0,"target":12,"value":1002,"fill":"#BEBADA","supply":[{"label":"00 hrs","value":7},{"label":"01 hrs","value":22},{"label":"02 hrs","value":20},{"label":"03 hrs","value":15},{"label":"04 hrs","value":13},{"label":"05 hrs","value":11},{"label":"06 hrs","value":20},{"label":"07 hrs","value":33},{"label":"08 hrs","value":57},{"label":"09 hrs","value":61},{"label":"10 hrs","value":62},{"label":"11 hrs","value":57},{"label":"12 hrs","value":69},{"label":"13 hrs","value":51},{"label":"14 hrs","value":54},{"label":"15 hrs","value":52},{"label":"16 hrs","value":53},{"label":"17 hrs","value":62},{"label":"18 hrs","value":65},{"label":"19 hrs","value":59},{"label":"20 hrs","value":50},{"label":"21 hrs","value":50},{"label":"22 hrs","value":31},{"label":"23 hrs","value":28}],"supplyDx":[{"label":"","value":0}],"supplyService":[{"label":"","value":0}],"supplyBook":[{"label":"","value":0}]},{"source":1,"target":12,"value":1,"fill":"#FCC5C0","supply":[{"label":"00 hrs","value":0},{"label":"01 hrs","value":0},{"label":"02 hrs","value":0},{"label":"03 hrs","value":0},{"label":"04 hrs","value":0},{"label":"05 hrs","value":0},{"label":"06 hrs","value":0},{"label":"07 hrs","value":0},{"label":"08 hrs","value":0},{"label":"09 hrs","value":0},{"label":"10 hrs","value":0},{"label":"11 hrs","value":0},{"label":"12 hrs","value":0},{"label":"13 hrs","value":0},{"label":"14 hrs","value":0},{"label":"15 hrs","value":0},{"label":"16 hrs","value":0},{"label":"17 hrs","value":0},{"label":"18 hrs","value":0},{"label":"19 hrs","value":0},{"label":"20 hrs","value":0},{"label":"21 hrs","value":0},{"label":"22 hrs","value":1},{"label":"23 hrs","value":0}],"supplyDx":[{"label":"","value":0}],"supplyService":[{"label":"","value":0}],"supplyBook":[{"label":"","value":0}]},{"source":2,"target":12,"value":9,"fill":"#8DD3C7","supply":[{"label":"00 hrs","value":0},{"label":"01 hrs","value":0},{"label":"02 hrs","value":0},{"label":"03 hrs","value":0},{"label":"04 hrs","value":0},{"label":"05 hrs","value":0},{"label":"06 hrs","value":0},{"label":"07 hrs","value":1},{"label":"08 hrs","value":0},{"label":"09 hrs","value":0},{"label":"10 hrs","value":0},{"label":"11 hrs","value":0},{"label":"12 hrs","value":0},{"label":"13 hrs","value":1},{"label":"14 hrs","value":1},{"label":"15 hrs","value":0},{"label":"16 hrs","value":0},{"label":"17 hrs","value":1},{"label":"18 hrs","value":2},{"label":"19 hrs","value":0},{"label":"20 hrs","value":3},{"label":"21 hrs","value":0},{"label":"22 hrs","value":0},{"label":"23 hrs","value":0}],"supplyDx":[{"label":"","value":0}],"supplyService":[{"label":"","value":0}],"supplyBook":[{"label":"","value":0}]},{"source":3,"target":12,"value":4,"fill":"#8DD3C7","supply":[{"label":"00 hrs","value":0},{"label":"01 hrs","value":0},{"label":"02 hrs","value":0},{"label":"03 hrs","value":0},{"label":"04 hrs","value":0},{"label":"05 hrs","value":1},{"label":"06 hrs","value":0},{"label":"07 hrs","value":0},{"label":"08 hrs","value":0},{"label":"09 hrs","value":1},{"label":"10 hrs","value":0},{"label":"11 hrs","value":0},{"label":"12 hrs","value":0},{"label":"13 hrs","value":0},{"label":"14 hrs","value":0},{"label":"15 hrs","value":0},{"label":"16 hrs","value":0},{"label":"17 hrs","value":0},{"label":"18 hrs","value":0},{"label":"19 hrs","value":1},{"label":"20 hrs","value":0},{"label":"21 hrs","value":0},{"label":"22 hrs","value":0},{"label":"23 hrs","value":1}],"supplyDx":[{"label":"","value":0}],"supplyService":[{"label":"","value":0}],"supplyBook":[{"label":"","value":0}]},{"source":4,"target":12,"value":1,"fill":"#8DD3C7","supply":[{"label":"00 hrs","value":0},{"label":"01 hrs","value":0},{"label":"02 hrs","value":0},{"label":"03 hrs","value":0},{"label":"04 hrs","value":0},{"label":"05 hrs","value":0},{"label":"06 hrs","value":0},{"label":"07 hrs","value":0},{"label":"08 hrs","value":0},{"label":"09 hrs","value":0},{"label":"10 hrs","value":0},{"label":"11 hrs","value":0},{"label":"12 hrs","value":0},{"label":"13 hrs","value":0},{"label":"14 hrs","value":0},{"label":"15 hrs","value":0},{"label":"16 hrs","value":0},{"label":"17 hrs","value":0},{"label":"18 hrs","value":0},{"label":"19 hrs","value":1},{"label":"20 hrs","value":0},{"label":"21 hrs","value":0},{"label":"22 hrs","value":0},{"label":"23 hrs","value":0}],"supplyDx":[{"label":"","value":0}],"supplyService":[{"label":"","value":0}],"supplyBook":[{"label":"","value":0}]},{"source":5,"target":12,"value":37,"fill":"#A65628","supply":[{"label":"00 hrs","value":0},{"label":"01 hrs","value":0},{"label":"02 hrs","value":1},{"label":"03 hrs","value":0},{"label":"04 hrs","value":0},{"label":"05 hrs","value":1},{"label":"06 hrs","value":0},{"label":"07 hrs","value":3},{"label":"08 hrs","value":6},{"label":"09 hrs","value":5},{"label":"10 hrs","value":0},{"label":"11 hrs","value":5},{"label":"12 hrs","value":5},{"label":"13 hrs","value":2},{"label":"14 hrs","value":0},{"label":"15 hrs","value":1},{"label":"16 hrs","value":1},{"label":"17 hrs","value":3},{"label":"18 hrs","value":1},{"label":"19 hrs","value":1},{"label":"20 hrs","value":0},{"label":"21 hrs","value":0},{"label":"22 hrs","value":2},{"label":"23 hrs","value":0}],"supplyDx":[{"label":"","value":0}],"supplyService":[{"label":"","value":0}],"supplyBook":[{"label":"","value":0}]},{"source":6,"target":12,"value":103,"fill":"#FB8072","supply":[{"label":"00 hrs","value":0},{"label":"01 hrs","value":4},{"label":"02 hrs","value":0},{"label":"03 hrs","value":3},{"label":"04 hrs","value":2},{"label":"05 hrs","value":0},{"label":"06 hrs","value":0},{"label":"07 hrs","value":1},{"label":"08 hrs","value":2},{"label":"09 hrs","value":10},{"label":"10 hrs","value":8},{"label":"11 hrs","value":10},{"label":"12 hrs","value":8},{"label":"13 hrs","value":11},{"label":"14 hrs","value":4},{"label":"15 hrs","value":3},{"label":"16 hrs","value":7},{"label":"17 hrs","value":4},{"label":"18 hrs","value":3},{"label":"19 hrs","value":4},{"label":"20 hrs","value":2},{"label":"21 hrs","value":6},{"label":"22 hrs","value":7},{"label":"23 hrs","value":4}],"supplyDx":[{"label":"","value":0}],"supplyService":[{"label":"","value":0}],"supplyBook":[{"label":"","value":0}]},{"source":7,"target":12,"value":78,"fill":"#FF7F00","supply":[{"label":"00 hrs","value":0},{"label":"01 hrs","value":0},{"label":"02 hrs","value":2},{"label":"03 hrs","value":3},{"label":"04 hrs","value":0},{"label":"05 hrs","value":3},{"label":"06 hrs","value":1},{"label":"07 hrs","value":2},{"label":"08 hrs","value":4},{"label":"09 hrs","value":5},{"label":"10 hrs","value":3},{"label":"11 hrs","value":5},{"label":"12 hrs","value":4},{"label":"13 hrs","value":4},{"label":"14 hrs","value":2},{"label":"15 hrs","value":2},{"label":"16 hrs","value":4},{"label":"17 hrs","value":6},{"label":"18 hrs","value":7},{"label":"19 hrs","value":3},{"label":"20 hrs","value":5},{"label":"21 hrs","value":6},{"label":"22 hrs","value":5},{"label":"23 hrs","value":2}],"supplyDx":[{"label":"","value":0}],"supplyService":[{"label":"","value":0}],"supplyBook":[{"label":"","value":0}]},{"source":8,"target":12,"value":825,"fill":"#BEBADA","supply":[{"label":"00 hrs","value":16},{"label":"01 hrs","value":4},{"label":"02 hrs","value":3},{"label":"03 hrs","value":3},{"label":"04 hrs","value":7},{"label":"05 hrs","value":5},{"label":"06 hrs","value":7},{"label":"07 hrs","value":15},{"label":"08 hrs","value":56},{"label":"09 hrs","value":81},{"label":"10 hrs","value":89},{"label":"11 hrs","value":88},{"label":"12 hrs","value":73},{"label":"13 hrs","value":59},{"label":"14 hrs","value":63},{"label":"15 hrs","value":54},{"label":"16 hrs","value":34},{"label":"17 hrs","value":36},{"label":"18 hrs","value":34},{"label":"19 hrs","value":30},{"label":"20 hrs","value":22},{"label":"21 hrs","value":20},{"label":"22 hrs","value":19},{"label":"23 hrs","value":7}],"supplyDx":[{"label":"","value":0}],"supplyService":[{"label":"","value":0}],"supplyBook":[{"label":"","value":0}]},{"source":10,"target":11,"value":720,"fill":"#BEBADA","supply":[{"label":"00 hrs","value":0},{"label":"01 hrs","value":0},{"label":"02 hrs","value":0},{"label":"03 hrs","value":0},{"label":"04 hrs","value":0},{"label":"05 hrs","value":0},{"label":"06 hrs","value":0},{"label":"07 hrs","value":0},{"label":"08 hrs","value":34},{"label":"09 hrs","value":56},{"label":"10 hrs","value":55},{"label":"11 hrs","value":51},{"label":"12 hrs","value":57},{"label":"13 hrs","value":46},{"label":"14 hrs","value":45},{"label":"15 hrs","value":45},{"label":"16 hrs","value":47},{"label":"17 hrs","value":47},{"label":"18 hrs","value":50},{"label":"19 hrs","value":52},{"label":"20 hrs","value":40},{"label":"21 hrs","value":45},{"label":"22 hrs","value":27},{"label":"23 hrs","value":23}],"supplyDx":[{"label":"","value":0}],"supplyService":[{"label":"","value":0}],"supplyBook":[{"label":"","value":0}]},{"source":10,"target":11,"value":53,"fill":"#FF7F00","supply":[{"label":"00 hrs","value":0},{"label":"01 hrs","value":0},{"label":"02 hrs","value":0},{"label":"03 hrs","value":0},{"label":"04 hrs","value":0},{"label":"05 hrs","value":0},{"label":"06 hrs","value":0},{"label":"07 hrs","value":0},{"label":"08 hrs","value":0},{"label":"09 hrs","value":0},{"label":"10 hrs","value":0},{"label":"11 hrs","value":2},{"label":"12 hrs","value":5},{"label":"13 hrs","value":3},{"label":"14 hrs","value":2},{"label":"15 hrs","value":2},{"label":"16 hrs","value":4},{"label":"17 hrs","value":6},{"label":"18 hrs","value":7},{"label":"19 hrs","value":4},{"label":"20 hrs","value":5},{"label":"21 hrs","value":6},{"label":"22 hrs","value":5},{"label":"23 hrs","value":2}],"supplyDx":[{"label":"","value":0}],"supplyService":[{"label":"","value":0}],"supplyBook":[{"label":"","value":0}]},{"source":13,"target":12,"value":2,"fill":"#BEBADA","supply":[{"label":"00 hrs","value":1},{"label":"17 hrs","value":1}],"supplyDx":[{"label":"Dx391","value":1}],"supplyService":[{"label":"","value":1}],"supplyBook":[{"label":"FALSE","value":1}]},{"source":12,"target":15,"value":4,"fill":"#FCC5C0","supply":[{"label":"10 hrs","value":1},{"label":"11 hrs","value":1},{"label":"19 hrs","value":1},{"label":"21 hrs","value":1}],"supplyDx":[{"label":"Dx01125","value":3},{"label":"Dx1112","value":1}],"supplyService":[{"label":"","value":3},{"label":"Integrated Urgent Care (IUC) NHS 111 Call Handling Provider","value":1}],"supplyBook":[{"label":"FALSE","value":4}]},{"source":12,"target":15,"value":3,"fill":"#8DD3C7","supply":[{"label":"01 hrs","value":1},{"label":"02 hrs","value":1},{"label":"20 hrs","value":1}],"supplyDx":[{"label":"Dx1113","value":1},{"label":"Dx76","value":2}],"supplyService":[{"label":"","value":2},{"label":"Integrated Urgent Care (IUC) Treatment Service","value":1}],"supplyBook":[{"label":"FALSE","value":3}]},{"source":12,"target":15,"value":329,"fill":"#BEBADA","supply":[{"label":"00 hrs","value":4},{"label":"01 hrs","value":9},{"label":"02 hrs","value":4},{"label":"03 hrs","value":7},{"label":"04 hrs","value":11},{"label":"05 hrs","value":5},{"label":"06 hrs","value":6},{"label":"07 hrs","value":4},{"label":"08 hrs","value":14},{"label":"09 hrs","value":24},{"label":"10 hrs","value":21},{"label":"11 hrs","value":28},{"label":"12 hrs","value":22},{"label":"13 hrs","value":16},{"label":"14 hrs","value":19},{"label":"15 hrs","value":22},{"label":"16 hrs","value":14},{"label":"17 hrs","value":16},{"label":"18 hrs","value":18},{"label":"19 hrs","value":14},{"label":"20 hrs","value":16},{"label":"21 hrs","value":15},{"label":"22 hrs","value":8},{"label":"23 hrs","value":12}],"supplyDx":[{"label":"","value":1},{"label":"Dx01125","value":66},{"label":"Dx01214","value":13},{"label":"Dx05","value":1},{"label":"Dx07","value":1},{"label":"Dx106","value":4},{"label":"Dx108","value":1},{"label":"Dx11","value":1},{"label":"Dx1112","value":14},{"label":"Dx1113","value":35},{"label":"Dx1114","value":16},{"label":"Dx1115","value":74},{"label":"Dx1116","value":18},{"label":"Dx14","value":1},{"label":"Dx32","value":4},{"label":"Dx323","value":1},{"label":"Dx324","value":2},{"label":"Dx333","value":25},{"label":"Dx334","value":3},{"label":"Dx335","value":4},{"label":"Dx339","value":12},{"label":"Dx391","value":30},{"label":"Dx93","value":2}],"supplyService":[{"label":"","value":176},{"label":"Emergency Department (ED)","value":1},{"label":"GP Practice","value":5},{"label":"GP Practice Extended Hours","value":5},{"label":"Integrated Urgent Care (IUC) Clinical Assessment Service (CAS)","value":26},{"label":"Integrated Urgent Care (IUC) NHS 111 Call Handling Provider","value":54},{"label":"Integrated Urgent Care (IUC) Treatment Service","value":50},{"label":"Intermediate Care","value":12}],"supplyBook":[{"label":"FALSE","value":328},{"label":"TRUE","value":1}]},{"source":12,"target":16,"value":2,"fill":"#BEBADA","supply":[{"label":"00 hrs","value":1},{"label":"01 hrs","value":1}],"supplyDx":[{"label":"","value":2}],"supplyService":[{"label":"GP Practice","value":1},{"label":"Integrated Urgent Care (IUC) Treatment Service","value":1}],"supplyBook":[{"label":"FALSE","value":2}]},{"source":12,"target":14,"value":61,"fill":"#BEBADA","supply":[{"label":"00 hrs","value":1},{"label":"06 hrs","value":1},{"label":"07 hrs","value":1},{"label":"08 hrs","value":2},{"label":"09 hrs","value":4},{"label":"10 hrs","value":2},{"label":"11 hrs","value":2},{"label":"12 hrs","value":3},{"label":"13 hrs","value":6},{"label":"14 hrs","value":4},{"label":"15 hrs","value":7},{"label":"16 hrs","value":3},{"label":"17 hrs","value":6},{"label":"18 hrs","value":2},{"label":"19 hrs","value":6},{"label":"20 hrs","value":3},{"label":"21 hrs","value":5},{"label":"22 hrs","value":1},{"label":"23 hrs","value":2}],"supplyDx":[{"label":"Dx01125","value":6},{"label":"Dx01214","value":4},{"label":"Dx1113","value":18},{"label":"Dx1114","value":1},{"label":"Dx1115","value":1},{"label":"Dx391","value":31}],"supplyService":[{"label":"","value":44},{"label":"Integrated Urgent Care (IUC) Treatment Service","value":13},{"label":"Intermediate Care","value":4}],"supplyBook":[{"label":"FALSE","value":61}]},{"source":15,"target":17,"value":4,"fill":"#FCC5C0","supply":[{"label":"10 hrs","value":1},{"label":"11 hrs","value":1},{"label":"19 hrs","value":1},{"label":"21 hrs","value":1}],"supplyDx":[{"label":"Dx01125","value":3},{"label":"Dx1112","value":1}],"supplyService":[{"label":"","value":3},{"label":"Integrated Urgent Care (IUC) NHS 111 Call Handling Provider","value":1}],"supplyBook":[{"label":"FALSE","value":4}]},{"source":15,"target":17,"value":1,"fill":"#8DD3C7","supply":[{"label":"02 hrs","value":1}],"supplyDx":[{"label":"Dx1113","value":1}],"supplyService":[{"label":"Integrated Urgent Care (IUC) Treatment Service","value":1}],"supplyBook":[{"label":"FALSE","value":1}]},{"source":15,"target":19,"value":2,"fill":"#8DD3C7","supply":[{"label":"01 hrs","value":1},{"label":"20 hrs","value":1}],"supplyDx":[{"label":"Dx01125","value":2}],"supplyService":[{"label":"","value":2}],"supplyBook":[{"label":"FALSE","value":2}]},{"source":15,"target":17,"value":220,"fill":"#BEBADA","supply":[{"label":"00 hrs","value":2},{"label":"01 hrs","value":5},{"label":"02 hrs","value":1},{"label":"03 hrs","value":4},{"label":"04 hrs","value":7},{"label":"05 hrs","value":4},{"label":"06 hrs","value":4},{"label":"07 hrs","value":2},{"label":"08 hrs","value":8},{"label":"09 hrs","value":13},{"label":"10 hrs","value":11},{"label":"11 hrs","value":20},{"label":"12 hrs","value":14},{"label":"13 hrs","value":8},{"label":"14 hrs","value":15},{"label":"15 hrs","value":16},{"label":"16 hrs","value":12},{"label":"17 hrs","value":12},{"label":"18 hrs","value":12},{"label":"19 hrs","value":11},{"label":"20 hrs","value":12},{"label":"21 hrs","value":11},{"label":"22 hrs","value":7},{"label":"23 hrs","value":9}],"supplyDx":[{"label":"","value":1},{"label":"Dx01125","value":66},{"label":"Dx01214","value":13},{"label":"Dx108","value":1},{"label":"Dx1112","value":6},{"label":"Dx1113","value":27},{"label":"Dx1114","value":7},{"label":"Dx1115","value":56},{"label":"Dx1116","value":10},{"label":"Dx333","value":1},{"label":"Dx391","value":30},{"label":"Dx93","value":2}],"supplyService":[{"label":"","value":112},{"label":"GP Practice","value":3},{"label":"GP Practice Extended Hours","value":5},{"label":"Integrated Urgent Care (IUC) Clinical Assessment Service (CAS)","value":24},{"label":"Integrated Urgent Care (IUC) NHS 111 Call Handling Provider","value":54},{"label":"Integrated Urgent Care (IUC) Treatment Service","value":17},{"label":"Intermediate Care","value":5}],"supplyBook":[{"label":"FALSE","value":220}]},{"source":15,"target":17,"value":17,"fill":"#BEBADA","supply":[{"label":"00 hrs","value":1},{"label":"01 hrs","value":3},{"label":"02 hrs","value":3},{"label":"03 hrs","value":2},{"label":"04 hrs","value":4},{"label":"05 hrs","value":1},{"label":"06 hrs","value":1},{"label":"08 hrs","value":1},{"label":"22 hrs","value":1}],"supplyDx":[{"label":"Dx01214","value":1},{"label":"Dx02","value":1},{"label":"Dx05","value":1},{"label":"Dx06","value":4},{"label":"Dx108","value":1},{"label":"Dx1113","value":5},{"label":"Dx1115","value":1},{"label":"Dx15","value":1},{"label":"Dx25","value":2}],"supplyService":[{"label":"","value":4},{"label":"Emergency Department (ED)","value":1},{"label":"GP Practice","value":1},{"label":"Integrated Urgent Care (IUC) Clinical Assessment Service (CAS)","value":1},{"label":"Integrated Urgent Care (IUC) Treatment Service","value":8},{"label":"Intermediate Care","value":2}],"supplyBook":[{"label":"FALSE","value":16},{"label":"TRUE","value":1}]},{"source":16,"target":18,"value":2,"fill":"#BEBADA","supply":[{"label":"00 hrs","value":1},{"label":"01 hrs","value":1},{"label":"03 hrs","value":1},{"label":"06 hrs","value":1},{"label":"07 hrs","value":2},{"label":"08 hrs","value":5},{"label":"09 hrs","value":11},{"label":"10 hrs","value":10},{"label":"11 hrs","value":8},{"label":"12 hrs","value":8},{"label":"13 hrs","value":8},{"label":"14 hrs","value":4},{"label":"15 hrs","value":6},{"label":"16 hrs","value":2},{"label":"17 hrs","value":4},{"label":"18 hrs","value":6},{"label":"19 hrs","value":3},{"label":"20 hrs","value":4},{"label":"21 hrs","value":4},{"label":"23 hrs","value":3}],"supplyDx":[{"label":"Dx01125","value":6},{"label":"Dx01214","value":16},{"label":"Dx06","value":1},{"label":"Dx108","value":1},{"label":"Dx1112","value":1},{"label":"Dx1113","value":30},{"label":"Dx1114","value":1},{"label":"Dx339","value":1},{"label":"Dx391","value":35}],"supplyService":[{"label":"","value":60},{"label":"GP Practice","value":1},{"label":"Integrated Urgent Care (IUC) Clinical Assessment Service (CAS)","value":1},{"label":"Integrated Urgent Care (IUC) Treatment Service","value":25},{"label":"Intermediate Care","value":5}],"supplyBook":[{"label":"FALSE","value":92}]},{"source":15,"target":17,"value":92,"fill":"#BEBADA","supply":[{"label":"00 hrs","value":1},{"label":"01 hrs","value":1}],"supplyDx":[{"label":"Dx05","value":1},{"label":"Dx07","value":1}],"supplyService":[{"label":"GP Practice","value":1},{"label":"Integrated Urgent Care (IUC) Treatment Service","value":1}],"supplyBook":[{"label":"FALSE","value":2}]},{"source":14,"target":19,"value":61,"fill":"#BEBADA","supply":[{"label":"00 hrs","value":1},{"label":"06 hrs","value":1},{"label":"07 hrs","value":1},{"label":"08 hrs","value":2},{"label":"09 hrs","value":4},{"label":"10 hrs","value":2},{"label":"11 hrs","value":2},{"label":"12 hrs","value":3},{"label":"13 hrs","value":6},{"label":"14 hrs","value":4},{"label":"15 hrs","value":7},{"label":"16 hrs","value":3},{"label":"17 hrs","value":6},{"label":"18 hrs","value":2},{"label":"19 hrs","value":6},{"label":"20 hrs","value":3},{"label":"21 hrs","value":5},{"label":"22 hrs","value":1},{"label":"23 hrs","value":2}],"supplyDx":[{"label":"Dx01125","value":6},{"label":"Dx01214","value":4},{"label":"Dx1113","value":18},{"label":"Dx1114","value":1},{"label":"Dx1115","value":1},{"label":"Dx391","value":31}],"supplyService":[{"label":"","value":44},{"label":"Integrated Urgent Care (IUC) Treatment Service","value":13},{"label":"Intermediate Care","value":4}],"supplyBook":[{"label":"FALSE","value":61}]},{"source":17,"target":22,"value":1,"fill":"#FCC5C0","supply":[{"label":"19 hrs","value":1}],"supplyDx":[{"label":"Dx1112","value":1}],"supplyService":[{"label":"Integrated Urgent Care (IUC) NHS 111 Call Handling Provider","value":1}],"supplyBook":[{"label":"FALSE","value":1}]},{"source":17,"target":22,"value":1,"fill":"#8DD3C7","supply":[{"label":"02 hrs","value":1}],"supplyDx":[{"label":"Dx1113","value":1}],"supplyService":[{"label":"Integrated Urgent Care (IUC) Treatment Service","value":1}],"supplyBook":[{"label":"FALSE","value":1}]},{"source":17,"target":21,"value":8,"fill":"#BEBADA","supply":[{"label":"09 hrs","value":2},{"label":"11 hrs","value":3},{"label":"14 hrs","value":2},{"label":"15 hrs","value":1}],"supplyDx":[{"label":"Dx1112","value":1},{"label":"Dx1115","value":5},{"label":"Dx93","value":2}],"supplyService":[{"label":"GP Practice","value":3},{"label":"GP Practice Extended Hours","value":5}],"supplyBook":[{"label":"FALSE","value":8}]},{"source":17,"target":22,"value":95,"fill":"#BEBADA","supply":[{"label":"00 hrs","value":2},{"label":"01 hrs","value":3},{"label":"02 hrs","value":1},{"label":"03 hrs","value":3},{"label":"04 hrs","value":4},{"label":"05 hrs","value":1},{"label":"06 hrs","value":2},{"label":"07 hrs","value":2},{"label":"08 hrs","value":3},{"label":"09 hrs","value":5},{"label":"10 hrs","value":4},{"label":"11 hrs","value":7},{"label":"12 hrs","value":4},{"label":"13 hrs","value":3},{"label":"14 hrs","value":6},{"label":"15 hrs","value":6},{"label":"16 hrs","value":3},{"label":"17 hrs","value":6},{"label":"18 hrs","value":8},{"label":"19 hrs","value":5},{"label":"20 hrs","value":5},{"label":"21 hrs","value":7},{"label":"22 hrs","value":4},{"label":"23 hrs","value":1}],"supplyDx":[{"label":"Dx1112","value":5},{"label":"Dx1113","value":25},{"label":"Dx1114","value":6},{"label":"Dx1115","value":49},{"label":"Dx1116","value":10}],"supplyService":[{"label":"Integrated Urgent Care (IUC) Clinical Assessment Service (CAS)","value":24},{"label":"Integrated Urgent Care (IUC) NHS 111 Call Handling Provider","value":54},{"label":"Integrated Urgent Care (IUC) Treatment Service","value":17}],"supplyBook":[{"label":"FALSE","value":95}]},{"source":17,"target":23,"value":5,"fill":"#BEBADA","supply":[{"label":"11 hrs","value":1},{"label":"14 hrs","value":1},{"label":"16 hrs","value":1},{"label":"19 hrs","value":1},{"label":"23 hrs","value":1}],"supplyDx":[{"label":"Dx1113","value":2},{"label":"Dx1114","value":1},{"label":"Dx1115","value":2}],"supplyService":[{"label":"Intermediate Care","value":5}],"supplyBook":[{"label":"FALSE","value":5}]},{"source":18,"target":20,"value":1,"fill":"#BEBADA","supply":[{"label":"06 hrs","value":1}],"supplyDx":[{"label":"Dx02","value":1}],"supplyService":[{"label":"Emergency Department (ED)","value":1}],"supplyBook":[{"label":"FALSE","value":1}]},{"source":18,"target":21,"value":2,"fill":"#BEBADA","supply":[{"label":"01 hrs","value":1},{"label":"22 hrs","value":1}],"supplyDx":[{"label":"Dx07","value":1},{"label":"Dx15","value":1}],"supplyService":[{"label":"GP Practice","value":2}],"supplyBook":[{"label":"FALSE","value":2}]},{"source":18,"target":22,"value":10,"fill":"#BEBADA","supply":[{"label":"00 hrs","value":1},{"label":"01 hrs","value":2},{"label":"02 hrs","value":2},{"label":"03 hrs","value":1},{"label":"04 hrs","value":4}],"supplyDx":[{"label":"Dx05","value":2},{"label":"Dx06","value":4},{"label":"Dx1113","value":3},{"label":"Dx1115","value":1}],"supplyService":[{"label":"Integrated Urgent Care (IUC) Clinical Assessment Service (CAS)","value":1},{"label":"Integrated Urgent Care (IUC) Treatment Service","value":9}],"supplyBook":[{"label":"FALSE","value":9},{"label":"TRUE","value":1}]},{"source":18,"target":23,"value":2,"fill":"#BEBADA","supply":[{"label":"02 hrs","value":1},{"label":"03 hrs","value":1}],"supplyDx":[{"label":"Dx1113","value":2}],"supplyService":[{"label":"Intermediate Care","value":2}],"supplyBook":[{"label":"FALSE","value":2}]},{"source":19,"target":21,"value":1,"fill":"#BEBADA","supply":[{"label":"08 hrs","value":1}],"supplyDx":[{"label":"Dx06","value":1}],"supplyService":[{"label":"GP Practice","value":1}],"supplyBook":[{"label":"FALSE","value":1}]},{"source":19,"target":22,"value":39,"fill":"#BEBADA","supply":[{"label":"07 hrs","value":1},{"label":"09 hrs","value":5},{"label":"10 hrs","value":4},{"label":"11 hrs","value":3},{"label":"12 hrs","value":2},{"label":"13 hrs","value":3},{"label":"14 hrs","value":3},{"label":"15 hrs","value":3},{"label":"16 hrs","value":2},{"label":"17 hrs","value":1},{"label":"18 hrs","value":4},{"label":"19 hrs","value":4},{"label":"20 hrs","value":2},{"label":"21 hrs","value":2}],"supplyDx":[{"label":"Dx1113","value":38},{"label":"Dx1114","value":1}],"supplyService":[{"label":"Integrated Urgent Care (IUC) Clinical Assessment Service (CAS)","value":1},{"label":"Integrated Urgent Care (IUC) Treatment Service","value":38}],"supplyBook":[{"label":"FALSE","value":39}]},{"source":19,"target":23,"value":9,"fill":"#BEBADA","supply":[{"label":"09 hrs","value":2},{"label":"10 hrs","value":1},{"label":"12 hrs","value":1},{"label":"13 hrs","value":2},{"label":"15 hrs","value":1},{"label":"17 hrs","value":1},{"label":"20 hrs","value":1}],"supplyDx":[{"label":"Dx1113","value":9}],"supplyService":[{"label":"Intermediate Care","value":9}],"supplyBook":[{"label":"FALSE","value":9}]}]}