{"nodes":[{"layer":0,"name":"National Telephony","fill":"#8C2D04","grouping":[{"label":"National Telephony","value":2237}]},{"layer":1,"name":"Admin","fill":"#D94801","grouping":[{"label":"Admin","value":123}]},{"layer":1,"name":"CMC (Clinical Advisor)","fill":"#D94801","grouping":[{"label":"CMC (Clinical Advisor)","value":7}]},{"layer":1,"name":"Dental","fill":"#D94801","grouping":[{"label":"Dental","value":158}]},{"layer":1,"name":"Other","fill":"#D94801","grouping":[{"label":"Other","value":1848}]},{"layer":1,"name":"Star Lines","fill":"#D94801","grouping":[{"label":"Star Lines","value":63}]},{"layer":1,"name":"Worsening","fill":"#D94801","grouping":[{"label":"Worsening","value":38}]},{"layer":2,"name":"InHealth","fill":"#F16913","grouping":[{"label":"InHealth","value":1211},{"label":"InHealth (Dental)","value":125}]},{"layer":2,"name":"SEL 111","fill":"#F16913","grouping":[{"label":"PRM","value":2237}]},{"layer":4,"name":"CA","fill":"#FD8D3C","grouping":[{"label":"CA","value":20}]},{"layer":4,"name":"GP","fill":"#FD8D3C","grouping":[{"label":"GP","value":27}]},{"layer":4,"name":"HA","fill":"#FD8D3C","grouping":[{"label":"HA","value":94}]},{"layer":4,"name":"SA","fill":"#FD8D3C","grouping":[{"label":"SA","value":15}]},{"layer":5,"name":"CA","fill":"#FDAE6B","grouping":[{"label":"CA","value":37}]},{"layer":5,"name":"GP","fill":"#FDAE6B","grouping":[{"label":"GP","value":75}]},{"layer":5,"name":"HA","fill":"#FDAE6B","grouping":[{"label":"HA","value":44}]},{"layer":7,"name":"999","fill":"#FDD0A2","grouping":[{"label":"NHS Ambulance Service","value":7}]},{"layer":7,"name":"Care Home","fill":"#FDD0A2","grouping":[{"label":"Care Home","value":1}]},{"layer":7,"name":"Dental","fill":"#FDD0A2","grouping":[{"label":"Dental Emergency","value":37},{"label":"Dental Service","value":1}]},{"layer":7,"name":"District/Community Nurse","fill":"#FDD0A2","grouping":[{"label":"District/Community Nurse","value":2}]},{"layer":7,"name":"ED","fill":"#FDD0A2","grouping":[{"label":"Emergency Department (ED)","value":84}]},{"layer":7,"name":"GP/GP Extended Hours/GP Choice/Hub","fill":"#FDD0A2","grouping":[{"label":"GP Access Hub","value":84},{"label":"GP Practice","value":78},{"label":"GP Practice Extended Hours","value":14}]},{"layer":7,"name":"IUC CAS/Calls/Treatment","fill":"#FDD0A2","grouping":[{"label":"Integrated Urgent Care (IUC) Clinical Assessment Service (CAS)","value":22},{"label":"Integrated Urgent Care (IUC) NHS 111 Call Handling Provider","value":31},{"label":"Integrated Urgent Care (IUC) Treatment Service","value":331}]},{"layer":7,"name":"Mental Health","fill":"#FDD0A2","grouping":[{"label":"Mental Health","value":1}]},{"layer":7,"name":"MIU/UTC/UCC/WiC","fill":"#FDD0A2","grouping":[]},{"layer":7,"name":"Specialist Services","fill":"#FDD0A2","grouping":[]}],"links":[{"source":0,"target":1,"value":123,"fill":"#FB8072","supply":[{"label":"00 hrs","value":2},{"label":"01 hrs","value":2},{"label":"02 hrs","value":0},{"label":"03 hrs","value":0},{"label":"04 hrs","value":2},{"label":"05 hrs","value":1},{"label":"06 hrs","value":3},{"label":"07 hrs","value":3},{"label":"08 hrs","value":2},{"label":"09 hrs","value":3},{"label":"10 hrs","value":7},{"label":"11 hrs","value":10},{"label":"12 hrs","value":10},{"label":"13 hrs","value":9},{"label":"14 hrs","value":11},{"label":"15 hrs","value":8},{"label":"16 hrs","value":12},{"label":"17 hrs","value":7},{"label":"18 hrs","value":5},{"label":"19 hrs","value":8},{"label":"20 hrs","value":9},{"label":"21 hrs","value":3},{"label":"22 hrs","value":5},{"label":"23 hrs","value":1}]},{"source":0,"target":2,"value":7,"fill":"#FCC5C0","supply":[{"label":"00 hrs","value":0},{"label":"01 hrs","value":0},{"label":"02 hrs","value":0},{"label":"03 hrs","value":0},{"label":"04 hrs","value":0},{"label":"05 hrs","value":0},{"label":"06 hrs","value":0},{"label":"07 hrs","value":0},{"label":"08 hrs","value":0},{"label":"09 hrs","value":0},{"label":"10 hrs","value":2},{"label":"11 hrs","value":1},{"label":"12 hrs","value":0},{"label":"13 hrs","value":1},{"label":"14 hrs","value":0},{"label":"15 hrs","value":0},{"label":"16 hrs","value":2},{"label":"17 hrs","value":0},{"label":"18 hrs","value":1},{"label":"19 hrs","value":0},{"label":"20 hrs","value":0},{"label":"21 hrs","value":0},{"label":"22 hrs","value":0},{"label":"23 hrs","value":0}]},{"source":0,"target":3,"value":33,"fill":"#FF7F00","supply":[{"label":"00 hrs","value":0},{"label":"01 hrs","value":2},{"label":"02 hrs","value":1},{"label":"03 hrs","value":1},{"label":"04 hrs","value":1},{"label":"05 hrs","value":2},{"label":"06 hrs","value":2},{"label":"07 hrs","value":3},{"label":"08 hrs","value":11},{"label":"09 hrs","value":13},{"label":"10 hrs","value":18},{"label":"11 hrs","value":12},{"label":"12 hrs","value":15},{"label":"13 hrs","value":9},{"label":"14 hrs","value":13},{"label":"15 hrs","value":10},{"label":"16 hrs","value":9},{"label":"17 hrs","value":5},{"label":"18 hrs","value":5},{"label":"19 hrs","value":9},{"label":"20 hrs","value":5},{"label":"21 hrs","value":9},{"label":"22 hrs","value":0},{"label":"23 hrs","value":3}]},{"source":0,"target":4,"value":637,"fill":"#BEBADA","supply":[{"label":"00 hrs","value":36},{"label":"01 hrs","value":20},{"label":"02 hrs","value":17},{"label":"03 hrs","value":17},{"label":"04 hrs","value":16},{"label":"05 hrs","value":10},{"label":"06 hrs","value":27},{"label":"07 hrs","value":54},{"label":"08 hrs","value":78},{"label":"09 hrs","value":137},{"label":"10 hrs","value":137},{"label":"11 hrs","value":185},{"label":"12 hrs","value":175},{"label":"13 hrs","value":147},{"label":"14 hrs","value":130},{"label":"15 hrs","value":121},{"label":"16 hrs","value":102},{"label":"17 hrs","value":86},{"label":"18 hrs","value":79},{"label":"19 hrs","value":69},{"label":"20 hrs","value":69},{"label":"21 hrs","value":70},{"label":"22 hrs","value":37},{"label":"23 hrs","value":29}]},{"source":0,"target":5,"value":63,"fill":"#8DD3C7","supply":[{"label":"00 hrs","value":0},{"label":"01 hrs","value":1},{"label":"02 hrs","value":2},{"label":"03 hrs","value":0},{"label":"04 hrs","value":0},{"label":"05 hrs","value":0},{"label":"06 hrs","value":0},{"label":"07 hrs","value":0},{"label":"08 hrs","value":1},{"label":"09 hrs","value":4},{"label":"10 hrs","value":2},{"label":"11 hrs","value":5},{"label":"12 hrs","value":5},{"label":"13 hrs","value":8},{"label":"14 hrs","value":3},{"label":"15 hrs","value":2},{"label":"16 hrs","value":3},{"label":"17 hrs","value":3},{"label":"18 hrs","value":4},{"label":"19 hrs","value":6},{"label":"20 hrs","value":4},{"label":"21 hrs","value":5},{"label":"22 hrs","value":1},{"label":"23 hrs","value":4}]},{"source":0,"target":6,"value":38,"fill":"#A65628","supply":[{"label":"00 hrs","value":0},{"label":"01 hrs","value":0},{"label":"02 hrs","value":0},{"label":"03 hrs","value":0},{"label":"04 hrs","value":0},{"label":"05 hrs","value":0},{"label":"06 hrs","value":0},{"label":"07 hrs","value":1},{"label":"08 hrs","value":1},{"label":"09 hrs","value":0},{"label":"10 hrs","value":4},{"label":"11 hrs","value":2},{"label":"12 hrs","value":7},{"label":"13 hrs","value":4},{"label":"14 hrs","value":1},{"label":"15 hrs","value":2},{"label":"16 hrs","value":1},{"label":"17 hrs","value":5},{"label":"18 hrs","value":1},{"label":"19 hrs","value":0},{"label":"20 hrs","value":4},{"label":"21 hrs","value":2},{"label":"22 hrs","value":2},{"label":"23 hrs","value":1}]},{"source":1,"target":8,"value":123,"fill":"#FB8072","supply":[{"label":"00 hrs","value":2},{"label":"01 hrs","value":2},{"label":"02 hrs","value":0},{"label":"03 hrs","value":0},{"label":"04 hrs","value":2},{"label":"05 hrs","value":1},{"label":"06 hrs","value":3},{"label":"07 hrs","value":3},{"label":"08 hrs","value":2},{"label":"09 hrs","value":3},{"label":"10 hrs","value":7},{"label":"11 hrs","value":10},{"label":"12 hrs","value":10},{"label":"13 hrs","value":9},{"label":"14 hrs","value":11},{"label":"15 hrs","value":8},{"label":"16 hrs","value":12},{"label":"17 hrs","value":7},{"label":"18 hrs","value":5},{"label":"19 hrs","value":8},{"label":"20 hrs","value":9},{"label":"21 hrs","value":3},{"label":"22 hrs","value":5},{"label":"23 hrs","value":1}]},{"source":2,"target":8,"value":7,"fill":"#FCC5C0","supply":[{"label":"00 hrs","value":0},{"label":"01 hrs","value":0},{"label":"02 hrs","value":0},{"label":"03 hrs","value":0},{"label":"04 hrs","value":0},{"label":"05 hrs","value":0},{"label":"06 hrs","value":0},{"label":"07 hrs","value":0},{"label":"08 hrs","value":0},{"label":"09 hrs","value":0},{"label":"10 hrs","value":2},{"label":"11 hrs","value":1},{"label":"12 hrs","value":0},{"label":"13 hrs","value":1},{"label":"14 hrs","value":0},{"label":"15 hrs","value":0},{"label":"16 hrs","value":2},{"label":"17 hrs","value":0},{"label":"18 hrs","value":1},{"label":"19 hrs","value":0},{"label":"20 hrs","value":0},{"label":"21 hrs","value":0},{"label":"22 hrs","value":0},{"label":"23 hrs","value":0}]},{"source":3,"target":8,"value":158,"fill":"#FF7F00","supply":[{"label":"00 hrs","value":0},{"label":"01 hrs","value":2},{"label":"02 hrs","value":1},{"label":"03 hrs","value":1},{"label":"04 hrs","value":1},{"label":"05 hrs","value":2},{"label":"06 hrs","value":2},{"label":"07 hrs","value":3},{"label":"08 hrs","value":11},{"label":"09 hrs","value":13},{"label":"10 hrs","value":18},{"label":"11 hrs","value":12},{"label":"12 hrs","value":15},{"label":"13 hrs","value":9},{"label":"14 hrs","value":13},{"label":"15 hrs","value":10},{"label":"16 hrs","value":9},{"label":"17 hrs","value":5},{"label":"18 hrs","value":5},{"label":"19 hrs","value":9},{"label":"20 hrs","value":5},{"label":"21 hrs","value":9},{"label":"22 hrs","value":0},{"label":"23 hrs","value":3}]},{"source":4,"target":8,"value":1848,"fill":"#BEBADA","supply":[{"label":"00 hrs","value":36},{"label":"01 hrs","value":20},{"label":"02 hrs","value":17},{"label":"03 hrs","value":17},{"label":"04 hrs","value":16},{"label":"05 hrs","value":10},{"label":"06 hrs","value":27},{"label":"07 hrs","value":54},{"label":"08 hrs","value":78},{"label":"09 hrs","value":137},{"label":"10 hrs","value":137},{"label":"11 hrs","value":185},{"label":"12 hrs","value":175},{"label":"13 hrs","value":147},{"label":"14 hrs","value":130},{"label":"15 hrs","value":121},{"label":"16 hrs","value":102},{"label":"17 hrs","value":86},{"label":"18 hrs","value":79},{"label":"19 hrs","value":69},{"label":"20 hrs","value":69},{"label":"21 hrs","value":70},{"label":"22 hrs","value":37},{"label":"23 hrs","value":29}]},{"source":5,"target":8,"value":63,"fill":"#8DD3C7","supply":[{"label":"00 hrs","value":0},{"label":"01 hrs","value":1},{"label":"02 hrs","value":2},{"label":"03 hrs","value":0},{"label":"04 hrs","value":0},{"label":"05 hrs","value":0},{"label":"06 hrs","value":0},{"label":"07 hrs","value":0},{"label":"08 hrs","value":1},{"label":"09 hrs","value":4},{"label":"10 hrs","value":2},{"label":"11 hrs","value":5},{"label":"12 hrs","value":5},{"label":"13 hrs","value":8},{"label":"14 hrs","value":3},{"label":"15 hrs","value":2},{"label":"16 hrs","value":3},{"label":"17 hrs","value":3},{"label":"18 hrs","value":4},{"label":"19 hrs","value":6},{"label":"20 hrs","value":4},{"label":"21 hrs","value":5},{"label":"22 hrs","value":1},{"label":"23 hrs","value":4}]},{"source":6,"target":8,"value":38,"fill":"#A65628","supply":[{"label":"00 hrs","value":0},{"label":"01 hrs","value":0},{"label":"02 hrs","value":0},{"label":"03 hrs","value":0},{"label":"04 hrs","value":0},{"label":"05 hrs","value":0},{"label":"06 hrs","value":0},{"label":"07 hrs","value":1},{"label":"08 hrs","value":1},{"label":"09 hrs","value":0},{"label":"10 hrs","value":4},{"label":"11 hrs","value":2},{"label":"12 hrs","value":7},{"label":"13 hrs","value":4},{"label":"14 hrs","value":1},{"label":"15 hrs","value":2},{"label":"16 hrs","value":1},{"label":"17 hrs","value":5},{"label":"18 hrs","value":1},{"label":"19 hrs","value":0},{"label":"20 hrs","value":4},{"label":"21 hrs","value":2},{"label":"22 hrs","value":2},{"label":"23 hrs","value":1}]},{"source":4,"target":7,"value":1211,"fill":"#BEBADA","supply":[{"label":"00 hrs","value":0},{"label":"01 hrs","value":0},{"label":"02 hrs","value":0},{"label":"03 hrs","value":0},{"label":"04 hrs","value":0},{"label":"05 hrs","value":0},{"label":"06 hrs","value":0},{"label":"07 hrs","value":0},{"label":"08 hrs","value":59},{"label":"09 hrs","value":111},{"label":"10 hrs","value":104},{"label":"11 hrs","value":126},{"label":"12 hrs","value":132},{"label":"13 hrs","value":115},{"label":"14 hrs","value":104},{"label":"15 hrs","value":93},{"label":"16 hrs","value":73},{"label":"17 hrs","value":67},{"label":"18 hrs","value":58},{"label":"19 hrs","value":44},{"label":"20 hrs","value":24},{"label":"21 hrs","value":50},{"label":"22 hrs","value":30},{"label":"23 hrs","value":21}]},{"source":3,"target":7,"value":125,"fill":"#FF7F00","supply":[{"label":"00 hrs","value":0},{"label":"01 hrs","value":0},{"label":"02 hrs","value":0},{"label":"03 hrs","value":0},{"label":"04 hrs","value":0},{"label":"05 hrs","value":0},{"label":"06 hrs","value":0},{"label":"07 hrs","value":0},{"label":"08 hrs","value":11},{"label":"09 hrs","value":11},{"label":"10 hrs","value":16},{"label":"11 hrs","value":11},{"label":"12 hrs","value":13},{"label":"13 hrs","value":9},{"label":"14 hrs","value":12},{"label":"15 hrs","value":9},{"label":"16 hrs","value":5},{"label":"17 hrs","value":2},{"label":"18 hrs","value":4},{"label":"19 hrs","value":7},{"label":"20 hrs","value":5},{"label":"21 hrs","value":9},{"label":"22 hrs","value":0},{"label":"23 hrs","value":1}]},{"source":8,"target":9,"value":4,"fill":"#FCC5C0","supply":[{"label":"00 hrs","value":0},{"label":"01 hrs","value":0},{"label":"02 hrs","value":0},{"label":"03 hrs","value":0},{"label":"04 hrs","value":0},{"label":"05 hrs","value":0},{"label":"06 hrs","value":0},{"label":"07 hrs","value":0},{"label":"08 hrs","value":0},{"label":"09 hrs","value":0},{"label":"10 hrs","value":0},{"label":"11 hrs","value":1},{"label":"12 hrs","value":1},{"label":"13 hrs","value":1},{"label":"14 hrs","value":0},{"label":"15 hrs","value":0},{"label":"16 hrs","value":0},{"label":"17 hrs","value":0},{"label":"18 hrs","value":0},{"label":"19 hrs","value":0},{"label":"20 hrs","value":0},{"label":"21 hrs","value":0},{"label":"22 hrs","value":0},{"label":"23 hrs","value":1}]},{"source":8,"target":10,"value":7,"fill":"#FCC5C0","supply":[{"label":"00 hrs","value":0},{"label":"01 hrs","value":1},{"label":"02 hrs","value":1},{"label":"03 hrs","value":0},{"label":"04 hrs","value":0},{"label":"05 hrs","value":0},{"label":"06 hrs","value":0},{"label":"07 hrs","value":0},{"label":"08 hrs","value":0},{"label":"09 hrs","value":0},{"label":"10 hrs","value":0},{"label":"11 hrs","value":0},{"label":"12 hrs","value":1},{"label":"13 hrs","value":0},{"label":"14 hrs","value":1},{"label":"15 hrs","value":0},{"label":"16 hrs","value":3},{"label":"17 hrs","value":0},{"label":"18 hrs","value":0},{"label":"19 hrs","value":0},{"label":"20 hrs","value":0},{"label":"21 hrs","value":0},{"label":"22 hrs","value":0},{"label":"23 hrs","value":0}]},{"source":8,"target":11,"value":48,"fill":"#FCC5C0","supply":[{"label":"00 hrs","value":0},{"label":"01 hrs","value":0},{"label":"02 hrs","value":1},{"label":"03 hrs","value":0},{"label":"04 hrs","value":1},{"label":"05 hrs","value":0},{"label":"06 hrs","value":2},{"label":"07 hrs","value":1},{"label":"08 hrs","value":1},{"label":"09 hrs","value":5},{"label":"10 hrs","value":4},{"label":"11 hrs","value":1},{"label":"12 hrs","value":2},{"label":"13 hrs","value":2},{"label":"14 hrs","value":4},{"label":"15 hrs","value":1},{"label":"16 hrs","value":3},{"label":"17 hrs","value":7},{"label":"18 hrs","value":2},{"label":"19 hrs","value":3},{"label":"20 hrs","value":3},{"label":"21 hrs","value":3},{"label":"22 hrs","value":0},{"label":"23 hrs","value":2}]},{"source":8,"target":12,"value":3,"fill":"#FCC5C0","supply":[{"label":"00 hrs","value":0},{"label":"01 hrs","value":0},{"label":"02 hrs","value":0},{"label":"03 hrs","value":0},{"label":"04 hrs","value":0},{"label":"05 hrs","value":0},{"label":"06 hrs","value":0},{"label":"07 hrs","value":0},{"label":"08 hrs","value":0},{"label":"09 hrs","value":0},{"label":"10 hrs","value":0},{"label":"11 hrs","value":0},{"label":"12 hrs","value":0},{"label":"13 hrs","value":0},{"label":"14 hrs","value":1},{"label":"15 hrs","value":0},{"label":"16 hrs","value":0},{"label":"17 hrs","value":1},{"label":"18 hrs","value":0},{"label":"19 hrs","value":0},{"label":"20 hrs","value":1},{"label":"21 hrs","value":0},{"label":"22 hrs","value":0},{"label":"23 hrs","value":0}]},{"source":8,"target":9,"value":1,"fill":"#8DD3C7","supply":[{"label":"00 hrs","value":0},{"label":"01 hrs","value":0},{"label":"02 hrs","value":0},{"label":"03 hrs","value":0},{"label":"04 hrs","value":0},{"label":"05 hrs","value":0},{"label":"06 hrs","value":0},{"label":"07 hrs","value":0},{"label":"08 hrs","value":0},{"label":"09 hrs","value":0},{"label":"10 hrs","value":0},{"label":"11 hrs","value":0},{"label":"12 hrs","value":0},{"label":"13 hrs","value":1},{"label":"14 hrs","value":0},{"label":"15 hrs","value":0},{"label":"16 hrs","value":0},{"label":"17 hrs","value":0},{"label":"18 hrs","value":0},{"label":"19 hrs","value":0},{"label":"20 hrs","value":0},{"label":"21 hrs","value":0},{"label":"22 hrs","value":0},{"label":"23 hrs","value":0}]},{"source":8,"target":10,"value":5,"fill":"#8DD3C7","supply":[{"label":"00 hrs","value":0},{"label":"01 hrs","value":0},{"label":"02 hrs","value":0},{"label":"03 hrs","value":0},{"label":"04 hrs","value":0},{"label":"05 hrs","value":0},{"label":"06 hrs","value":0},{"label":"07 hrs","value":0},{"label":"08 hrs","value":0},{"label":"09 hrs","value":0},{"label":"10 hrs","value":0},{"label":"11 hrs","value":0},{"label":"12 hrs","value":0},{"label":"13 hrs","value":0},{"label":"14 hrs","value":0},{"label":"15 hrs","value":0},{"label":"16 hrs","value":0},{"label":"17 hrs","value":0},{"label":"18 hrs","value":1},{"label":"19 hrs","value":1},{"label":"20 hrs","value":1},{"label":"21 hrs","value":1},{"label":"22 hrs","value":1},{"label":"23 hrs","value":0}]},{"source":8,"target":11,"value":59,"fill":"#8DD3C7","supply":[{"label":"00 hrs","value":1},{"label":"01 hrs","value":1},{"label":"02 hrs","value":3},{"label":"03 hrs","value":0},{"label":"04 hrs","value":1},{"label":"05 hrs","value":2},{"label":"06 hrs","value":2},{"label":"07 hrs","value":0},{"label":"08 hrs","value":1},{"label":"09 hrs","value":2},{"label":"10 hrs","value":2},{"label":"11 hrs","value":3},{"label":"12 hrs","value":0},{"label":"13 hrs","value":4},{"label":"14 hrs","value":5},{"label":"15 hrs","value":2},{"label":"16 hrs","value":2},{"label":"17 hrs","value":3},{"label":"18 hrs","value":4},{"label":"19 hrs","value":4},{"label":"20 hrs","value":6},{"label":"21 hrs","value":5},{"label":"22 hrs","value":1},{"label":"23 hrs","value":5}]},{"source":8,"target":9,"value":73,"fill":"#BEBADA","supply":[{"label":"00 hrs","value":1},{"label":"01 hrs","value":1},{"label":"02 hrs","value":6},{"label":"03 hrs","value":4},{"label":"04 hrs","value":1},{"label":"05 hrs","value":1},{"label":"06 hrs","value":4},{"label":"07 hrs","value":3},{"label":"08 hrs","value":2},{"label":"09 hrs","value":4},{"label":"10 hrs","value":4},{"label":"11 hrs","value":5},{"label":"12 hrs","value":10},{"label":"13 hrs","value":5},{"label":"14 hrs","value":6},{"label":"15 hrs","value":5},{"label":"16 hrs","value":3},{"label":"17 hrs","value":1},{"label":"18 hrs","value":2},{"label":"19 hrs","value":0},{"label":"20 hrs","value":1},{"label":"21 hrs","value":3},{"label":"22 hrs","value":0},{"label":"23 hrs","value":1}]},{"source":8,"target":10,"value":217,"fill":"#BEBADA","supply":[{"label":"00 hrs","value":3},{"label":"01 hrs","value":3},{"label":"02 hrs","value":1},{"label":"03 hrs","value":5},{"label":"04 hrs","value":4},{"label":"05 hrs","value":5},{"label":"06 hrs","value":6},{"label":"07 hrs","value":6},{"label":"08 hrs","value":5},{"label":"09 hrs","value":10},{"label":"10 hrs","value":20},{"label":"11 hrs","value":17},{"label":"12 hrs","value":15},{"label":"13 hrs","value":16},{"label":"14 hrs","value":14},{"label":"15 hrs","value":13},{"label":"16 hrs","value":16},{"label":"17 hrs","value":18},{"label":"18 hrs","value":5},{"label":"19 hrs","value":11},{"label":"20 hrs","value":6},{"label":"21 hrs","value":6},{"label":"22 hrs","value":9},{"label":"23 hrs","value":3}]},{"source":8,"target":11,"value":1477,"fill":"#BEBADA","supply":[{"label":"00 hrs","value":43},{"label":"01 hrs","value":49},{"label":"02 hrs","value":39},{"label":"03 hrs","value":32},{"label":"04 hrs","value":37},{"label":"05 hrs","value":22},{"label":"06 hrs","value":41},{"label":"07 hrs","value":42},{"label":"08 hrs","value":65},{"label":"09 hrs","value":85},{"label":"10 hrs","value":110},{"label":"11 hrs","value":87},{"label":"12 hrs","value":91},{"label":"13 hrs","value":98},{"label":"14 hrs","value":90},{"label":"15 hrs","value":94},{"label":"16 hrs","value":91},{"label":"17 hrs","value":56},{"label":"18 hrs","value":54},{"label":"19 hrs","value":61},{"label":"20 hrs","value":54},{"label":"21 hrs","value":47},{"label":"22 hrs","value":42},{"label":"23 hrs","value":47}]},{"source":8,"target":12,"value":34,"fill":"#BEBADA","supply":[{"label":"00 hrs","value":0},{"label":"01 hrs","value":0},{"label":"02 hrs","value":0},{"label":"03 hrs","value":1},{"label":"04 hrs","value":0},{"label":"05 hrs","value":0},{"label":"06 hrs","value":0},{"label":"07 hrs","value":0},{"label":"08 hrs","value":1},{"label":"09 hrs","value":2},{"label":"10 hrs","value":2},{"label":"11 hrs","value":4},{"label":"12 hrs","value":4},{"label":"13 hrs","value":7},{"label":"14 hrs","value":2},{"label":"15 hrs","value":1},{"label":"16 hrs","value":3},{"label":"17 hrs","value":1},{"label":"18 hrs","value":2},{"label":"19 hrs","value":0},{"label":"20 hrs","value":0},{"label":"21 hrs","value":3},{"label":"22 hrs","value":0},{"label":"23 hrs","value":1}]},{"source":9,"target":13,"value":56,"fill":"#BEBADA","supply":[{"label":"00 hrs","value":1},{"label":"01 hrs","value":1},{"label":"02 hrs","value":3},{"label":"03 hrs","value":2},{"label":"04 hrs","value":1},{"label":"05 hrs","value":1},{"label":"06 hrs","value":3},{"label":"07 hrs","value":2},{"label":"08 hrs","value":1},{"label":"09 hrs","value":4},{"label":"10 hrs","value":4},{"label":"11 hrs","value":5},{"label":"12 hrs","value":7},{"label":"13 hrs","value":5},{"label":"14 hrs","value":5},{"label":"15 hrs","value":3},{"label":"16 hrs","value":2},{"label":"17 hrs","value":0},{"label":"18 hrs","value":1},{"label":"19 hrs","value":0},{"label":"20 hrs","value":1},{"label":"21 hrs","value":3},{"label":"22 hrs","value":0},{"label":"23 hrs","value":1}]},{"source":9,"target":13,"value":3,"fill":"#FCC5C0","supply":[{"label":"00 hrs","value":0},{"label":"01 hrs","value":0},{"label":"02 hrs","value":0},{"label":"03 hrs","value":0},{"label":"04 hrs","value":0},{"label":"05 hrs","value":0},{"label":"06 hrs","value":0},{"label":"07 hrs","value":0},{"label":"08 hrs","value":0},{"label":"09 hrs","value":0},{"label":"10 hrs","value":0},{"label":"11 hrs","value":0},{"label":"12 hrs","value":1},{"label":"13 hrs","value":1},{"label":"14 hrs","value":0},{"label":"15 hrs","value":0},{"label":"16 hrs","value":0},{"label":"17 hrs","value":0},{"label":"18 hrs","value":0},{"label":"19 hrs","value":0},{"label":"20 hrs","value":0},{"label":"21 hrs","value":0},{"label":"22 hrs","value":0},{"label":"23 hrs","value":1}]},{"source":9,"target":13,"value":1,"fill":"#8DD3C7","supply":[{"label":"00 hrs","value":0},{"label":"01 hrs","value":0},{"label":"02 hrs","value":0},{"label":"03 hrs","value":0},{"label":"04 hrs","value":0},{"label":"05 hrs","value":0},{"label":"06 hrs","value":0},{"label":"07 hrs","value":0},{"label":"08 hrs","value":0},{"label":"09 hrs","value":0},{"label":"10 hrs","value":0},{"label":"11 hrs","value":0},{"label":"12 hrs","value":0},{"label":"13 hrs","value":1},{"label":"14 hrs","value":0},{"label":"15 hrs","value":0},{"label":"16 hrs","value":0},{"label":"17 hrs","value":0},{"label":"18 hrs","value":0},{"label":"19 hrs","value":0},{"label":"20 hrs","value":0},{"label":"21 hrs","value":0},{"label":"22 hrs","value":0},{"label":"23 hrs","value":0}]},{"source":9,"target":14,"value":17,"fill":"#BEBADA","supply":[{"label":"00 hrs","value":0},{"label":"01 hrs","value":0},{"label":"02 hrs","value":3},{"label":"03 hrs","value":2},{"label":"04 hrs","value":0},{"label":"05 hrs","value":0},{"label":"06 hrs","value":1},{"label":"07 hrs","value":1},{"label":"08 hrs","value":1},{"label":"09 hrs","value":0},{"label":"10 hrs","value":0},{"label":"11 hrs","value":0},{"label":"12 hrs","value":3},{"label":"13 hrs","value":0},{"label":"14 hrs","value":1},{"label":"15 hrs","value":2},{"label":"16 hrs","value":1},{"label":"17 hrs","value":1},{"label":"18 hrs","value":1},{"label":"19 hrs","value":0},{"label":"20 hrs","value":0},{"label":"21 hrs","value":0},{"label":"22 hrs","value":0},{"label":"23 hrs","value":0}]},{"source":9,"target":14,"value":1,"fill":"#FCC5C0","supply":[{"label":"00 hrs","value":0},{"label":"01 hrs","value":0},{"label":"02 hrs","value":0},{"label":"03 hrs","value":0},{"label":"04 hrs","value":0},{"label":"05 hrs","value":0},{"label":"06 hrs","value":0},{"label":"07 hrs","value":0},{"label":"08 hrs","value":0},{"label":"09 hrs","value":0},{"label":"10 hrs","value":0},{"label":"11 hrs","value":1},{"label":"12 hrs","value":0},{"label":"13 hrs","value":0},{"label":"14 hrs","value":0},{"label":"15 hrs","value":0},{"label":"16 hrs","value":0},{"label":"17 hrs","value":0},{"label":"18 hrs","value":0},{"label":"19 hrs","value":0},{"label":"20 hrs","value":0},{"label":"21 hrs","value":0},{"label":"22 hrs","value":0},{"label":"23 hrs","value":0}]},{"source":10,"target":14,"value":217,"fill":"#BEBADA","supply":[{"label":"00 hrs","value":3},{"label":"01 hrs","value":3},{"label":"02 hrs","value":1},{"label":"03 hrs","value":5},{"label":"04 hrs","value":4},{"label":"05 hrs","value":5},{"label":"06 hrs","value":6},{"label":"07 hrs","value":6},{"label":"08 hrs","value":5},{"label":"09 hrs","value":10},{"label":"10 hrs","value":20},{"label":"11 hrs","value":17},{"label":"12 hrs","value":15},{"label":"13 hrs","value":16},{"label":"14 hrs","value":14},{"label":"15 hrs","value":13},{"label":"16 hrs","value":16},{"label":"17 hrs","value":18},{"label":"18 hrs","value":5},{"label":"19 hrs","value":11},{"label":"20 hrs","value":6},{"label":"21 hrs","value":6},{"label":"22 hrs","value":9},{"label":"23 hrs","value":3}]},{"source":10,"target":14,"value":7,"fill":"#FCC5C0","supply":[{"label":"00 hrs","value":0},{"label":"01 hrs","value":1},{"label":"02 hrs","value":1},{"label":"03 hrs","value":0},{"label":"04 hrs","value":0},{"label":"05 hrs","value":0},{"label":"06 hrs","value":0},{"label":"07 hrs","value":0},{"label":"08 hrs","value":0},{"label":"09 hrs","value":0},{"label":"10 hrs","value":0},{"label":"11 hrs","value":0},{"label":"12 hrs","value":1},{"label":"13 hrs","value":0},{"label":"14 hrs","value":1},{"label":"15 hrs","value":0},{"label":"16 hrs","value":3},{"label":"17 hrs","value":0},{"label":"18 hrs","value":0},{"label":"19 hrs","value":0},{"label":"20 hrs","value":0},{"label":"21 hrs","value":0},{"label":"22 hrs","value":0},{"label":"23 hrs","value":0}]},{"source":10,"target":14,"value":5,"fill":"#8DD3C7","supply":[{"label":"00 hrs","value":0},{"label":"01 hrs","value":0},{"label":"02 hrs","value":0},{"label":"03 hrs","value":0},{"label":"04 hrs","value":0},{"label":"05 hrs","value":0},{"label":"06 hrs","value":0},{"label":"07 hrs","value":0},{"label":"08 hrs","value":0},{"label":"09 hrs","value":0},{"label":"10 hrs","value":0},{"label":"11 hrs","value":0},{"label":"12 hrs","value":0},{"label":"13 hrs","value":0},{"label":"14 hrs","value":0},{"label":"15 hrs","value":0},{"label":"16 hrs","value":0},{"label":"17 hrs","value":0},{"label":"18 hrs","value":1},{"label":"19 hrs","value":1},{"label":"20 hrs","value":1},{"label":"21 hrs","value":1},{"label":"22 hrs","value":1},{"label":"23 hrs","value":0}]},{"source":11,"target":13,"value":240,"fill":"#BEBADA","supply":[{"label":"00 hrs","value":8},{"label":"01 hrs","value":13},{"label":"02 hrs","value":10},{"label":"03 hrs","value":5},{"label":"04 hrs","value":9},{"label":"05 hrs","value":6},{"label":"06 hrs","value":8},{"label":"07 hrs","value":7},{"label":"08 hrs","value":14},{"label":"09 hrs","value":14},{"label":"10 hrs","value":18},{"label":"11 hrs","value":14},{"label":"12 hrs","value":16},{"label":"13 hrs","value":19},{"label":"14 hrs","value":15},{"label":"15 hrs","value":18},{"label":"16 hrs","value":16},{"label":"17 hrs","value":9},{"label":"18 hrs","value":6},{"label":"19 hrs","value":3},{"label":"20 hrs","value":5},{"label":"21 hrs","value":1},{"label":"22 hrs","value":2},{"label":"23 hrs","value":4}]},{"source":11,"target":13,"value":4,"fill":"#FCC5C0","supply":[{"label":"00 hrs","value":0},{"label":"01 hrs","value":0},{"label":"02 hrs","value":0},{"label":"03 hrs","value":0},{"label":"04 hrs","value":0},{"label":"05 hrs","value":0},{"label":"06 hrs","value":0},{"label":"07 hrs","value":0},{"label":"08 hrs","value":0},{"label":"09 hrs","value":2},{"label":"10 hrs","value":1},{"label":"11 hrs","value":0},{"label":"12 hrs","value":0},{"label":"13 hrs","value":0},{"label":"14 hrs","value":1},{"label":"15 hrs","value":0},{"label":"16 hrs","value":0},{"label":"17 hrs","value":0},{"label":"18 hrs","value":0},{"label":"19 hrs","value":0},{"label":"20 hrs","value":0},{"label":"21 hrs","value":0},{"label":"22 hrs","value":0},{"label":"23 hrs","value":0}]},{"source":11,"target":13,"value":4,"fill":"#8DD3C7","supply":[{"label":"00 hrs","value":0},{"label":"01 hrs","value":0},{"label":"02 hrs","value":0},{"label":"03 hrs","value":0},{"label":"04 hrs","value":0},{"label":"05 hrs","value":0},{"label":"06 hrs","value":0},{"label":"07 hrs","value":0},{"label":"08 hrs","value":0},{"label":"09 hrs","value":0},{"label":"10 hrs","value":0},{"label":"11 hrs","value":0},{"label":"12 hrs","value":0},{"label":"13 hrs","value":0},{"label":"14 hrs","value":1},{"label":"15 hrs","value":0},{"label":"16 hrs","value":0},{"label":"17 hrs","value":0},{"label":"18 hrs","value":1},{"label":"19 hrs","value":0},{"label":"20 hrs","value":0},{"label":"21 hrs","value":1},{"label":"22 hrs","value":0},{"label":"23 hrs","value":1}]},{"source":11,"target":14,"value":671,"fill":"#BEBADA","supply":[{"label":"00 hrs","value":22},{"label":"01 hrs","value":24},{"label":"02 hrs","value":20},{"label":"03 hrs","value":17},{"label":"04 hrs","value":21},{"label":"05 hrs","value":11},{"label":"06 hrs","value":13},{"label":"07 hrs","value":18},{"label":"08 hrs","value":25},{"label":"09 hrs","value":31},{"label":"10 hrs","value":47},{"label":"11 hrs","value":41},{"label":"12 hrs","value":43},{"label":"13 hrs","value":47},{"label":"14 hrs","value":48},{"label":"15 hrs","value":40},{"label":"16 hrs","value":40},{"label":"17 hrs","value":26},{"label":"18 hrs","value":22},{"label":"19 hrs","value":25},{"label":"20 hrs","value":22},{"label":"21 hrs","value":19},{"label":"22 hrs","value":23},{"label":"23 hrs","value":26}]},{"source":11,"target":14,"value":26,"fill":"#FCC5C0","supply":[{"label":"00 hrs","value":0},{"label":"01 hrs","value":0},{"label":"02 hrs","value":0},{"label":"03 hrs","value":0},{"label":"04 hrs","value":1},{"label":"05 hrs","value":0},{"label":"06 hrs","value":1},{"label":"07 hrs","value":0},{"label":"08 hrs","value":0},{"label":"09 hrs","value":1},{"label":"10 hrs","value":3},{"label":"11 hrs","value":1},{"label":"12 hrs","value":1},{"label":"13 hrs","value":2},{"label":"14 hrs","value":2},{"label":"15 hrs","value":1},{"label":"16 hrs","value":2},{"label":"17 hrs","value":5},{"label":"18 hrs","value":2},{"label":"19 hrs","value":0},{"label":"20 hrs","value":2},{"label":"21 hrs","value":1},{"label":"22 hrs","value":0},{"label":"23 hrs","value":1}]},{"source":11,"target":14,"value":47,"fill":"#8DD3C7","supply":[{"label":"00 hrs","value":1},{"label":"01 hrs","value":1},{"label":"02 hrs","value":2},{"label":"03 hrs","value":0},{"label":"04 hrs","value":1},{"label":"05 hrs","value":2},{"label":"06 hrs","value":2},{"label":"07 hrs","value":0},{"label":"08 hrs","value":1},{"label":"09 hrs","value":1},{"label":"10 hrs","value":1},{"label":"11 hrs","value":3},{"label":"12 hrs","value":0},{"label":"13 hrs","value":4},{"label":"14 hrs","value":3},{"label":"15 hrs","value":2},{"label":"16 hrs","value":1},{"label":"17 hrs","value":3},{"label":"18 hrs","value":3},{"label":"19 hrs","value":3},{"label":"20 hrs","value":6},{"label":"21 hrs","value":4},{"label":"22 hrs","value":1},{"label":"23 hrs","value":2}]},{"source":11,"target":15,"value":566,"fill":"#BEBADA","supply":[{"label":"00 hrs","value":13},{"label":"01 hrs","value":12},{"label":"02 hrs","value":9},{"label":"03 hrs","value":10},{"label":"04 hrs","value":7},{"label":"05 hrs","value":5},{"label":"06 hrs","value":20},{"label":"07 hrs","value":17},{"label":"08 hrs","value":26},{"label":"09 hrs","value":40},{"label":"10 hrs","value":45},{"label":"11 hrs","value":32},{"label":"12 hrs","value":32},{"label":"13 hrs","value":32},{"label":"14 hrs","value":27},{"label":"15 hrs","value":36},{"label":"16 hrs","value":35},{"label":"17 hrs","value":21},{"label":"18 hrs","value":26},{"label":"19 hrs","value":33},{"label":"20 hrs","value":27},{"label":"21 hrs","value":27},{"label":"22 hrs","value":17},{"label":"23 hrs","value":17}]},{"source":11,"target":15,"value":18,"fill":"#FCC5C0","supply":[{"label":"00 hrs","value":0},{"label":"01 hrs","value":0},{"label":"02 hrs","value":1},{"label":"03 hrs","value":0},{"label":"04 hrs","value":0},{"label":"05 hrs","value":0},{"label":"06 hrs","value":1},{"label":"07 hrs","value":1},{"label":"08 hrs","value":1},{"label":"09 hrs","value":2},{"label":"10 hrs","value":0},{"label":"11 hrs","value":0},{"label":"12 hrs","value":1},{"label":"13 hrs","value":0},{"label":"14 hrs","value":1},{"label":"15 hrs","value":0},{"label":"16 hrs","value":1},{"label":"17 hrs","value":2},{"label":"18 hrs","value":0},{"label":"19 hrs","value":3},{"label":"20 hrs","value":1},{"label":"21 hrs","value":2},{"label":"22 hrs","value":0},{"label":"23 hrs","value":1}]},{"source":11,"target":15,"value":8,"fill":"#8DD3C7","supply":[{"label":"00 hrs","value":0},{"label":"01 hrs","value":0},{"label":"02 hrs","value":1},{"label":"03 hrs","value":0},{"label":"04 hrs","value":0},{"label":"05 hrs","value":0},{"label":"06 hrs","value":0},{"label":"07 hrs","value":0},{"label":"08 hrs","value":0},{"label":"09 hrs","value":1},{"label":"10 hrs","value":1},{"label":"11 hrs","value":0},{"label":"12 hrs","value":0},{"label":"13 hrs","value":0},{"label":"14 hrs","value":1},{"label":"15 hrs","value":0},{"label":"16 hrs","value":1},{"label":"17 hrs","value":0},{"label":"18 hrs","value":0},{"label":"19 hrs","value":1},{"label":"20 hrs","value":0},{"label":"21 hrs","value":0},{"label":"22 hrs","value":0},{"label":"23 hrs","value":2}]},{"source":12,"target":13,"value":5,"fill":"#BEBADA","supply":[{"label":"00 hrs","value":0},{"label":"01 hrs","value":0},{"label":"02 hrs","value":0},{"label":"03 hrs","value":0},{"label":"04 hrs","value":0},{"label":"05 hrs","value":0},{"label":"06 hrs","value":0},{"label":"07 hrs","value":0},{"label":"08 hrs","value":0},{"label":"09 hrs","value":1},{"label":"10 hrs","value":1},{"label":"11 hrs","value":0},{"label":"12 hrs","value":0},{"label":"13 hrs","value":1},{"label":"14 hrs","value":0},{"label":"15 hrs","value":0},{"label":"16 hrs","value":1},{"label":"17 hrs","value":0},{"label":"18 hrs","value":0},{"label":"19 hrs","value":0},{"label":"20 hrs","value":0},{"label":"21 hrs","value":1},{"label":"22 hrs","value":0},{"label":"23 hrs","value":0}]},{"source":12,"target":14,"value":12,"fill":"#BEBADA","supply":[{"label":"00 hrs","value":0},{"label":"01 hrs","value":0},{"label":"02 hrs","value":0},{"label":"03 hrs","value":1},{"label":"04 hrs","value":0},{"label":"05 hrs","value":0},{"label":"06 hrs","value":0},{"label":"07 hrs","value":0},{"label":"08 hrs","value":0},{"label":"09 hrs","value":1},{"label":"10 hrs","value":0},{"label":"11 hrs","value":0},{"label":"12 hrs","value":3},{"label":"13 hrs","value":2},{"label":"14 hrs","value":0},{"label":"15 hrs","value":1},{"label":"16 hrs","value":2},{"label":"17 hrs","value":0},{"label":"18 hrs","value":0},{"label":"19 hrs","value":0},{"label":"20 hrs","value":0},{"label":"21 hrs","value":1},{"label":"22 hrs","value":0},{"label":"23 hrs","value":1}]},{"source":12,"target":14,"value":2,"fill":"#FCC5C0","supply":[{"label":"00 hrs","value":0},{"label":"01 hrs","value":0},{"label":"02 hrs","value":0},{"label":"03 hrs","value":0},{"label":"04 hrs","value":0},{"label":"05 hrs","value":0},{"label":"06 hrs","value":0},{"label":"07 hrs","value":0},{"label":"08 hrs","value":0},{"label":"09 hrs","value":0},{"label":"10 hrs","value":0},{"label":"11 hrs","value":0},{"label":"12 hrs","value":0},{"label":"13 hrs","value":0},{"label":"14 hrs","value":1},{"label":"15 hrs","value":0},{"label":"16 hrs","value":0},{"label":"17 hrs","value":1},{"label":"18 hrs","value":0},{"label":"19 hrs","value":0},{"label":"20 hrs","value":0},{"label":"21 hrs","value":0},{"label":"22 hrs","value":0},{"label":"23 hrs","value":0}]},{"source":12,"target":15,"value":17,"fill":"#BEBADA","supply":[{"label":"00 hrs","value":0},{"label":"01 hrs","value":0},{"label":"02 hrs","value":0},{"label":"03 hrs","value":0},{"label":"04 hrs","value":0},{"label":"05 hrs","value":0},{"label":"06 hrs","value":0},{"label":"07 hrs","value":0},{"label":"08 hrs","value":1},{"label":"09 hrs","value":0},{"label":"10 hrs","value":1},{"label":"11 hrs","value":4},{"label":"12 hrs","value":1},{"label":"13 hrs","value":4},{"label":"14 hrs","value":2},{"label":"15 hrs","value":0},{"label":"16 hrs","value":0},{"label":"17 hrs","value":1},{"label":"18 hrs","value":2},{"label":"19 hrs","value":0},{"label":"20 hrs","value":0},{"label":"21 hrs","value":1},{"label":"22 hrs","value":0},{"label":"23 hrs","value":0}]},{"source":12,"target":15,"value":1,"fill":"#FCC5C0","supply":[{"label":"00 hrs","value":0},{"label":"01 hrs","value":0},{"label":"02 hrs","value":0},{"label":"03 hrs","value":0},{"label":"04 hrs","value":0},{"label":"05 hrs","value":0},{"label":"06 hrs","value":0},{"label":"07 hrs","value":0},{"label":"08 hrs","value":0},{"label":"09 hrs","value":0},{"label":"10 hrs","value":0},{"label":"11 hrs","value":0},{"label":"12 hrs","value":0},{"label":"13 hrs","value":0},{"label":"14 hrs","value":0},{"label":"15 hrs","value":0},{"label":"16 hrs","value":0},{"label":"17 hrs","value":0},{"label":"18 hrs","value":0},{"label":"19 hrs","value":0},{"label":"20 hrs","value":1},{"label":"21 hrs","value":0},{"label":"22 hrs","value":0},{"label":"23 hrs","value":0}]},{"source":13,"target":18,"value":4,"fill":"#BEBADA","supply":[{"label":"00 hrs","value":0},{"label":"01 hrs","value":0},{"label":"02 hrs","value":0},{"label":"03 hrs","value":0},{"label":"04 hrs","value":0},{"label":"05 hrs","value":0},{"label":"06 hrs","value":0},{"label":"07 hrs","value":1},{"label":"08 hrs","value":0},{"label":"09 hrs","value":1},{"label":"10 hrs","value":1},{"label":"11 hrs","value":1},{"label":"12 hrs","value":0},{"label":"13 hrs","value":0},{"label":"14 hrs","value":0},{"label":"15 hrs","value":0},{"label":"16 hrs","value":0},{"label":"17 hrs","value":0},{"label":"18 hrs","value":0},{"label":"19 hrs","value":0},{"label":"20 hrs","value":0},{"label":"21 hrs","value":0},{"label":"22 hrs","value":0},{"label":"23 hrs","value":0}]},{"source":14,"target":18,"value":18,"fill":"#BEBADA","supply":[{"label":"00 hrs","value":0},{"label":"01 hrs","value":0},{"label":"02 hrs","value":0},{"label":"03 hrs","value":0},{"label":"04 hrs","value":0},{"label":"05 hrs","value":0},{"label":"06 hrs","value":0},{"label":"07 hrs","value":0},{"label":"08 hrs","value":0},{"label":"09 hrs","value":1},{"label":"10 hrs","value":4},{"label":"11 hrs","value":3},{"label":"12 hrs","value":0},{"label":"13 hrs","value":1},{"label":"14 hrs","value":0},{"label":"15 hrs","value":1},{"label":"16 hrs","value":1},{"label":"17 hrs","value":1},{"label":"18 hrs","value":0},{"label":"19 hrs","value":3},{"label":"20 hrs","value":1},{"label":"21 hrs","value":2},{"label":"22 hrs","value":0},{"label":"23 hrs","value":0}]},{"source":15,"target":18,"value":16,"fill":"#BEBADA","supply":[{"label":"00 hrs","value":0},{"label":"01 hrs","value":0},{"label":"02 hrs","value":0},{"label":"03 hrs","value":0},{"label":"04 hrs","value":0},{"label":"05 hrs","value":0},{"label":"06 hrs","value":0},{"label":"07 hrs","value":0},{"label":"08 hrs","value":1},{"label":"09 hrs","value":1},{"label":"10 hrs","value":3},{"label":"11 hrs","value":3},{"label":"12 hrs","value":0},{"label":"13 hrs","value":1},{"label":"14 hrs","value":1},{"label":"15 hrs","value":0},{"label":"16 hrs","value":2},{"label":"17 hrs","value":0},{"label":"18 hrs","value":0},{"label":"19 hrs","value":3},{"label":"20 hrs","value":1},{"label":"21 hrs","value":0},{"label":"22 hrs","value":0},{"label":"23 hrs","value":0}]},{"source":13,"target":21,"value":46,"fill":"#BEBADA","supply":[{"label":"00 hrs","value":0},{"label":"01 hrs","value":3},{"label":"02 hrs","value":1},{"label":"03 hrs","value":1},{"label":"04 hrs","value":0},{"label":"05 hrs","value":2},{"label":"06 hrs","value":1},{"label":"07 hrs","value":1},{"label":"08 hrs","value":2},{"label":"09 hrs","value":3},{"label":"10 hrs","value":6},{"label":"11 hrs","value":3},{"label":"12 hrs","value":5},{"label":"13 hrs","value":5},{"label":"14 hrs","value":2},{"label":"15 hrs","value":5},{"label":"16 hrs","value":4},{"label":"17 hrs","value":1},{"label":"18 hrs","value":1},{"label":"19 hrs","value":0},{"label":"20 hrs","value":0},{"label":"21 hrs","value":0},{"label":"22 hrs","value":0},{"label":"23 hrs","value":0}]},{"source":14,"target":21,"value":72,"fill":"#BEBADA","supply":[{"label":"00 hrs","value":2},{"label":"01 hrs","value":0},{"label":"02 hrs","value":2},{"label":"03 hrs","value":1},{"label":"04 hrs","value":0},{"label":"05 hrs","value":2},{"label":"06 hrs","value":0},{"label":"07 hrs","value":3},{"label":"08 hrs","value":4},{"label":"09 hrs","value":6},{"label":"10 hrs","value":7},{"label":"11 hrs","value":3},{"label":"12 hrs","value":9},{"label":"13 hrs","value":3},{"label":"14 hrs","value":11},{"label":"15 hrs","value":7},{"label":"16 hrs","value":4},{"label":"17 hrs","value":2},{"label":"18 hrs","value":1},{"label":"19 hrs","value":1},{"label":"20 hrs","value":0},{"label":"21 hrs","value":2},{"label":"22 hrs","value":2},{"label":"23 hrs","value":0}]},{"source":14,"target":21,"value":1,"fill":"#FCC5C0","supply":[{"label":"00 hrs","value":0},{"label":"01 hrs","value":0},{"label":"02 hrs","value":0},{"label":"03 hrs","value":0},{"label":"04 hrs","value":0},{"label":"05 hrs","value":0},{"label":"06 hrs","value":0},{"label":"07 hrs","value":0},{"label":"08 hrs","value":0},{"label":"09 hrs","value":0},{"label":"10 hrs","value":0},{"label":"11 hrs","value":0},{"label":"12 hrs","value":0},{"label":"13 hrs","value":0},{"label":"14 hrs","value":0},{"label":"15 hrs","value":0},{"label":"16 hrs","value":0},{"label":"17 hrs","value":0},{"label":"18 hrs","value":1},{"label":"19 hrs","value":0},{"label":"20 hrs","value":0},{"label":"21 hrs","value":0},{"label":"22 hrs","value":0},{"label":"23 hrs","value":0}]},{"source":14,"target":21,"value":7,"fill":"#8DD3C7","supply":[{"label":"00 hrs","value":0},{"label":"01 hrs","value":1},{"label":"02 hrs","value":0},{"label":"03 hrs","value":0},{"label":"04 hrs","value":0},{"label":"05 hrs","value":0},{"label":"06 hrs","value":0},{"label":"07 hrs","value":0},{"label":"08 hrs","value":1},{"label":"09 hrs","value":0},{"label":"10 hrs","value":0},{"label":"11 hrs","value":1},{"label":"12 hrs","value":0},{"label":"13 hrs","value":0},{"label":"14 hrs","value":0},{"label":"15 hrs","value":1},{"label":"16 hrs","value":0},{"label":"17 hrs","value":0},{"label":"18 hrs","value":1},{"label":"19 hrs","value":1},{"label":"20 hrs","value":0},{"label":"21 hrs","value":1},{"label":"22 hrs","value":0},{"label":"23 hrs","value":0}]},{"source":15,"target":21,"value":50,"fill":"#BEBADA","supply":[{"label":"00 hrs","value":0},{"label":"01 hrs","value":0},{"label":"02 hrs","value":0},{"label":"03 hrs","value":0},{"label":"04 hrs","value":0},{"label":"05 hrs","value":0},{"label":"06 hrs","value":0},{"label":"07 hrs","value":2},{"label":"08 hrs","value":6},{"label":"09 hrs","value":5},{"label":"10 hrs","value":8},{"label":"11 hrs","value":1},{"label":"12 hrs","value":3},{"label":"13 hrs","value":4},{"label":"14 hrs","value":3},{"label":"15 hrs","value":3},{"label":"16 hrs","value":5},{"label":"17 hrs","value":0},{"label":"18 hrs","value":3},{"label":"19 hrs","value":1},{"label":"20 hrs","value":2},{"label":"21 hrs","value":1},{"label":"22 hrs","value":1},{"label":"23 hrs","value":2}]},{"source":15,"target":21,"value":1,"fill":"#8DD3C7","supply":[{"label":"00 hrs","value":0},{"label":"01 hrs","value":0},{"label":"02 hrs","value":0},{"label":"03 hrs","value":0},{"label":"04 hrs","value":0},{"label":"05 hrs","value":0},{"label":"06 hrs","value":0},{"label":"07 hrs","value":0},{"label":"08 hrs","value":0},{"label":"09 hrs","value":0},{"label":"10 hrs","value":0},{"label":"11 hrs","value":0},{"label":"12 hrs","value":0},{"label":"13 hrs","value":0},{"label":"14 hrs","value":0},{"label":"15 hrs","value":0},{"label":"16 hrs","value":0},{"label":"17 hrs","value":0},{"label":"18 hrs","value":0},{"label":"19 hrs","value":1},{"label":"20 hrs","value":0},{"label":"21 hrs","value":0},{"label":"22 hrs","value":0},{"label":"23 hrs","value":0}]},{"source":13,"target":22,"value":109,"fill":"#BEBADA","supply":[{"label":"00 hrs","value":6},{"label":"01 hrs","value":6},{"label":"02 hrs","value":2},{"label":"03 hrs","value":2},{"label":"04 hrs","value":3},{"label":"05 hrs","value":2},{"label":"06 hrs","value":2},{"label":"07 hrs","value":1},{"label":"08 hrs","value":5},{"label":"09 hrs","value":9},{"label":"10 hrs","value":8},{"label":"11 hrs","value":7},{"label":"12 hrs","value":8},{"label":"13 hrs","value":12},{"label":"14 hrs","value":11},{"label":"15 hrs","value":4},{"label":"16 hrs","value":5},{"label":"17 hrs","value":3},{"label":"18 hrs","value":3},{"label":"19 hrs","value":2},{"label":"20 hrs","value":2},{"label":"21 hrs","value":2},{"label":"22 hrs","value":1},{"label":"23 hrs","value":3}]},{"source":13,"target":22,"value":2,"fill":"#FCC5C0","supply":[{"label":"00 hrs","value":0},{"label":"01 hrs","value":0},{"label":"02 hrs","value":0},{"label":"03 hrs","value":0},{"label":"04 hrs","value":0},{"label":"05 hrs","value":0},{"label":"06 hrs","value":0},{"label":"07 hrs","value":0},{"label":"08 hrs","value":0},{"label":"09 hrs","value":0},{"label":"10 hrs","value":0},{"label":"11 hrs","value":0},{"label":"12 hrs","value":1},{"label":"13 hrs","value":1},{"label":"14 hrs","value":0},{"label":"15 hrs","value":0},{"label":"16 hrs","value":0},{"label":"17 hrs","value":0},{"label":"18 hrs","value":0},{"label":"19 hrs","value":0},{"label":"20 hrs","value":0},{"label":"21 hrs","value":0},{"label":"22 hrs","value":0},{"label":"23 hrs","value":0}]},{"source":13,"target":22,"value":3,"fill":"#8DD3C7","supply":[{"label":"00 hrs","value":0},{"label":"01 hrs","value":0},{"label":"02 hrs","value":0},{"label":"03 hrs","value":0},{"label":"04 hrs","value":0},{"label":"05 hrs","value":0},{"label":"06 hrs","value":0},{"label":"07 hrs","value":0},{"label":"08 hrs","value":0},{"label":"09 hrs","value":0},{"label":"10 hrs","value":0},{"label":"11 hrs","value":0},{"label":"12 hrs","value":0},{"label":"13 hrs","value":1},{"label":"14 hrs","value":0},{"label":"15 hrs","value":0},{"label":"16 hrs","value":0},{"label":"17 hrs","value":0},{"label":"18 hrs","value":1},{"label":"19 hrs","value":0},{"label":"20 hrs","value":0},{"label":"21 hrs","value":0},{"label":"22 hrs","value":0},{"label":"23 hrs","value":1}]},{"source":14,"target":22,"value":152,"fill":"#BEBADA","supply":[{"label":"00 hrs","value":5},{"label":"01 hrs","value":6},{"label":"02 hrs","value":7},{"label":"03 hrs","value":9},{"label":"04 hrs","value":6},{"label":"05 hrs","value":3},{"label":"06 hrs","value":3},{"label":"07 hrs","value":5},{"label":"08 hrs","value":2},{"label":"09 hrs","value":3},{"label":"10 hrs","value":11},{"label":"11 hrs","value":11},{"label":"12 hrs","value":10},{"label":"13 hrs","value":17},{"label":"14 hrs","value":10},{"label":"15 hrs","value":5},{"label":"16 hrs","value":7},{"label":"17 hrs","value":8},{"label":"18 hrs","value":2},{"label":"19 hrs","value":1},{"label":"20 hrs","value":2},{"label":"21 hrs","value":4},{"label":"22 hrs","value":8},{"label":"23 hrs","value":7}]},{"source":14,"target":22,"value":5,"fill":"#FCC5C0","supply":[{"label":"00 hrs","value":0},{"label":"01 hrs","value":1},{"label":"02 hrs","value":0},{"label":"03 hrs","value":0},{"label":"04 hrs","value":1},{"label":"05 hrs","value":0},{"label":"06 hrs","value":1},{"label":"07 hrs","value":0},{"label":"08 hrs","value":0},{"label":"09 hrs","value":0},{"label":"10 hrs","value":0},{"label":"11 hrs","value":0},{"label":"12 hrs","value":0},{"label":"13 hrs","value":1},{"label":"14 hrs","value":0},{"label":"15 hrs","value":0},{"label":"16 hrs","value":0},{"label":"17 hrs","value":0},{"label":"18 hrs","value":0},{"label":"19 hrs","value":0},{"label":"20 hrs","value":0},{"label":"21 hrs","value":1},{"label":"22 hrs","value":0},{"label":"23 hrs","value":0}]},{"source":14,"target":22,"value":6,"fill":"#8DD3C7","supply":[{"label":"00 hrs","value":0},{"label":"01 hrs","value":0},{"label":"02 hrs","value":0},{"label":"03 hrs","value":0},{"label":"04 hrs","value":1},{"label":"05 hrs","value":1},{"label":"06 hrs","value":1},{"label":"07 hrs","value":0},{"label":"08 hrs","value":0},{"label":"09 hrs","value":0},{"label":"10 hrs","value":0},{"label":"11 hrs","value":0},{"label":"12 hrs","value":0},{"label":"13 hrs","value":0},{"label":"14 hrs","value":0},{"label":"15 hrs","value":1},{"label":"16 hrs","value":0},{"label":"17 hrs","value":0},{"label":"18 hrs","value":0},{"label":"19 hrs","value":1},{"label":"20 hrs","value":1},{"label":"21 hrs","value":0},{"label":"22 hrs","value":0},{"label":"23 hrs","value":0}]},{"source":15,"target":22,"value":97,"fill":"#BEBADA","supply":[{"label":"00 hrs","value":6},{"label":"01 hrs","value":4},{"label":"02 hrs","value":1},{"label":"03 hrs","value":2},{"label":"04 hrs","value":0},{"label":"05 hrs","value":0},{"label":"06 hrs","value":5},{"label":"07 hrs","value":4},{"label":"08 hrs","value":2},{"label":"09 hrs","value":8},{"label":"10 hrs","value":6},{"label":"11 hrs","value":4},{"label":"12 hrs","value":8},{"label":"13 hrs","value":3},{"label":"14 hrs","value":6},{"label":"15 hrs","value":4},{"label":"16 hrs","value":5},{"label":"17 hrs","value":6},{"label":"18 hrs","value":3},{"label":"19 hrs","value":6},{"label":"20 hrs","value":3},{"label":"21 hrs","value":1},{"label":"22 hrs","value":7},{"label":"23 hrs","value":3}]},{"source":15,"target":22,"value":9,"fill":"#FCC5C0","supply":[{"label":"00 hrs","value":0},{"label":"01 hrs","value":0},{"label":"02 hrs","value":1},{"label":"03 hrs","value":0},{"label":"04 hrs","value":0},{"label":"05 hrs","value":0},{"label":"06 hrs","value":1},{"label":"07 hrs","value":0},{"label":"08 hrs","value":0},{"label":"09 hrs","value":0},{"label":"10 hrs","value":0},{"label":"11 hrs","value":0},{"label":"12 hrs","value":0},{"label":"13 hrs","value":0},{"label":"14 hrs","value":1},{"label":"15 hrs","value":0},{"label":"16 hrs","value":0},{"label":"17 hrs","value":2},{"label":"18 hrs","value":0},{"label":"19 hrs","value":2},{"label":"20 hrs","value":1},{"label":"21 hrs","value":1},{"label":"22 hrs","value":0},{"label":"23 hrs","value":0}]},{"source":15,"target":22,"value":4,"fill":"#8DD3C7","supply":[{"label":"00 hrs","value":0},{"label":"01 hrs","value":0},{"label":"02 hrs","value":1},{"label":"03 hrs","value":0},{"label":"04 hrs","value":0},{"label":"05 hrs","value":0},{"label":"06 hrs","value":0},{"label":"07 hrs","value":0},{"label":"08 hrs","value":0},{"label":"09 hrs","value":0},{"label":"10 hrs","value":1},{"label":"11 hrs","value":0},{"label":"12 hrs","value":0},{"label":"13 hrs","value":0},{"label":"14 hrs","value":1},{"label":"15 hrs","value":0},{"label":"16 hrs","value":0},{"label":"17 hrs","value":0},{"label":"18 hrs","value":0},{"label":"19 hrs","value":0},{"label":"20 hrs","value":0},{"label":"21 hrs","value":0},{"label":"22 hrs","value":0},{"label":"23 hrs","value":1}]},{"source":13,"target":24,"value":19,"fill":"#BEBADA","supply":[{"label":"00 hrs","value":0},{"label":"01 hrs","value":0},{"label":"02 hrs","value":0},{"label":"03 hrs","value":0},{"label":"04 hrs","value":0},{"label":"05 hrs","value":0},{"label":"06 hrs","value":0},{"label":"07 hrs","value":2},{"label":"08 hrs","value":4},{"label":"09 hrs","value":3},{"label":"10 hrs","value":0},{"label":"11 hrs","value":2},{"label":"12 hrs","value":2},{"label":"13 hrs","value":1},{"label":"14 hrs","value":2},{"label":"15 hrs","value":0},{"label":"16 hrs","value":0},{"label":"17 hrs","value":2},{"label":"18 hrs","value":1},{"label":"19 hrs","value":0},{"label":"20 hrs","value":0},{"label":"21 hrs","value":0},{"label":"22 hrs","value":0},{"label":"23 hrs","value":0}]},{"source":13,"target":24,"value":1,"fill":"#FCC5C0","supply":[{"label":"00 hrs","value":0},{"label":"01 hrs","value":0},{"label":"02 hrs","value":0},{"label":"03 hrs","value":0},{"label":"04 hrs","value":0},{"label":"05 hrs","value":0},{"label":"06 hrs","value":0},{"label":"07 hrs","value":0},{"label":"08 hrs","value":0},{"label":"09 hrs","value":0},{"label":"10 hrs","value":1},{"label":"11 hrs","value":0},{"label":"12 hrs","value":0},{"label":"13 hrs","value":0},{"label":"14 hrs","value":0},{"label":"15 hrs","value":0},{"label":"16 hrs","value":0},{"label":"17 hrs","value":0},{"label":"18 hrs","value":0},{"label":"19 hrs","value":0},{"label":"20 hrs","value":0},{"label":"21 hrs","value":0},{"label":"22 hrs","value":0},{"label":"23 hrs","value":0}]},{"source":14,"target":24,"value":52,"fill":"#BEBADA","supply":[{"label":"00 hrs","value":1},{"label":"01 hrs","value":1},{"label":"02 hrs","value":1},{"label":"03 hrs","value":0},{"label":"04 hrs","value":0},{"label":"05 hrs","value":1},{"label":"06 hrs","value":1},{"label":"07 hrs","value":1},{"label":"08 hrs","value":3},{"label":"09 hrs","value":3},{"label":"10 hrs","value":4},{"label":"11 hrs","value":4},{"label":"12 hrs","value":4},{"label":"13 hrs","value":3},{"label":"14 hrs","value":4},{"label":"15 hrs","value":6},{"label":"16 hrs","value":4},{"label":"17 hrs","value":1},{"label":"18 hrs","value":3},{"label":"19 hrs","value":2},{"label":"20 hrs","value":0},{"label":"21 hrs","value":2},{"label":"22 hrs","value":2},{"label":"23 hrs","value":1}]},{"source":15,"target":24,"value":72,"fill":"#BEBADA","supply":[{"label":"00 hrs","value":2},{"label":"01 hrs","value":1},{"label":"02 hrs","value":1},{"label":"03 hrs","value":1},{"label":"04 hrs","value":1},{"label":"05 hrs","value":1},{"label":"06 hrs","value":5},{"label":"07 hrs","value":1},{"label":"08 hrs","value":4},{"label":"09 hrs","value":4},{"label":"10 hrs","value":4},{"label":"11 hrs","value":2},{"label":"12 hrs","value":5},{"label":"13 hrs","value":5},{"label":"14 hrs","value":3},{"label":"15 hrs","value":8},{"label":"16 hrs","value":0},{"label":"17 hrs","value":1},{"label":"18 hrs","value":1},{"label":"19 hrs","value":1},{"label":"20 hrs","value":2},{"label":"21 hrs","value":10},{"label":"22 hrs","value":4},{"label":"23 hrs","value":5}]},{"source":13,"target":25,"value":14,"fill":"#BEBADA","supply":[{"label":"00 hrs","value":0},{"label":"01 hrs","value":0},{"label":"02 hrs","value":0},{"label":"03 hrs","value":0},{"label":"04 hrs","value":0},{"label":"05 hrs","value":0},{"label":"06 hrs","value":0},{"label":"07 hrs","value":0},{"label":"08 hrs","value":2},{"label":"09 hrs","value":0},{"label":"10 hrs","value":2},{"label":"11 hrs","value":2},{"label":"12 hrs","value":1},{"label":"13 hrs","value":2},{"label":"14 hrs","value":1},{"label":"15 hrs","value":1},{"label":"16 hrs","value":2},{"label":"17 hrs","value":1},{"label":"18 hrs","value":0},{"label":"19 hrs","value":0},{"label":"20 hrs","value":0},{"label":"21 hrs","value":0},{"label":"22 hrs","value":0},{"label":"23 hrs","value":0}]},{"source":13,"target":25,"value":3,"fill":"#FCC5C0","supply":[{"label":"00 hrs","value":0},{"label":"01 hrs","value":0},{"label":"02 hrs","value":0},{"label":"03 hrs","value":0},{"label":"04 hrs","value":0},{"label":"05 hrs","value":0},{"label":"06 hrs","value":0},{"label":"07 hrs","value":0},{"label":"08 hrs","value":0},{"label":"09 hrs","value":1},{"label":"10 hrs","value":0},{"label":"11 hrs","value":0},{"label":"12 hrs","value":0},{"label":"13 hrs","value":0},{"label":"14 hrs","value":1},{"label":"15 hrs","value":0},{"label":"16 hrs","value":0},{"label":"17 hrs","value":0},{"label":"18 hrs","value":0},{"label":"19 hrs","value":0},{"label":"20 hrs","value":0},{"label":"21 hrs","value":0},{"label":"22 hrs","value":0},{"label":"23 hrs","value":1}]},{"source":13,"target":25,"value":1,"fill":"#8DD3C7","supply":[{"label":"00 hrs","value":0},{"label":"01 hrs","value":0},{"label":"02 hrs","value":0},{"label":"03 hrs","value":0},{"label":"04 hrs","value":0},{"label":"05 hrs","value":0},{"label":"06 hrs","value":0},{"label":"07 hrs","value":0},{"label":"08 hrs","value":0},{"label":"09 hrs","value":0},{"label":"10 hrs","value":0},{"label":"11 hrs","value":0},{"label":"12 hrs","value":0},{"label":"13 hrs","value":0},{"label":"14 hrs","value":1},{"label":"15 hrs","value":0},{"label":"16 hrs","value":0},{"label":"17 hrs","value":0},{"label":"18 hrs","value":0},{"label":"19 hrs","value":0},{"label":"20 hrs","value":0},{"label":"21 hrs","value":0},{"label":"22 hrs","value":0},{"label":"23 hrs","value":0}]},{"source":14,"target":25,"value":67,"fill":"#BEBADA","supply":[{"label":"00 hrs","value":2},{"label":"01 hrs","value":1},{"label":"02 hrs","value":2},{"label":"03 hrs","value":0},{"label":"04 hrs","value":1},{"label":"05 hrs","value":0},{"label":"06 hrs","value":0},{"label":"07 hrs","value":1},{"label":"08 hrs","value":3},{"label":"09 hrs","value":2},{"label":"10 hrs","value":6},{"label":"11 hrs","value":4},{"label":"12 hrs","value":4},{"label":"13 hrs","value":5},{"label":"14 hrs","value":8},{"label":"15 hrs","value":2},{"label":"16 hrs","value":4},{"label":"17 hrs","value":5},{"label":"18 hrs","value":3},{"label":"19 hrs","value":3},{"label":"20 hrs","value":6},{"label":"21 hrs","value":2},{"label":"22 hrs","value":2},{"label":"23 hrs","value":1}]},{"source":14,"target":25,"value":11,"fill":"#FCC5C0","supply":[{"label":"00 hrs","value":0},{"label":"01 hrs","value":0},{"label":"02 hrs","value":0},{"label":"03 hrs","value":0},{"label":"04 hrs","value":0},{"label":"05 hrs","value":0},{"label":"06 hrs","value":0},{"label":"07 hrs","value":0},{"label":"08 hrs","value":0},{"label":"09 hrs","value":0},{"label":"10 hrs","value":1},{"label":"11 hrs","value":1},{"label":"12 hrs","value":1},{"label":"13 hrs","value":0},{"label":"14 hrs","value":2},{"label":"15 hrs","value":0},{"label":"16 hrs","value":3},{"label":"17 hrs","value":1},{"label":"18 hrs","value":0},{"label":"19 hrs","value":0},{"label":"20 hrs","value":1},{"label":"21 hrs","value":0},{"label":"22 hrs","value":0},{"label":"23 hrs","value":1}]},{"source":14,"target":25,"value":11,"fill":"#8DD3C7","supply":[{"label":"00 hrs","value":0},{"label":"01 hrs","value":0},{"label":"02 hrs","value":1},{"label":"03 hrs","value":0},{"label":"04 hrs","value":0},{"label":"05 hrs","value":0},{"label":"06 hrs","value":0},{"label":"07 hrs","value":0},{"label":"08 hrs","value":0},{"label":"09 hrs","value":0},{"label":"10 hrs","value":0},{"label":"11 hrs","value":1},{"label":"12 hrs","value":0},{"label":"13 hrs","value":1},{"label":"14 hrs","value":1},{"label":"15 hrs","value":0},{"label":"16 hrs","value":0},{"label":"17 hrs","value":2},{"label":"18 hrs","value":0},{"label":"19 hrs","value":1},{"label":"20 hrs","value":1},{"label":"21 hrs","value":0},{"label":"22 hrs","value":1},{"label":"23 hrs","value":2}]},{"source":15,"target":25,"value":95,"fill":"#BEBADA","supply":[{"label":"00 hrs","value":0},{"label":"01 hrs","value":1},{"label":"02 hrs","value":0},{"label":"03 hrs","value":0},{"label":"04 hrs","value":0},{"label":"05 hrs","value":0},{"label":"06 hrs","value":0},{"label":"07 hrs","value":3},{"label":"08 hrs","value":1},{"label":"09 hrs","value":10},{"label":"10 hrs","value":9},{"label":"11 hrs","value":16},{"label":"12 hrs","value":6},{"label":"13 hrs","value":11},{"label":"14 hrs","value":5},{"label":"15 hrs","value":8},{"label":"16 hrs","value":7},{"label":"17 hrs","value":7},{"label":"18 hrs","value":2},{"label":"19 hrs","value":4},{"label":"20 hrs","value":2},{"label":"21 hrs","value":3},{"label":"22 hrs","value":0},{"label":"23 hrs","value":0}]},{"source":15,"target":25,"value":3,"fill":"#FCC5C0","supply":[{"label":"00 hrs","value":0},{"label":"01 hrs","value":0},{"label":"02 hrs","value":0},{"label":"03 hrs","value":0},{"label":"04 hrs","value":0},{"label":"05 hrs","value":0},{"label":"06 hrs","value":0},{"label":"07 hrs","value":0},{"label":"08 hrs","value":0},{"label":"09 hrs","value":2},{"label":"10 hrs","value":0},{"label":"11 hrs","value":0},{"label":"12 hrs","value":0},{"label":"13 hrs","value":0},{"label":"14 hrs","value":0},{"label":"15 hrs","value":0},{"label":"16 hrs","value":1},{"label":"17 hrs","value":0},{"label":"18 hrs","value":0},{"label":"19 hrs","value":0},{"label":"20 hrs","value":0},{"label":"21 hrs","value":0},{"label":"22 hrs","value":0},{"label":"23 hrs","value":0}]},{"source":15,"target":25,"value":2,"fill":"#8DD3C7","supply":[{"label":"00 hrs","value":0},{"label":"01 hrs","value":0},{"label":"02 hrs","value":0},{"label":"03 hrs","value":0},{"label":"04 hrs","value":0},{"label":"05 hrs","value":0},{"label":"06 hrs","value":0},{"label":"07 hrs","value":0},{"label":"08 hrs","value":0},{"label":"09 hrs","value":1},{"label":"10 hrs","value":0},{"label":"11 hrs","value":0},{"label":"12 hrs","value":0},{"label":"13 hrs","value":0},{"label":"14 hrs","value":0},{"label":"15 hrs","value":0},{"label":"16 hrs","value":1},{"label":"17 hrs","value":0},{"label":"18 hrs","value":0},{"label":"19 hrs","value":0},{"label":"20 hrs","value":0},{"label":"21 hrs","value":0},{"label":"22 hrs","value":0},{"label":"23 hrs","value":0}]},{"source":14,"target":17,"value":1,"fill":"#BEBADA","supply":[{"label":"00 hrs","value":0},{"label":"01 hrs","value":0},{"label":"02 hrs","value":0},{"label":"03 hrs","value":0},{"label":"04 hrs","value":0},{"label":"05 hrs","value":0},{"label":"06 hrs","value":0},{"label":"07 hrs","value":0},{"label":"08 hrs","value":0},{"label":"09 hrs","value":0},{"label":"10 hrs","value":1},{"label":"11 hrs","value":0},{"label":"12 hrs","value":0},{"label":"13 hrs","value":0},{"label":"14 hrs","value":0},{"label":"15 hrs","value":0},{"label":"16 hrs","value":0},{"label":"17 hrs","value":0},{"label":"18 hrs","value":0},{"label":"19 hrs","value":0},{"label":"20 hrs","value":0},{"label":"21 hrs","value":0},{"label":"22 hrs","value":0},{"label":"23 hrs","value":0}]},{"source":13,"target":20,"value":15,"fill":"#BEBADA","supply":[{"label":"00 hrs","value":0},{"label":"01 hrs","value":1},{"label":"02 hrs","value":1},{"label":"03 hrs","value":0},{"label":"04 hrs","value":1},{"label":"05 hrs","value":0},{"label":"06 hrs","value":0},{"label":"07 hrs","value":0},{"label":"08 hrs","value":0},{"label":"09 hrs","value":1},{"label":"10 hrs","value":1},{"label":"11 hrs","value":1},{"label":"12 hrs","value":2},{"label":"13 hrs","value":0},{"label":"14 hrs","value":0},{"label":"15 hrs","value":2},{"label":"16 hrs","value":4},{"label":"17 hrs","value":0},{"label":"18 hrs","value":0},{"label":"19 hrs","value":1},{"label":"20 hrs","value":0},{"label":"21 hrs","value":0},{"label":"22 hrs","value":0},{"label":"23 hrs","value":0}]},{"source":14,"target":20,"value":39,"fill":"#BEBADA","supply":[{"label":"00 hrs","value":2},{"label":"01 hrs","value":2},{"label":"02 hrs","value":0},{"label":"03 hrs","value":0},{"label":"04 hrs","value":0},{"label":"05 hrs","value":1},{"label":"06 hrs","value":3},{"label":"07 hrs","value":0},{"label":"08 hrs","value":1},{"label":"09 hrs","value":3},{"label":"10 hrs","value":1},{"label":"11 hrs","value":2},{"label":"12 hrs","value":1},{"label":"13 hrs","value":3},{"label":"14 hrs","value":2},{"label":"15 hrs","value":5},{"label":"16 hrs","value":3},{"label":"17 hrs","value":1},{"label":"18 hrs","value":0},{"label":"19 hrs","value":4},{"label":"20 hrs","value":0},{"label":"21 hrs","value":1},{"label":"22 hrs","value":2},{"label":"23 hrs","value":2}]},{"source":14,"target":20,"value":1,"fill":"#8DD3C7","supply":[{"label":"00 hrs","value":0},{"label":"01 hrs","value":0},{"label":"02 hrs","value":0},{"label":"03 hrs","value":0},{"label":"04 hrs","value":0},{"label":"05 hrs","value":0},{"label":"06 hrs","value":0},{"label":"07 hrs","value":0},{"label":"08 hrs","value":0},{"label":"09 hrs","value":0},{"label":"10 hrs","value":0},{"label":"11 hrs","value":0},{"label":"12 hrs","value":0},{"label":"13 hrs","value":0},{"label":"14 hrs","value":0},{"label":"15 hrs","value":0},{"label":"16 hrs","value":0},{"label":"17 hrs","value":0},{"label":"18 hrs","value":0},{"label":"19 hrs","value":1},{"label":"20 hrs","value":0},{"label":"21 hrs","value":0},{"label":"22 hrs","value":0},{"label":"23 hrs","value":0}]},{"source":15,"target":20,"value":29,"fill":"#BEBADA","supply":[{"label":"00 hrs","value":0},{"label":"01 hrs","value":1},{"label":"02 hrs","value":0},{"label":"03 hrs","value":0},{"label":"04 hrs","value":0},{"label":"05 hrs","value":0},{"label":"06 hrs","value":0},{"label":"07 hrs","value":2},{"label":"08 hrs","value":2},{"label":"09 hrs","value":2},{"label":"10 hrs","value":3},{"label":"11 hrs","value":0},{"label":"12 hrs","value":3},{"label":"13 hrs","value":1},{"label":"14 hrs","value":1},{"label":"15 hrs","value":1},{"label":"16 hrs","value":2},{"label":"17 hrs","value":2},{"label":"18 hrs","value":1},{"label":"19 hrs","value":5},{"label":"20 hrs","value":2},{"label":"21 hrs","value":0},{"label":"22 hrs","value":1},{"label":"23 hrs","value":0}]},{"source":14,"target":19,"value":1,"fill":"#BEBADA","supply":[{"label":"00 hrs","value":0},{"label":"01 hrs","value":0},{"label":"02 hrs","value":1},{"label":"03 hrs","value":0},{"label":"04 hrs","value":0},{"label":"05 hrs","value":0},{"label":"06 hrs","value":0},{"label":"07 hrs","value":0},{"label":"08 hrs","value":0},{"label":"09 hrs","value":0},{"label":"10 hrs","value":0},{"label":"11 hrs","value":0},{"label":"12 hrs","value":0},{"label":"13 hrs","value":0},{"label":"14 hrs","value":0},{"label":"15 hrs","value":0},{"label":"16 hrs","value":0},{"label":"17 hrs","value":0},{"label":"18 hrs","value":0},{"label":"19 hrs","value":0},{"label":"20 hrs","value":0},{"label":"21 hrs","value":0},{"label":"22 hrs","value":0},{"label":"23 hrs","value":0}]},{"source":15,"target":19,"value":1,"fill":"#BEBADA","supply":[{"label":"00 hrs","value":0},{"label":"01 hrs","value":0},{"label":"02 hrs","value":0},{"label":"03 hrs","value":0},{"label":"04 hrs","value":0},{"label":"05 hrs","value":0},{"label":"06 hrs","value":0},{"label":"07 hrs","value":0},{"label":"08 hrs","value":0},{"label":"09 hrs","value":0},{"label":"10 hrs","value":0},{"label":"11 hrs","value":0},{"label":"12 hrs","value":0},{"label":"13 hrs","value":0},{"label":"14 hrs","value":0},{"label":"15 hrs","value":0},{"label":"16 hrs","value":0},{"label":"17 hrs","value":1},{"label":"18 hrs","value":0},{"label":"19 hrs","value":0},{"label":"20 hrs","value":0},{"label":"21 hrs","value":0},{"label":"22 hrs","value":0},{"label":"23 hrs","value":0}]},{"source":15,"target":23,"value":1,"fill":"#BEBADA","supply":[{"label":"00 hrs","value":0},{"label":"01 hrs","value":0},{"label":"02 hrs","value":0},{"label":"03 hrs","value":0},{"label":"04 hrs","value":0},{"label":"05 hrs","value":0},{"label":"06 hrs","value":0},{"label":"07 hrs","value":0},{"label":"08 hrs","value":0},{"label":"09 hrs","value":0},{"label":"10 hrs","value":0},{"label":"11 hrs","value":0},{"label":"12 hrs","value":0},{"label":"13 hrs","value":0},{"label":"14 hrs","value":0},{"label":"15 hrs","value":0},{"label":"16 hrs","value":0},{"label":"17 hrs","value":0},{"label":"18 hrs","value":0},{"label":"19 hrs","value":0},{"label":"20 hrs","value":1},{"label":"21 hrs","value":0},{"label":"22 hrs","value":0},{"label":"23 hrs","value":0}]},{"source":15,"target":16,"value":6,"fill":"#BEBADA","supply":[{"label":"00 hrs","value":0},{"label":"01 hrs","value":0},{"label":"02 hrs","value":0},{"label":"03 hrs","value":0},{"label":"04 hrs","value":0},{"label":"05 hrs","value":0},{"label":"06 hrs","value":0},{"label":"07 hrs","value":0},{"label":"08 hrs","value":0},{"label":"09 hrs","value":0},{"label":"10 hrs","value":0},{"label":"11 hrs","value":1},{"label":"12 hrs","value":0},{"label":"13 hrs","value":0},{"label":"14 hrs","value":2},{"label":"15 hrs","value":0},{"label":"16 hrs","value":0},{"label":"17 hrs","value":0},{"label":"18 hrs","value":2},{"label":"19 hrs","value":0},{"label":"20 hrs","value":0},{"label":"21 hrs","value":1},{"label":"22 hrs","value":0},{"label":"23 hrs","value":0}]},{"source":15,"target":16,"value":1,"fill":"#FCC5C0","supply":[{"label":"00 hrs","value":0},{"label":"01 hrs","value":0},{"label":"02 hrs","value":0},{"label":"03 hrs","value":0},{"label":"04 hrs","value":0},{"label":"05 hrs","value":0},{"label":"06 hrs","value":0},{"label":"07 hrs","value":0},{"label":"08 hrs","value":0},{"label":"09 hrs","value":0},{"label":"10 hrs","value":0},{"label":"11 hrs","value":0},{"label":"12 hrs","value":0},{"label":"13 hrs","value":0},{"label":"14 hrs","value":0},{"label":"15 hrs","value":0},{"label":"16 hrs","value":0},{"label":"17 hrs","value":0},{"label":"18 hrs","value":0},{"label":"19 hrs","value":0},{"label":"20 hrs","value":1},{"label":"21 hrs","value":0},{"label":"22 hrs","value":0},{"label":"23 hrs","value":0}]}]}