{
  "nodes": [
    {"layer": 1,"name": "111","fill": "#E495A5"}, 
    {"layer": 2,"name": "Worsening","fill": "#B5AD64"}, {"layer": 2,"name": "Starlines","fill": "#D5A07B"}, 
    {"layer": 2,"name": "COVID Call Response","fill": "#D5A07B"}, {"layer": 3,"name": "COVID CAS","fill": "#86B875"}, 
    {"layer": 3,"name": "Health Advisor","fill": "#4EBE9C"}, {"layer": 2,"name": "Admin Caller","fill": "#D5A07B"}, 
    {"layer": 2,"name": "CMC","fill": "#B5AD64"}, {"layer": 2,"name": "Dental","fill": "#D5A07B"}, 
    {"layer": 4,"name": "999","fill": "#7DB0DD"}, {"layer": 4,"name": "COVID Hot Hub","fill": "#86B875"}, 
    {"layer": 4,"name": "GPOOH","fill": "#B8A0E0"}, {"layer": 4,"name": "GP","fill": "#B8A0E0"}, 
    {"layer": 4,"name": "ED","fill": "#DC94CB"}, {"layer": 4,"name": "GP Extended Hours","fill": "#B8A0E0"}
  ],
  "links": [
    {"source": 0,"target": 6,"value": 171,"supply": [{"label": "0 hrs","value": 7}, {"label": "1 hrs","value": 10}, {"label": "2 hrs","value": 3}, {"label": "3 hrs","value": 1}, {"label": "4 hrs","value": 10}, {"label": "5 hrs","value": 9}, {"label": "6 hrs","value": 10}, {"label": "7 hrs","value": 5}, {"label": "8 hrs","value": 4}, {"label": "9 hrs","value": 4}, {"label": "10 hrs","value": 4}, {"label": "11 hrs","value": 1}, {"label": "12 hrs","value": 1}, {"label": "13 hrs","value": 9}, {"label": "14 hrs","value": 8}, {"label": "15 hrs","value": 7}, {"label": "16 hrs","value": 8}, {"label": "17 hrs","value": 7}, {"label": "18 hrs","value": 4}, {"label": "19 hrs","value": 6}, {"label": "20 hrs","value": 2}, {"label": "21 hrs","value": 3}, {"label": "22 hrs","value": 2}, {"label": "23 hrs","value": 1}]}, 
    {"source": 0,"target": 7,"value": 9,"supply": [{"label": "0 hrs","value": 4}, {"label": "1 hrs","value": 3}, {"label": "2 hrs","value": 3}, {"label": "3 hrs","value": 5}, {"label": "4 hrs","value": 3}, {"label": "5 hrs","value": 1}, {"label": "6 hrs","value": 9}, {"label": "7 hrs","value": 7}, {"label": "8 hrs","value": 2}, {"label": "9 hrs","value": 1}, {"label": "10 hrs","value": 4}, {"label": "11 hrs","value": 10}, {"label": "12 hrs","value": 9}, {"label": "13 hrs","value": 6}, {"label": "14 hrs","value": 2}, {"label": "15 hrs","value": 4}, {"label": "16 hrs","value": 7}, {"label": "17 hrs","value": 3}, {"label": "18 hrs","value": 4}, {"label": "19 hrs","value": 3}, {"label": "20 hrs","value": 10}, {"label": "21 hrs","value": 1}, {"label": "22 hrs","value": 9}, {"label": "23 hrs","value": 9}]}, 
    {"source": 0,"target": 8,"value": 56,"supply": [{"label": "0 hrs","value": 8}, {"label": "1 hrs","value": 9}, {"label": "2 hrs","value": 3}, {"label": "3 hrs","value": 1}, {"label": "4 hrs","value": 3}, {"label": "5 hrs","value": 6}, {"label": "6 hrs","value": 2}, {"label": "7 hrs","value": 5}, {"label": "8 hrs","value": 4}, {"label": "9 hrs","value": 7}, {"label": "10 hrs","value": 6}, {"label": "11 hrs","value": 9}, {"label": "12 hrs","value": 4}, {"label": "13 hrs","value": 8}, {"label": "14 hrs","value": 0}, {"label": "15 hrs","value": 6}, {"label": "16 hrs","value": 6}, {"label": "17 hrs","value": 7}, {"label": "18 hrs","value": 1}, {"label": "19 hrs","value": 4}, {"label": "20 hrs","value": 9}, {"label": "21 hrs","value": 1}, {"label": "22 hrs","value": 6}, {"label": "23 hrs","value": 9}]}, 
    {"source": 0,"target": 2,"value": 81,"supply": [{"label": "0 hrs","value": 10}, {"label": "1 hrs","value": 4}, {"label": "2 hrs","value": 8}, {"label": "3 hrs","value": 10}, {"label": "4 hrs","value": 9}, {"label": "5 hrs","value": 4}, {"label": "6 hrs","value": 9}, {"label": "7 hrs","value": 2}, {"label": "8 hrs","value": 5}, {"label": "9 hrs","value": 2}, {"label": "10 hrs","value": 9}, {"label": "11 hrs","value": 4}, {"label": "12 hrs","value": 0}, {"label": "13 hrs","value": 8}, {"label": "14 hrs","value": 7}, {"label": "15 hrs","value": 9}, {"label": "16 hrs","value": 4}, {"label": "17 hrs","value": 8}, {"label": "18 hrs","value": 0}, {"label": "19 hrs","value": 2}, {"label": "20 hrs","value": 8}, {"label": "21 hrs","value": 8}, {"label": "22 hrs","value": 8}, {"label": "23 hrs","value": 8}]}, 
    {"source": 0,"target": 1,"value": 75,"supply": [{"label": "0 hrs","value": 7}, {"label": "1 hrs","value": 6}, {"label": "2 hrs","value": 2}, {"label": "3 hrs","value": 7}, {"label": "4 hrs","value": 7}, {"label": "5 hrs","value": 6}, {"label": "6 hrs","value": 8}, {"label": "7 hrs","value": 5}, {"label": "8 hrs","value": 4}, {"label": "9 hrs","value": 1}, {"label": "10 hrs","value": 10}, {"label": "11 hrs","value": 8}, {"label": "12 hrs","value": 5}, {"label": "13 hrs","value": 2}, {"label": "14 hrs","value": 1}, {"label": "15 hrs","value": 6}, {"label": "16 hrs","value": 3}, {"label": "17 hrs","value": 2}, {"label": "18 hrs","value": 0}, {"label": "19 hrs","value": 3}, {"label": "20 hrs","value": 1}, {"label": "21 hrs","value": 5}, {"label": "22 hrs","value": 6}, {"label": "23 hrs","value": 0}]}, 
    {"source": 0,"target": 3,"value": 296,"supply": [{"label": "0 hrs","value": 2}, {"label": "1 hrs","value": 3}, {"label": "2 hrs","value": 4}, {"label": "3 hrs","value": 0}, {"label": "4 hrs","value": 1}, {"label": "5 hrs","value": 2}, {"label": "6 hrs","value": 0}, {"label": "7 hrs","value": 7}, {"label": "8 hrs","value": 7}, {"label": "9 hrs","value": 4}, {"label": "10 hrs","value": 3}, {"label": "11 hrs","value": 1}, {"label": "12 hrs","value": 1}, {"label": "13 hrs","value": 8}, {"label": "14 hrs","value": 4}, {"label": "15 hrs","value": 6}, {"label": "16 hrs","value": 4}, {"label": "17 hrs","value": 10}, {"label": "18 hrs","value": 5}, {"label": "19 hrs","value": 0}, {"label": "20 hrs","value": 1}, {"label": "21 hrs","value": 2}, {"label": "22 hrs","value": 6}, {"label": "23 hrs","value": 4}]}, 
    {"source": 1,"target": 4,"value": 37,"supply": [{"label": "0 hrs","value": 7}, {"label": "1 hrs","value": 4}, {"label": "2 hrs","value": 7}, {"label": "3 hrs","value": 6}, {"label": "4 hrs","value": 9}, {"label": "5 hrs","value": 9}, {"label": "6 hrs","value": 6}, {"label": "7 hrs","value": 5}, {"label": "8 hrs","value": 5}, {"label": "9 hrs","value": 1}, {"label": "10 hrs","value": 2}, {"label": "11 hrs","value": 2}, {"label": "12 hrs","value": 4}, {"label": "13 hrs","value": 3}, {"label": "14 hrs","value": 8}, {"label": "15 hrs","value": 5}, {"label": "16 hrs","value": 5}, {"label": "17 hrs","value": 8}, {"label": "18 hrs","value": 3}, {"label": "19 hrs","value": 8}, {"label": "20 hrs","value": 2}, {"label": "21 hrs","value": 3}, {"label": "22 hrs","value": 2}, {"label": "23 hrs","value": 2}]}, 
    {"source": 2,"target": 4,"value": 43,"supply": [{"label": "0 hrs","value": 4}, {"label": "1 hrs","value": 3}, {"label": "2 hrs","value": 8}, {"label": "3 hrs","value": 6}, {"label": "4 hrs","value": 9}, {"label": "5 hrs","value": 8}, {"label": "6 hrs","value": 1}, {"label": "7 hrs","value": 7}, {"label": "8 hrs","value": 8}, {"label": "9 hrs","value": 4}, {"label": "10 hrs","value": 5}, {"label": "11 hrs","value": 6}, {"label": "12 hrs","value": 10}, {"label": "13 hrs","value": 5}, {"label": "14 hrs","value": 9}, {"label": "15 hrs","value": 5}, {"label": "16 hrs","value": 8}, {"label": "17 hrs","value": 6}, {"label": "18 hrs","value": 3}, {"label": "19 hrs","value": 2}, {"label": "20 hrs","value": 3}, {"label": "21 hrs","value": 0}, {"label": "22 hrs","value": 5}, {"label": "23 hrs","value": 0}]}, 
    {"source": 3,"target": 9,"value": 105,"supply": [{"label": "0 hrs","value": 9}, {"label": "1 hrs","value": 2}, {"label": "2 hrs","value": 1}, {"label": "3 hrs","value": 3}, {"label": "4 hrs","value": 1}, {"label": "5 hrs","value": 2}, {"label": "6 hrs","value": 4}, {"label": "7 hrs","value": 10}, {"label": "8 hrs","value": 7}, {"label": "9 hrs","value": 1}, {"label": "10 hrs","value": 5}, {"label": "11 hrs","value": 1}, {"label": "12 hrs","value": 10}, {"label": "13 hrs","value": 9}, {"label": "14 hrs","value": 1}, {"label": "15 hrs","value": 5}, {"label": "16 hrs","value": 6}, {"label": "17 hrs","value": 1}, {"label": "18 hrs","value": 7}, {"label": "19 hrs","value": 0}, {"label": "20 hrs","value": 3}, {"label": "21 hrs","value": 2}, {"label": "22 hrs","value": 1}, {"label": "23 hrs","value": 5}]}, 
    {"source": 3,"target": 5,"value": 177,"supply": [{"label": "0 hrs","value": 8}, {"label": "1 hrs","value": 2}, {"label": "2 hrs","value": 6}, {"label": "3 hrs","value": 6}, {"label": "4 hrs","value": 1}, {"label": "5 hrs","value": 10}, {"label": "6 hrs","value": 1}, {"label": "7 hrs","value": 1}, {"label": "8 hrs","value": 9}, {"label": "9 hrs","value": 8}, {"label": "10 hrs","value": 5}, {"label": "11 hrs","value": 6}, {"label": "12 hrs","value": 5}, {"label": "13 hrs","value": 8}, {"label": "14 hrs","value": 4}, {"label": "15 hrs","value": 6}, {"label": "16 hrs","value": 7}, {"label": "17 hrs","value": 9}, {"label": "18 hrs","value": 2}, {"label": "19 hrs","value": 4}, {"label": "20 hrs","value": 0}, {"label": "21 hrs","value": 3}, {"label": "22 hrs","value": 6}, {"label": "23 hrs","value": 7}]}, 
    {"source": 3,"target": 4,"value": 26,"supply": [{"label": "0 hrs","value": 7}, {"label": "1 hrs","value": 3}, {"label": "2 hrs","value": 6}, {"label": "3 hrs","value": 4}, {"label": "4 hrs","value": 1}, {"label": "5 hrs","value": 9}, {"label": "6 hrs","value": 6}, {"label": "7 hrs","value": 0}, {"label": "8 hrs","value": 7}, {"label": "9 hrs","value": 5}, {"label": "10 hrs","value": 8}, {"label": "11 hrs","value": 5}, {"label": "12 hrs","value": 8}, {"label": "13 hrs","value": 8}, {"label": "14 hrs","value": 8}, {"label": "15 hrs","value": 7}, {"label": "16 hrs","value": 2}, {"label": "17 hrs","value": 8}, {"label": "18 hrs","value": 0}, {"label": "19 hrs","value": 4}, {"label": "20 hrs","value": 4}, {"label": "21 hrs","value": 2}, {"label": "22 hrs","value": 4}, {"label": "23 hrs","value": 4}]}, 
    {"source": 4,"target": 10,"value": 23,"supply": [{"label": "0 hrs","value": 3}, {"label": "1 hrs","value": 3}, {"label": "2 hrs","value": 4}, {"label": "3 hrs","value": 10}, {"label": "4 hrs","value": 8}, {"label": "5 hrs","value": 3}, {"label": "6 hrs","value": 4}, {"label": "7 hrs","value": 3}, {"label": "8 hrs","value": 5}, {"label": "9 hrs","value": 7}, {"label": "10 hrs","value": 8}, {"label": "11 hrs","value": 5}, {"label": "12 hrs","value": 2}, {"label": "13 hrs","value": 1}, {"label": "14 hrs","value": 8}, {"label": "15 hrs","value": 7}, {"label": "16 hrs","value": 3}, {"label": "17 hrs","value": 6}, {"label": "18 hrs","value": 7}, {"label": "19 hrs","value": 8}, {"label": "20 hrs","value": 6}, {"label": "21 hrs","value": 8}, {"label": "22 hrs","value": 2}, {"label": "23 hrs","value": 9}]}, 
    {"source": 5,"target": 11,"value": 122,"supply": [{"label": "0 hrs","value": 2}, {"label": "1 hrs","value": 1}, {"label": "2 hrs","value": 1}, {"label": "3 hrs","value": 1}, {"label": "4 hrs","value": 3}, {"label": "5 hrs","value": 8}, {"label": "6 hrs","value": 1}, {"label": "7 hrs","value": 9}, {"label": "8 hrs","value": 9}, {"label": "9 hrs","value": 6}, {"label": "10 hrs","value": 10}, {"label": "11 hrs","value": 8}, {"label": "12 hrs","value": 10}, {"label": "13 hrs","value": 3}, {"label": "14 hrs","value": 8}, {"label": "15 hrs","value": 5}, {"label": "16 hrs","value": 7}, {"label": "17 hrs","value": 8}, {"label": "18 hrs","value": 6}, {"label": "19 hrs","value": 6}, {"label": "20 hrs","value": 0}, {"label": "21 hrs","value": 5}, {"label": "22 hrs","value": 4}, {"label": "23 hrs","value": 8}]}, 
    {"source": 5,"target": 12,"value": 154,"supply": [{"label": "0 hrs","value": 1}, {"label": "1 hrs","value": 6}, {"label": "2 hrs","value": 10}, {"label": "3 hrs","value": 10}, {"label": "4 hrs","value": 8}, {"label": "5 hrs","value": 7}, {"label": "6 hrs","value": 2}, {"label": "7 hrs","value": 6}, {"label": "8 hrs","value": 0}, {"label": "9 hrs","value": 4}, {"label": "10 hrs","value": 4}, {"label": "11 hrs","value": 7}, {"label": "12 hrs","value": 10}, {"label": "13 hrs","value": 0}, {"label": "14 hrs","value": 3}, {"label": "15 hrs","value": 8}, {"label": "16 hrs","value": 7}, {"label": "17 hrs","value": 4}, {"label": "18 hrs","value": 9}, {"label": "19 hrs","value": 2}, {"label": "20 hrs","value": 6}, {"label": "21 hrs","value": 3}, {"label": "22 hrs","value": 3}, {"label": "23 hrs","value": 6}]}, 
    {"source": 5,"target": 13,"value": 149,"supply": [{"label": "0 hrs","value": 1}, {"label": "1 hrs","value": 2}, {"label": "2 hrs","value": 7}, {"label": "3 hrs","value": 8}, {"label": "4 hrs","value": 10}, {"label": "5 hrs","value": 1}, {"label": "6 hrs","value": 0}, {"label": "7 hrs","value": 4}, {"label": "8 hrs","value": 8}, {"label": "9 hrs","value": 6}, {"label": "10 hrs","value": 3}, {"label": "11 hrs","value": 2}, {"label": "12 hrs","value": 5}, {"label": "13 hrs","value": 6}, {"label": "14 hrs","value": 2}, {"label": "15 hrs","value": 9}, {"label": "16 hrs","value": 4}, {"label": "17 hrs","value": 2}, {"label": "18 hrs","value": 1}, {"label": "19 hrs","value": 4}, {"label": "20 hrs","value": 7}, {"label": "21 hrs","value": 9}, {"label": "22 hrs","value": 10}, {"label": "23 hrs","value": 4}]}, 
    {"source": 5,"target": 10,"value": 122,"supply": [{"label": "0 hrs","value": 8}, {"label": "1 hrs","value": 7}, {"label": "2 hrs","value": 2}, {"label": "3 hrs","value": 0}, {"label": "4 hrs","value": 0}, {"label": "5 hrs","value": 5}, {"label": "6 hrs","value": 5}, {"label": "7 hrs","value": 3}, {"label": "8 hrs","value": 3}, {"label": "9 hrs","value": 0}, {"label": "10 hrs","value": 5}, {"label": "11 hrs","value": 1}, {"label": "12 hrs","value": 4}, {"label": "13 hrs","value": 4}, {"label": "14 hrs","value": 7}, {"label": "15 hrs","value": 6}, {"label": "16 hrs","value": 2}, {"label": "17 hrs","value": 8}, {"label": "18 hrs","value": 1}, {"label": "19 hrs","value": 8}, {"label": "20 hrs","value": 7}, {"label": "21 hrs","value": 7}, {"label": "22 hrs","value": 10}, {"label": "23 hrs","value": 9}]}, 
    {"source": 5,"target": 14,"value": 119,"supply": [{"label": "0 hrs","value": 1}, {"label": "1 hrs","value": 2}, {"label": "2 hrs","value": 7}, {"label": "3 hrs","value": 5}, {"label": "4 hrs","value": 4}, {"label": "5 hrs","value": 8}, {"label": "6 hrs","value": 5}, {"label": "7 hrs","value": 2}, {"label": "8 hrs","value": 7}, {"label": "9 hrs","value": 5}, {"label": "10 hrs","value": 3}, {"label": "11 hrs","value": 2}, {"label": "12 hrs","value": 5}, {"label": "13 hrs","value": 5}, {"label": "14 hrs","value": 6}, {"label": "15 hrs","value": 4}, {"label": "16 hrs","value": 2}, {"label": "17 hrs","value": 6}, {"label": "18 hrs","value": 9}, {"label": "19 hrs","value": 1}, {"label": "20 hrs","value": 1}, {"label": "21 hrs","value": 3}, {"label": "22 hrs","value": 5}, {"label": "23 hrs","value": 9}]}
  ]
}