{"nodes":[{"layer":0,"name":"National Telephony","fill":"#8C2D04","grouping":[{"label":"National Telephony","value":2109}]},{"layer":1,"name":"Admin","fill":"#D94801","grouping":[{"label":"Admin","value":114}]},{"layer":1,"name":"CMC (Clinical Advisor)","fill":"#D94801","grouping":[{"label":"CMC (Clinical Advisor)","value":8}]},{"layer":1,"name":"Dental","fill":"#D94801","grouping":[{"label":"Dental","value":184}]},{"layer":1,"name":"Other","fill":"#D94801","grouping":[{"label":"Other","value":1709}]},{"layer":1,"name":"Star Lines","fill":"#D94801","grouping":[{"label":"Star Lines","value":40}]},{"layer":1,"name":"Worsening","fill":"#D94801","grouping":[{"label":"Worsening","value":54}]},{"layer":2,"name":"InHealth","fill":"#F16913","grouping":[{"label":"InHealth","value":973},{"label":"InHealth (Dental)","value":159}]},{"layer":2,"name":"NEL 111","fill":"#F16913","grouping":[{"label":"PRM","value":2109}]},{"layer":4,"name":"CA","fill":"#FD8D3C","grouping":[{"label":"CA","value":14}]},{"layer":4,"name":"GP","fill":"#FD8D3C","grouping":[{"label":"GP","value":10}]},{"layer":4,"name":"HA","fill":"#FD8D3C","grouping":[{"label":"HA","value":80}]},{"layer":4,"name":"SA","fill":"#FD8D3C","grouping":[{"label":"SA","value":23}]},{"layer":5,"name":"CA","fill":"#FDAE6B","grouping":[{"label":"CA","value":30}]},{"layer":5,"name":"GP","fill":"#FDAE6B","grouping":[{"label":"GP","value":52}]},{"layer":5,"name":"HA","fill":"#FDAE6B","grouping":[{"label":"HA","value":45}]},{"layer":7,"name":"999","fill":"#FDD0A2","grouping":[{"label":"NHS Ambulance Service","value":7}]},{"layer":7,"name":"Care Home","fill":"#FDD0A2","grouping":[{"label":"Care Home","value":46}]},{"layer":7,"name":"Dental","fill":"#FDD0A2","grouping":[{"label":"Dental Emergency","value":39}]},{"layer":7,"name":"District/Community Nurse","fill":"#FDD0A2","grouping":[{"label":"District/Community Nurse","value":8}]},{"layer":7,"name":"ED","fill":"#FDD0A2","grouping":[{"label":"Emergency Department (ED)","value":95}]},{"layer":7,"name":"GP/GP Extended Hours/GP Choice/Hub","fill":"#FDD0A2","grouping":[{"label":"GP Practice","value":65},{"label":"GP Practice Extended Hours","value":180}]},{"layer":7,"name":"IUC CAS/Calls/Treatment","fill":"#FDD0A2","grouping":[{"label":"Integrated Urgent Care (IUC) Clinical Assessment Service (CAS)","value":20},{"label":"Integrated Urgent Care (IUC) NHS 111 Call Handling Provider","value":3},{"label":"Integrated Urgent Care (IUC) Treatment Service","value":358}]},{"layer":7,"name":"Mental Health","fill":"#FDD0A2","grouping":[{"label":"Mental Health","value":7}]},{"layer":7,"name":"MIU/UTC/UCC/WiC","fill":"#FDD0A2","grouping":[]},{"layer":7,"name":"Specialist Services","fill":"#FDD0A2","grouping":[]}],"links":[{"source":0,"target":1,"value":114,"fill":"#FB8072","supply":[{"label":"00 hrs","value":0},{"label":"01 hrs","value":0},{"label":"02 hrs","value":1},{"label":"03 hrs","value":1},{"label":"04 hrs","value":1},{"label":"05 hrs","value":1},{"label":"06 hrs","value":1},{"label":"07 hrs","value":2},{"label":"08 hrs","value":1},{"label":"09 hrs","value":9},{"label":"10 hrs","value":8},{"label":"11 hrs","value":10},{"label":"12 hrs","value":12},{"label":"13 hrs","value":6},{"label":"14 hrs","value":5},{"label":"15 hrs","value":11},{"label":"16 hrs","value":5},{"label":"17 hrs","value":8},{"label":"18 hrs","value":5},{"label":"19 hrs","value":6},{"label":"20 hrs","value":8},{"label":"21 hrs","value":5},{"label":"22 hrs","value":7},{"label":"23 hrs","value":1}]},{"source":0,"target":2,"value":8,"fill":"#FCC5C0","supply":[{"label":"00 hrs","value":0},{"label":"01 hrs","value":0},{"label":"02 hrs","value":0},{"label":"03 hrs","value":0},{"label":"04 hrs","value":1},{"label":"05 hrs","value":0},{"label":"06 hrs","value":1},{"label":"07 hrs","value":1},{"label":"08 hrs","value":0},{"label":"09 hrs","value":1},{"label":"10 hrs","value":1},{"label":"11 hrs","value":0},{"label":"12 hrs","value":0},{"label":"13 hrs","value":0},{"label":"14 hrs","value":0},{"label":"15 hrs","value":1},{"label":"16 hrs","value":0},{"label":"17 hrs","value":1},{"label":"18 hrs","value":0},{"label":"19 hrs","value":0},{"label":"20 hrs","value":0},{"label":"21 hrs","value":0},{"label":"22 hrs","value":1},{"label":"23 hrs","value":0}]},{"source":0,"target":3,"value":25,"fill":"#FF7F00","supply":[{"label":"00 hrs","value":1},{"label":"01 hrs","value":3},{"label":"02 hrs","value":2},{"label":"03 hrs","value":1},{"label":"04 hrs","value":0},{"label":"05 hrs","value":1},{"label":"06 hrs","value":5},{"label":"07 hrs","value":2},{"label":"08 hrs","value":11},{"label":"09 hrs","value":20},{"label":"10 hrs","value":18},{"label":"11 hrs","value":20},{"label":"12 hrs","value":8},{"label":"13 hrs","value":14},{"label":"14 hrs","value":10},{"label":"15 hrs","value":14},{"label":"16 hrs","value":3},{"label":"17 hrs","value":9},{"label":"18 hrs","value":11},{"label":"19 hrs","value":6},{"label":"20 hrs","value":6},{"label":"21 hrs","value":9},{"label":"22 hrs","value":5},{"label":"23 hrs","value":5}]},{"source":0,"target":4,"value":736,"fill":"#BEBADA","supply":[{"label":"00 hrs","value":25},{"label":"01 hrs","value":22},{"label":"02 hrs","value":23},{"label":"03 hrs","value":18},{"label":"04 hrs","value":15},{"label":"05 hrs","value":22},{"label":"06 hrs","value":27},{"label":"07 hrs","value":47},{"label":"08 hrs","value":69},{"label":"09 hrs","value":70},{"label":"10 hrs","value":107},{"label":"11 hrs","value":146},{"label":"12 hrs","value":156},{"label":"13 hrs","value":156},{"label":"14 hrs","value":111},{"label":"15 hrs","value":92},{"label":"16 hrs","value":82},{"label":"17 hrs","value":92},{"label":"18 hrs","value":90},{"label":"19 hrs","value":112},{"label":"20 hrs","value":73},{"label":"21 hrs","value":65},{"label":"22 hrs","value":52},{"label":"23 hrs","value":37}]},{"source":0,"target":5,"value":40,"fill":"#8DD3C7","supply":[{"label":"00 hrs","value":0},{"label":"01 hrs","value":2},{"label":"02 hrs","value":0},{"label":"03 hrs","value":0},{"label":"04 hrs","value":0},{"label":"05 hrs","value":0},{"label":"06 hrs","value":1},{"label":"07 hrs","value":2},{"label":"08 hrs","value":1},{"label":"09 hrs","value":2},{"label":"10 hrs","value":6},{"label":"11 hrs","value":4},{"label":"12 hrs","value":2},{"label":"13 hrs","value":7},{"label":"14 hrs","value":0},{"label":"15 hrs","value":1},{"label":"16 hrs","value":3},{"label":"17 hrs","value":0},{"label":"18 hrs","value":1},{"label":"19 hrs","value":2},{"label":"20 hrs","value":2},{"label":"21 hrs","value":1},{"label":"22 hrs","value":2},{"label":"23 hrs","value":1}]},{"source":0,"target":6,"value":54,"fill":"#A65628","supply":[{"label":"00 hrs","value":2},{"label":"01 hrs","value":2},{"label":"02 hrs","value":1},{"label":"03 hrs","value":1},{"label":"04 hrs","value":0},{"label":"05 hrs","value":1},{"label":"06 hrs","value":0},{"label":"07 hrs","value":1},{"label":"08 hrs","value":6},{"label":"09 hrs","value":6},{"label":"10 hrs","value":2},{"label":"11 hrs","value":6},{"label":"12 hrs","value":7},{"label":"13 hrs","value":2},{"label":"14 hrs","value":3},{"label":"15 hrs","value":3},{"label":"16 hrs","value":2},{"label":"17 hrs","value":1},{"label":"18 hrs","value":2},{"label":"19 hrs","value":2},{"label":"20 hrs","value":2},{"label":"21 hrs","value":1},{"label":"22 hrs","value":1},{"label":"23 hrs","value":0}]},{"source":1,"target":8,"value":114,"fill":"#FB8072","supply":[{"label":"00 hrs","value":0},{"label":"01 hrs","value":0},{"label":"02 hrs","value":1},{"label":"03 hrs","value":1},{"label":"04 hrs","value":1},{"label":"05 hrs","value":1},{"label":"06 hrs","value":1},{"label":"07 hrs","value":2},{"label":"08 hrs","value":1},{"label":"09 hrs","value":9},{"label":"10 hrs","value":8},{"label":"11 hrs","value":10},{"label":"12 hrs","value":12},{"label":"13 hrs","value":6},{"label":"14 hrs","value":5},{"label":"15 hrs","value":11},{"label":"16 hrs","value":5},{"label":"17 hrs","value":8},{"label":"18 hrs","value":5},{"label":"19 hrs","value":6},{"label":"20 hrs","value":8},{"label":"21 hrs","value":5},{"label":"22 hrs","value":7},{"label":"23 hrs","value":1}]},{"source":2,"target":8,"value":8,"fill":"#FCC5C0","supply":[{"label":"00 hrs","value":0},{"label":"01 hrs","value":0},{"label":"02 hrs","value":0},{"label":"03 hrs","value":0},{"label":"04 hrs","value":1},{"label":"05 hrs","value":0},{"label":"06 hrs","value":1},{"label":"07 hrs","value":1},{"label":"08 hrs","value":0},{"label":"09 hrs","value":1},{"label":"10 hrs","value":1},{"label":"11 hrs","value":0},{"label":"12 hrs","value":0},{"label":"13 hrs","value":0},{"label":"14 hrs","value":0},{"label":"15 hrs","value":1},{"label":"16 hrs","value":0},{"label":"17 hrs","value":1},{"label":"18 hrs","value":0},{"label":"19 hrs","value":0},{"label":"20 hrs","value":0},{"label":"21 hrs","value":0},{"label":"22 hrs","value":1},{"label":"23 hrs","value":0}]},{"source":3,"target":8,"value":184,"fill":"#FF7F00","supply":[{"label":"00 hrs","value":1},{"label":"01 hrs","value":3},{"label":"02 hrs","value":2},{"label":"03 hrs","value":1},{"label":"04 hrs","value":0},{"label":"05 hrs","value":1},{"label":"06 hrs","value":5},{"label":"07 hrs","value":2},{"label":"08 hrs","value":11},{"label":"09 hrs","value":20},{"label":"10 hrs","value":18},{"label":"11 hrs","value":20},{"label":"12 hrs","value":8},{"label":"13 hrs","value":14},{"label":"14 hrs","value":10},{"label":"15 hrs","value":14},{"label":"16 hrs","value":3},{"label":"17 hrs","value":9},{"label":"18 hrs","value":11},{"label":"19 hrs","value":6},{"label":"20 hrs","value":6},{"label":"21 hrs","value":9},{"label":"22 hrs","value":5},{"label":"23 hrs","value":5}]},{"source":4,"target":8,"value":1709,"fill":"#BEBADA","supply":[{"label":"00 hrs","value":25},{"label":"01 hrs","value":22},{"label":"02 hrs","value":23},{"label":"03 hrs","value":18},{"label":"04 hrs","value":15},{"label":"05 hrs","value":22},{"label":"06 hrs","value":27},{"label":"07 hrs","value":47},{"label":"08 hrs","value":69},{"label":"09 hrs","value":70},{"label":"10 hrs","value":107},{"label":"11 hrs","value":146},{"label":"12 hrs","value":156},{"label":"13 hrs","value":156},{"label":"14 hrs","value":111},{"label":"15 hrs","value":92},{"label":"16 hrs","value":82},{"label":"17 hrs","value":92},{"label":"18 hrs","value":90},{"label":"19 hrs","value":112},{"label":"20 hrs","value":73},{"label":"21 hrs","value":65},{"label":"22 hrs","value":52},{"label":"23 hrs","value":37}]},{"source":5,"target":8,"value":40,"fill":"#8DD3C7","supply":[{"label":"00 hrs","value":0},{"label":"01 hrs","value":2},{"label":"02 hrs","value":0},{"label":"03 hrs","value":0},{"label":"04 hrs","value":0},{"label":"05 hrs","value":0},{"label":"06 hrs","value":1},{"label":"07 hrs","value":2},{"label":"08 hrs","value":1},{"label":"09 hrs","value":2},{"label":"10 hrs","value":6},{"label":"11 hrs","value":4},{"label":"12 hrs","value":2},{"label":"13 hrs","value":7},{"label":"14 hrs","value":0},{"label":"15 hrs","value":1},{"label":"16 hrs","value":3},{"label":"17 hrs","value":0},{"label":"18 hrs","value":1},{"label":"19 hrs","value":2},{"label":"20 hrs","value":2},{"label":"21 hrs","value":1},{"label":"22 hrs","value":2},{"label":"23 hrs","value":1}]},{"source":6,"target":8,"value":54,"fill":"#A65628","supply":[{"label":"00 hrs","value":2},{"label":"01 hrs","value":2},{"label":"02 hrs","value":1},{"label":"03 hrs","value":1},{"label":"04 hrs","value":0},{"label":"05 hrs","value":1},{"label":"06 hrs","value":0},{"label":"07 hrs","value":1},{"label":"08 hrs","value":6},{"label":"09 hrs","value":6},{"label":"10 hrs","value":2},{"label":"11 hrs","value":6},{"label":"12 hrs","value":7},{"label":"13 hrs","value":2},{"label":"14 hrs","value":3},{"label":"15 hrs","value":3},{"label":"16 hrs","value":2},{"label":"17 hrs","value":1},{"label":"18 hrs","value":2},{"label":"19 hrs","value":2},{"label":"20 hrs","value":2},{"label":"21 hrs","value":1},{"label":"22 hrs","value":1},{"label":"23 hrs","value":0}]},{"source":4,"target":7,"value":973,"fill":"#BEBADA","supply":[{"label":"00 hrs","value":0},{"label":"01 hrs","value":0},{"label":"02 hrs","value":0},{"label":"03 hrs","value":0},{"label":"04 hrs","value":0},{"label":"05 hrs","value":0},{"label":"06 hrs","value":0},{"label":"07 hrs","value":0},{"label":"08 hrs","value":56},{"label":"09 hrs","value":52},{"label":"10 hrs","value":92},{"label":"11 hrs","value":100},{"label":"12 hrs","value":98},{"label":"13 hrs","value":95},{"label":"14 hrs","value":69},{"label":"15 hrs","value":56},{"label":"16 hrs","value":42},{"label":"17 hrs","value":51},{"label":"18 hrs","value":56},{"label":"19 hrs","value":59},{"label":"20 hrs","value":45},{"label":"21 hrs","value":43},{"label":"22 hrs","value":30},{"label":"23 hrs","value":29}]},{"source":3,"target":7,"value":159,"fill":"#FF7F00","supply":[{"label":"00 hrs","value":0},{"label":"01 hrs","value":0},{"label":"02 hrs","value":0},{"label":"03 hrs","value":0},{"label":"04 hrs","value":0},{"label":"05 hrs","value":0},{"label":"06 hrs","value":0},{"label":"07 hrs","value":0},{"label":"08 hrs","value":11},{"label":"09 hrs","value":18},{"label":"10 hrs","value":16},{"label":"11 hrs","value":18},{"label":"12 hrs","value":7},{"label":"13 hrs","value":13},{"label":"14 hrs","value":11},{"label":"15 hrs","value":13},{"label":"16 hrs","value":4},{"label":"17 hrs","value":9},{"label":"18 hrs","value":10},{"label":"19 hrs","value":5},{"label":"20 hrs","value":6},{"label":"21 hrs","value":9},{"label":"22 hrs","value":5},{"label":"23 hrs","value":4}]},{"source":8,"target":9,"value":2,"fill":"#FCC5C0","supply":[{"label":"00 hrs","value":0},{"label":"01 hrs","value":0},{"label":"02 hrs","value":0},{"label":"03 hrs","value":0},{"label":"04 hrs","value":0},{"label":"05 hrs","value":0},{"label":"06 hrs","value":0},{"label":"07 hrs","value":0},{"label":"08 hrs","value":0},{"label":"09 hrs","value":0},{"label":"10 hrs","value":0},{"label":"11 hrs","value":0},{"label":"12 hrs","value":0},{"label":"13 hrs","value":0},{"label":"14 hrs","value":0},{"label":"15 hrs","value":2},{"label":"16 hrs","value":0},{"label":"17 hrs","value":0},{"label":"18 hrs","value":0},{"label":"19 hrs","value":0},{"label":"20 hrs","value":0},{"label":"21 hrs","value":0},{"label":"22 hrs","value":0},{"label":"23 hrs","value":0}]},{"source":8,"target":11,"value":51,"fill":"#FCC5C0","supply":[{"label":"00 hrs","value":1},{"label":"01 hrs","value":1},{"label":"02 hrs","value":0},{"label":"03 hrs","value":0},{"label":"04 hrs","value":0},{"label":"05 hrs","value":1},{"label":"06 hrs","value":2},{"label":"07 hrs","value":3},{"label":"08 hrs","value":0},{"label":"09 hrs","value":2},{"label":"10 hrs","value":3},{"label":"11 hrs","value":5},{"label":"12 hrs","value":1},{"label":"13 hrs","value":3},{"label":"14 hrs","value":1},{"label":"15 hrs","value":2},{"label":"16 hrs","value":4},{"label":"17 hrs","value":3},{"label":"18 hrs","value":6},{"label":"19 hrs","value":6},{"label":"20 hrs","value":1},{"label":"21 hrs","value":1},{"label":"22 hrs","value":5},{"label":"23 hrs","value":0}]},{"source":8,"target":12,"value":5,"fill":"#FCC5C0","supply":[{"label":"00 hrs","value":0},{"label":"01 hrs","value":0},{"label":"02 hrs","value":0},{"label":"03 hrs","value":0},{"label":"04 hrs","value":0},{"label":"05 hrs","value":0},{"label":"06 hrs","value":0},{"label":"07 hrs","value":0},{"label":"08 hrs","value":1},{"label":"09 hrs","value":0},{"label":"10 hrs","value":1},{"label":"11 hrs","value":2},{"label":"12 hrs","value":0},{"label":"13 hrs","value":0},{"label":"14 hrs","value":0},{"label":"15 hrs","value":0},{"label":"16 hrs","value":0},{"label":"17 hrs","value":1},{"label":"18 hrs","value":0},{"label":"19 hrs","value":0},{"label":"20 hrs","value":0},{"label":"21 hrs","value":0},{"label":"22 hrs","value":0},{"label":"23 hrs","value":0}]},{"source":8,"target":9,"value":1,"fill":"#8DD3C7","supply":[{"label":"00 hrs","value":0},{"label":"01 hrs","value":0},{"label":"02 hrs","value":0},{"label":"03 hrs","value":0},{"label":"04 hrs","value":0},{"label":"05 hrs","value":0},{"label":"06 hrs","value":0},{"label":"07 hrs","value":0},{"label":"08 hrs","value":0},{"label":"09 hrs","value":0},{"label":"10 hrs","value":0},{"label":"11 hrs","value":0},{"label":"12 hrs","value":0},{"label":"13 hrs","value":0},{"label":"14 hrs","value":0},{"label":"15 hrs","value":1},{"label":"16 hrs","value":0},{"label":"17 hrs","value":0},{"label":"18 hrs","value":0},{"label":"19 hrs","value":0},{"label":"20 hrs","value":0},{"label":"21 hrs","value":0},{"label":"22 hrs","value":0},{"label":"23 hrs","value":0}]},{"source":8,"target":11,"value":46,"fill":"#8DD3C7","supply":[{"label":"00 hrs","value":2},{"label":"01 hrs","value":2},{"label":"02 hrs","value":1},{"label":"03 hrs","value":1},{"label":"04 hrs","value":0},{"label":"05 hrs","value":0},{"label":"06 hrs","value":0},{"label":"07 hrs","value":2},{"label":"08 hrs","value":2},{"label":"09 hrs","value":3},{"label":"10 hrs","value":1},{"label":"11 hrs","value":5},{"label":"12 hrs","value":2},{"label":"13 hrs","value":5},{"label":"14 hrs","value":1},{"label":"15 hrs","value":3},{"label":"16 hrs","value":4},{"label":"17 hrs","value":1},{"label":"18 hrs","value":3},{"label":"19 hrs","value":1},{"label":"20 hrs","value":3},{"label":"21 hrs","value":1},{"label":"22 hrs","value":1},{"label":"23 hrs","value":2}]},{"source":8,"target":9,"value":77,"fill":"#BEBADA","supply":[{"label":"00 hrs","value":4},{"label":"01 hrs","value":7},{"label":"02 hrs","value":3},{"label":"03 hrs","value":1},{"label":"04 hrs","value":3},{"label":"05 hrs","value":3},{"label":"06 hrs","value":2},{"label":"07 hrs","value":2},{"label":"08 hrs","value":2},{"label":"09 hrs","value":1},{"label":"10 hrs","value":4},{"label":"11 hrs","value":1},{"label":"12 hrs","value":6},{"label":"13 hrs","value":5},{"label":"14 hrs","value":3},{"label":"15 hrs","value":10},{"label":"16 hrs","value":5},{"label":"17 hrs","value":2},{"label":"18 hrs","value":3},{"label":"19 hrs","value":1},{"label":"20 hrs","value":4},{"label":"21 hrs","value":4},{"label":"22 hrs","value":1},{"label":"23 hrs","value":0}]},{"source":8,"target":10,"value":65,"fill":"#BEBADA","supply":[{"label":"00 hrs","value":1},{"label":"01 hrs","value":1},{"label":"02 hrs","value":4},{"label":"03 hrs","value":2},{"label":"04 hrs","value":3},{"label":"05 hrs","value":0},{"label":"06 hrs","value":1},{"label":"07 hrs","value":2},{"label":"08 hrs","value":0},{"label":"09 hrs","value":4},{"label":"10 hrs","value":4},{"label":"11 hrs","value":2},{"label":"12 hrs","value":6},{"label":"13 hrs","value":7},{"label":"14 hrs","value":4},{"label":"15 hrs","value":2},{"label":"16 hrs","value":2},{"label":"17 hrs","value":2},{"label":"18 hrs","value":4},{"label":"19 hrs","value":1},{"label":"20 hrs","value":2},{"label":"21 hrs","value":0},{"label":"22 hrs","value":7},{"label":"23 hrs","value":4}]},{"source":8,"target":11,"value":1097,"fill":"#BEBADA","supply":[{"label":"00 hrs","value":21},{"label":"01 hrs","value":18},{"label":"02 hrs","value":25},{"label":"03 hrs","value":21},{"label":"04 hrs","value":16},{"label":"05 hrs","value":15},{"label":"06 hrs","value":17},{"label":"07 hrs","value":33},{"label":"08 hrs","value":45},{"label":"09 hrs","value":59},{"label":"10 hrs","value":67},{"label":"11 hrs","value":85},{"label":"12 hrs","value":64},{"label":"13 hrs","value":89},{"label":"14 hrs","value":67},{"label":"15 hrs","value":64},{"label":"16 hrs","value":63},{"label":"17 hrs","value":53},{"label":"18 hrs","value":52},{"label":"19 hrs","value":63},{"label":"20 hrs","value":50},{"label":"21 hrs","value":43},{"label":"22 hrs","value":30},{"label":"23 hrs","value":37}]},{"source":8,"target":12,"value":53,"fill":"#BEBADA","supply":[{"label":"00 hrs","value":0},{"label":"01 hrs","value":0},{"label":"02 hrs","value":0},{"label":"03 hrs","value":1},{"label":"04 hrs","value":0},{"label":"05 hrs","value":0},{"label":"06 hrs","value":1},{"label":"07 hrs","value":0},{"label":"08 hrs","value":0},{"label":"09 hrs","value":2},{"label":"10 hrs","value":3},{"label":"11 hrs","value":6},{"label":"12 hrs","value":3},{"label":"13 hrs","value":4},{"label":"14 hrs","value":4},{"label":"15 hrs","value":6},{"label":"16 hrs","value":5},{"label":"17 hrs","value":2},{"label":"18 hrs","value":6},{"label":"19 hrs","value":7},{"label":"20 hrs","value":0},{"label":"21 hrs","value":1},{"label":"22 hrs","value":1},{"label":"23 hrs","value":1}]},{"source":9,"target":13,"value":69,"fill":"#BEBADA","supply":[{"label":"00 hrs","value":4},{"label":"01 hrs","value":7},{"label":"02 hrs","value":3},{"label":"03 hrs","value":1},{"label":"04 hrs","value":3},{"label":"05 hrs","value":3},{"label":"06 hrs","value":0},{"label":"07 hrs","value":2},{"label":"08 hrs","value":2},{"label":"09 hrs","value":1},{"label":"10 hrs","value":4},{"label":"11 hrs","value":1},{"label":"12 hrs","value":5},{"label":"13 hrs","value":5},{"label":"14 hrs","value":3},{"label":"15 hrs","value":9},{"label":"16 hrs","value":4},{"label":"17 hrs","value":2},{"label":"18 hrs","value":3},{"label":"19 hrs","value":1},{"label":"20 hrs","value":3},{"label":"21 hrs","value":2},{"label":"22 hrs","value":1},{"label":"23 hrs","value":0}]},{"source":9,"target":13,"value":2,"fill":"#FCC5C0","supply":[{"label":"00 hrs","value":0},{"label":"01 hrs","value":0},{"label":"02 hrs","value":0},{"label":"03 hrs","value":0},{"label":"04 hrs","value":0},{"label":"05 hrs","value":0},{"label":"06 hrs","value":0},{"label":"07 hrs","value":0},{"label":"08 hrs","value":0},{"label":"09 hrs","value":0},{"label":"10 hrs","value":0},{"label":"11 hrs","value":0},{"label":"12 hrs","value":0},{"label":"13 hrs","value":0},{"label":"14 hrs","value":0},{"label":"15 hrs","value":2},{"label":"16 hrs","value":0},{"label":"17 hrs","value":0},{"label":"18 hrs","value":0},{"label":"19 hrs","value":0},{"label":"20 hrs","value":0},{"label":"21 hrs","value":0},{"label":"22 hrs","value":0},{"label":"23 hrs","value":0}]},{"source":9,"target":13,"value":1,"fill":"#8DD3C7","supply":[{"label":"00 hrs","value":0},{"label":"01 hrs","value":0},{"label":"02 hrs","value":0},{"label":"03 hrs","value":0},{"label":"04 hrs","value":0},{"label":"05 hrs","value":0},{"label":"06 hrs","value":0},{"label":"07 hrs","value":0},{"label":"08 hrs","value":0},{"label":"09 hrs","value":0},{"label":"10 hrs","value":0},{"label":"11 hrs","value":0},{"label":"12 hrs","value":0},{"label":"13 hrs","value":0},{"label":"14 hrs","value":0},{"label":"15 hrs","value":1},{"label":"16 hrs","value":0},{"label":"17 hrs","value":0},{"label":"18 hrs","value":0},{"label":"19 hrs","value":0},{"label":"20 hrs","value":0},{"label":"21 hrs","value":0},{"label":"22 hrs","value":0},{"label":"23 hrs","value":0}]},{"source":9,"target":14,"value":8,"fill":"#BEBADA","supply":[{"label":"00 hrs","value":0},{"label":"01 hrs","value":0},{"label":"02 hrs","value":0},{"label":"03 hrs","value":0},{"label":"04 hrs","value":0},{"label":"05 hrs","value":0},{"label":"06 hrs","value":2},{"label":"07 hrs","value":0},{"label":"08 hrs","value":0},{"label":"09 hrs","value":0},{"label":"10 hrs","value":0},{"label":"11 hrs","value":0},{"label":"12 hrs","value":1},{"label":"13 hrs","value":0},{"label":"14 hrs","value":0},{"label":"15 hrs","value":1},{"label":"16 hrs","value":1},{"label":"17 hrs","value":0},{"label":"18 hrs","value":0},{"label":"19 hrs","value":0},{"label":"20 hrs","value":1},{"label":"21 hrs","value":2},{"label":"22 hrs","value":0},{"label":"23 hrs","value":0}]},{"source":10,"target":14,"value":65,"fill":"#BEBADA","supply":[{"label":"00 hrs","value":1},{"label":"01 hrs","value":1},{"label":"02 hrs","value":4},{"label":"03 hrs","value":2},{"label":"04 hrs","value":3},{"label":"05 hrs","value":0},{"label":"06 hrs","value":1},{"label":"07 hrs","value":2},{"label":"08 hrs","value":0},{"label":"09 hrs","value":4},{"label":"10 hrs","value":4},{"label":"11 hrs","value":2},{"label":"12 hrs","value":6},{"label":"13 hrs","value":7},{"label":"14 hrs","value":4},{"label":"15 hrs","value":2},{"label":"16 hrs","value":2},{"label":"17 hrs","value":2},{"label":"18 hrs","value":4},{"label":"19 hrs","value":1},{"label":"20 hrs","value":2},{"label":"21 hrs","value":0},{"label":"22 hrs","value":7},{"label":"23 hrs","value":4}]},{"source":11,"target":13,"value":156,"fill":"#BEBADA","supply":[{"label":"00 hrs","value":6},{"label":"01 hrs","value":5},{"label":"02 hrs","value":5},{"label":"03 hrs","value":2},{"label":"04 hrs","value":3},{"label":"05 hrs","value":1},{"label":"06 hrs","value":0},{"label":"07 hrs","value":4},{"label":"08 hrs","value":6},{"label":"09 hrs","value":3},{"label":"10 hrs","value":5},{"label":"11 hrs","value":14},{"label":"12 hrs","value":5},{"label":"13 hrs","value":10},{"label":"14 hrs","value":16},{"label":"15 hrs","value":18},{"label":"16 hrs","value":14},{"label":"17 hrs","value":9},{"label":"18 hrs","value":7},{"label":"19 hrs","value":10},{"label":"20 hrs","value":0},{"label":"21 hrs","value":4},{"label":"22 hrs","value":7},{"label":"23 hrs","value":2}]},{"source":11,"target":13,"value":10,"fill":"#FCC5C0","supply":[{"label":"00 hrs","value":0},{"label":"01 hrs","value":0},{"label":"02 hrs","value":0},{"label":"03 hrs","value":0},{"label":"04 hrs","value":0},{"label":"05 hrs","value":0},{"label":"06 hrs","value":1},{"label":"07 hrs","value":0},{"label":"08 hrs","value":0},{"label":"09 hrs","value":0},{"label":"10 hrs","value":1},{"label":"11 hrs","value":0},{"label":"12 hrs","value":0},{"label":"13 hrs","value":2},{"label":"14 hrs","value":0},{"label":"15 hrs","value":0},{"label":"16 hrs","value":1},{"label":"17 hrs","value":1},{"label":"18 hrs","value":2},{"label":"19 hrs","value":1},{"label":"20 hrs","value":1},{"label":"21 hrs","value":0},{"label":"22 hrs","value":0},{"label":"23 hrs","value":0}]},{"source":11,"target":13,"value":2,"fill":"#8DD3C7","supply":[{"label":"00 hrs","value":0},{"label":"01 hrs","value":0},{"label":"02 hrs","value":0},{"label":"03 hrs","value":0},{"label":"04 hrs","value":0},{"label":"05 hrs","value":0},{"label":"06 hrs","value":0},{"label":"07 hrs","value":0},{"label":"08 hrs","value":0},{"label":"09 hrs","value":0},{"label":"10 hrs","value":0},{"label":"11 hrs","value":0},{"label":"12 hrs","value":0},{"label":"13 hrs","value":1},{"label":"14 hrs","value":0},{"label":"15 hrs","value":0},{"label":"16 hrs","value":0},{"label":"17 hrs","value":0},{"label":"18 hrs","value":0},{"label":"19 hrs","value":0},{"label":"20 hrs","value":1},{"label":"21 hrs","value":0},{"label":"22 hrs","value":0},{"label":"23 hrs","value":0}]},{"source":11,"target":14,"value":382,"fill":"#BEBADA","supply":[{"label":"00 hrs","value":8},{"label":"01 hrs","value":8},{"label":"02 hrs","value":13},{"label":"03 hrs","value":13},{"label":"04 hrs","value":7},{"label":"05 hrs","value":7},{"label":"06 hrs","value":7},{"label":"07 hrs","value":13},{"label":"08 hrs","value":15},{"label":"09 hrs","value":21},{"label":"10 hrs","value":21},{"label":"11 hrs","value":16},{"label":"12 hrs","value":23},{"label":"13 hrs","value":29},{"label":"14 hrs","value":19},{"label":"15 hrs","value":23},{"label":"16 hrs","value":16},{"label":"17 hrs","value":19},{"label":"18 hrs","value":17},{"label":"19 hrs","value":24},{"label":"20 hrs","value":18},{"label":"21 hrs","value":17},{"label":"22 hrs","value":11},{"label":"23 hrs","value":17}]},{"source":11,"target":14,"value":27,"fill":"#FCC5C0","supply":[{"label":"00 hrs","value":1},{"label":"01 hrs","value":0},{"label":"02 hrs","value":0},{"label":"03 hrs","value":0},{"label":"04 hrs","value":0},{"label":"05 hrs","value":1},{"label":"06 hrs","value":1},{"label":"07 hrs","value":2},{"label":"08 hrs","value":0},{"label":"09 hrs","value":1},{"label":"10 hrs","value":1},{"label":"11 hrs","value":5},{"label":"12 hrs","value":1},{"label":"13 hrs","value":0},{"label":"14 hrs","value":0},{"label":"15 hrs","value":2},{"label":"16 hrs","value":2},{"label":"17 hrs","value":1},{"label":"18 hrs","value":3},{"label":"19 hrs","value":2},{"label":"20 hrs","value":0},{"label":"21 hrs","value":1},{"label":"22 hrs","value":3},{"label":"23 hrs","value":0}]},{"source":11,"target":14,"value":29,"fill":"#8DD3C7","supply":[{"label":"00 hrs","value":1},{"label":"01 hrs","value":1},{"label":"02 hrs","value":1},{"label":"03 hrs","value":1},{"label":"04 hrs","value":0},{"label":"05 hrs","value":0},{"label":"06 hrs","value":0},{"label":"07 hrs","value":2},{"label":"08 hrs","value":2},{"label":"09 hrs","value":2},{"label":"10 hrs","value":1},{"label":"11 hrs","value":5},{"label":"12 hrs","value":1},{"label":"13 hrs","value":2},{"label":"14 hrs","value":1},{"label":"15 hrs","value":1},{"label":"16 hrs","value":3},{"label":"17 hrs","value":0},{"label":"18 hrs","value":1},{"label":"19 hrs","value":0},{"label":"20 hrs","value":2},{"label":"21 hrs","value":0},{"label":"22 hrs","value":1},{"label":"23 hrs","value":1}]},{"source":11,"target":15,"value":559,"fill":"#BEBADA","supply":[{"label":"00 hrs","value":7},{"label":"01 hrs","value":5},{"label":"02 hrs","value":7},{"label":"03 hrs","value":6},{"label":"04 hrs","value":6},{"label":"05 hrs","value":7},{"label":"06 hrs","value":10},{"label":"07 hrs","value":16},{"label":"08 hrs","value":24},{"label":"09 hrs","value":35},{"label":"10 hrs","value":41},{"label":"11 hrs","value":55},{"label":"12 hrs","value":36},{"label":"13 hrs","value":50},{"label":"14 hrs","value":32},{"label":"15 hrs","value":23},{"label":"16 hrs","value":33},{"label":"17 hrs","value":25},{"label":"18 hrs","value":28},{"label":"19 hrs","value":29},{"label":"20 hrs","value":32},{"label":"21 hrs","value":22},{"label":"22 hrs","value":12},{"label":"23 hrs","value":18}]},{"source":11,"target":15,"value":14,"fill":"#FCC5C0","supply":[{"label":"00 hrs","value":0},{"label":"01 hrs","value":1},{"label":"02 hrs","value":0},{"label":"03 hrs","value":0},{"label":"04 hrs","value":0},{"label":"05 hrs","value":0},{"label":"06 hrs","value":0},{"label":"07 hrs","value":1},{"label":"08 hrs","value":0},{"label":"09 hrs","value":1},{"label":"10 hrs","value":1},{"label":"11 hrs","value":0},{"label":"12 hrs","value":0},{"label":"13 hrs","value":1},{"label":"14 hrs","value":1},{"label":"15 hrs","value":0},{"label":"16 hrs","value":1},{"label":"17 hrs","value":1},{"label":"18 hrs","value":1},{"label":"19 hrs","value":3},{"label":"20 hrs","value":0},{"label":"21 hrs","value":0},{"label":"22 hrs","value":2},{"label":"23 hrs","value":0}]},{"source":11,"target":15,"value":15,"fill":"#8DD3C7","supply":[{"label":"00 hrs","value":1},{"label":"01 hrs","value":1},{"label":"02 hrs","value":0},{"label":"03 hrs","value":0},{"label":"04 hrs","value":0},{"label":"05 hrs","value":0},{"label":"06 hrs","value":0},{"label":"07 hrs","value":0},{"label":"08 hrs","value":0},{"label":"09 hrs","value":1},{"label":"10 hrs","value":0},{"label":"11 hrs","value":0},{"label":"12 hrs","value":1},{"label":"13 hrs","value":2},{"label":"14 hrs","value":0},{"label":"15 hrs","value":2},{"label":"16 hrs","value":1},{"label":"17 hrs","value":1},{"label":"18 hrs","value":2},{"label":"19 hrs","value":1},{"label":"20 hrs","value":0},{"label":"21 hrs","value":1},{"label":"22 hrs","value":0},{"label":"23 hrs","value":1}]},{"source":12,"target":13,"value":6,"fill":"#BEBADA","supply":[{"label":"00 hrs","value":0},{"label":"01 hrs","value":0},{"label":"02 hrs","value":0},{"label":"03 hrs","value":0},{"label":"04 hrs","value":0},{"label":"05 hrs","value":0},{"label":"06 hrs","value":1},{"label":"07 hrs","value":0},{"label":"08 hrs","value":0},{"label":"09 hrs","value":0},{"label":"10 hrs","value":0},{"label":"11 hrs","value":0},{"label":"12 hrs","value":0},{"label":"13 hrs","value":1},{"label":"14 hrs","value":1},{"label":"15 hrs","value":0},{"label":"16 hrs","value":2},{"label":"17 hrs","value":1},{"label":"18 hrs","value":0},{"label":"19 hrs","value":0},{"label":"20 hrs","value":0},{"label":"21 hrs","value":0},{"label":"22 hrs","value":0},{"label":"23 hrs","value":0}]},{"source":12,"target":14,"value":23,"fill":"#BEBADA","supply":[{"label":"00 hrs","value":0},{"label":"01 hrs","value":0},{"label":"02 hrs","value":0},{"label":"03 hrs","value":0},{"label":"04 hrs","value":0},{"label":"05 hrs","value":0},{"label":"06 hrs","value":0},{"label":"07 hrs","value":0},{"label":"08 hrs","value":0},{"label":"09 hrs","value":1},{"label":"10 hrs","value":2},{"label":"11 hrs","value":4},{"label":"12 hrs","value":1},{"label":"13 hrs","value":1},{"label":"14 hrs","value":1},{"label":"15 hrs","value":4},{"label":"16 hrs","value":2},{"label":"17 hrs","value":0},{"label":"18 hrs","value":2},{"label":"19 hrs","value":4},{"label":"20 hrs","value":0},{"label":"21 hrs","value":0},{"label":"22 hrs","value":1},{"label":"23 hrs","value":0}]},{"source":12,"target":14,"value":4,"fill":"#FCC5C0","supply":[{"label":"00 hrs","value":0},{"label":"01 hrs","value":0},{"label":"02 hrs","value":0},{"label":"03 hrs","value":0},{"label":"04 hrs","value":0},{"label":"05 hrs","value":0},{"label":"06 hrs","value":0},{"label":"07 hrs","value":0},{"label":"08 hrs","value":1},{"label":"09 hrs","value":0},{"label":"10 hrs","value":1},{"label":"11 hrs","value":2},{"label":"12 hrs","value":0},{"label":"13 hrs","value":0},{"label":"14 hrs","value":0},{"label":"15 hrs","value":0},{"label":"16 hrs","value":0},{"label":"17 hrs","value":0},{"label":"18 hrs","value":0},{"label":"19 hrs","value":0},{"label":"20 hrs","value":0},{"label":"21 hrs","value":0},{"label":"22 hrs","value":0},{"label":"23 hrs","value":0}]},{"source":12,"target":15,"value":24,"fill":"#BEBADA","supply":[{"label":"00 hrs","value":0},{"label":"01 hrs","value":0},{"label":"02 hrs","value":0},{"label":"03 hrs","value":1},{"label":"04 hrs","value":0},{"label":"05 hrs","value":0},{"label":"06 hrs","value":0},{"label":"07 hrs","value":0},{"label":"08 hrs","value":0},{"label":"09 hrs","value":1},{"label":"10 hrs","value":1},{"label":"11 hrs","value":2},{"label":"12 hrs","value":2},{"label":"13 hrs","value":2},{"label":"14 hrs","value":2},{"label":"15 hrs","value":2},{"label":"16 hrs","value":1},{"label":"17 hrs","value":1},{"label":"18 hrs","value":4},{"label":"19 hrs","value":3},{"label":"20 hrs","value":0},{"label":"21 hrs","value":1},{"label":"22 hrs","value":0},{"label":"23 hrs","value":1}]},{"source":12,"target":15,"value":1,"fill":"#FCC5C0","supply":[{"label":"00 hrs","value":0},{"label":"01 hrs","value":0},{"label":"02 hrs","value":0},{"label":"03 hrs","value":0},{"label":"04 hrs","value":0},{"label":"05 hrs","value":0},{"label":"06 hrs","value":0},{"label":"07 hrs","value":0},{"label":"08 hrs","value":0},{"label":"09 hrs","value":0},{"label":"10 hrs","value":0},{"label":"11 hrs","value":0},{"label":"12 hrs","value":0},{"label":"13 hrs","value":0},{"label":"14 hrs","value":0},{"label":"15 hrs","value":0},{"label":"16 hrs","value":0},{"label":"17 hrs","value":1},{"label":"18 hrs","value":0},{"label":"19 hrs","value":0},{"label":"20 hrs","value":0},{"label":"21 hrs","value":0},{"label":"22 hrs","value":0},{"label":"23 hrs","value":0}]},{"source":13,"target":18,"value":3,"fill":"#BEBADA","supply":[{"label":"00 hrs","value":0},{"label":"01 hrs","value":0},{"label":"02 hrs","value":0},{"label":"03 hrs","value":0},{"label":"04 hrs","value":0},{"label":"05 hrs","value":1},{"label":"06 hrs","value":0},{"label":"07 hrs","value":0},{"label":"08 hrs","value":1},{"label":"09 hrs","value":0},{"label":"10 hrs","value":0},{"label":"11 hrs","value":0},{"label":"12 hrs","value":1},{"label":"13 hrs","value":0},{"label":"14 hrs","value":0},{"label":"15 hrs","value":0},{"label":"16 hrs","value":0},{"label":"17 hrs","value":0},{"label":"18 hrs","value":0},{"label":"19 hrs","value":0},{"label":"20 hrs","value":0},{"label":"21 hrs","value":0},{"label":"22 hrs","value":0},{"label":"23 hrs","value":0}]},{"source":14,"target":18,"value":19,"fill":"#BEBADA","supply":[{"label":"00 hrs","value":0},{"label":"01 hrs","value":0},{"label":"02 hrs","value":0},{"label":"03 hrs","value":0},{"label":"04 hrs","value":0},{"label":"05 hrs","value":0},{"label":"06 hrs","value":1},{"label":"07 hrs","value":1},{"label":"08 hrs","value":0},{"label":"09 hrs","value":4},{"label":"10 hrs","value":2},{"label":"11 hrs","value":1},{"label":"12 hrs","value":2},{"label":"13 hrs","value":3},{"label":"14 hrs","value":0},{"label":"15 hrs","value":1},{"label":"16 hrs","value":1},{"label":"17 hrs","value":0},{"label":"18 hrs","value":0},{"label":"19 hrs","value":0},{"label":"20 hrs","value":1},{"label":"21 hrs","value":0},{"label":"22 hrs","value":1},{"label":"23 hrs","value":1}]},{"source":15,"target":18,"value":17,"fill":"#BEBADA","supply":[{"label":"00 hrs","value":0},{"label":"01 hrs","value":1},{"label":"02 hrs","value":0},{"label":"03 hrs","value":0},{"label":"04 hrs","value":0},{"label":"05 hrs","value":0},{"label":"06 hrs","value":0},{"label":"07 hrs","value":0},{"label":"08 hrs","value":0},{"label":"09 hrs","value":3},{"label":"10 hrs","value":1},{"label":"11 hrs","value":3},{"label":"12 hrs","value":2},{"label":"13 hrs","value":1},{"label":"14 hrs","value":0},{"label":"15 hrs","value":1},{"label":"16 hrs","value":1},{"label":"17 hrs","value":0},{"label":"18 hrs","value":3},{"label":"19 hrs","value":0},{"label":"20 hrs","value":0},{"label":"21 hrs","value":1},{"label":"22 hrs","value":0},{"label":"23 hrs","value":0}]},{"source":13,"target":19,"value":1,"fill":"#BEBADA","supply":[{"label":"00 hrs","value":0},{"label":"01 hrs","value":0},{"label":"02 hrs","value":0},{"label":"03 hrs","value":0},{"label":"04 hrs","value":0},{"label":"05 hrs","value":0},{"label":"06 hrs","value":0},{"label":"07 hrs","value":0},{"label":"08 hrs","value":0},{"label":"09 hrs","value":0},{"label":"10 hrs","value":1},{"label":"11 hrs","value":0},{"label":"12 hrs","value":0},{"label":"13 hrs","value":0},{"label":"14 hrs","value":0},{"label":"15 hrs","value":0},{"label":"16 hrs","value":0},{"label":"17 hrs","value":0},{"label":"18 hrs","value":0},{"label":"19 hrs","value":0},{"label":"20 hrs","value":0},{"label":"21 hrs","value":0},{"label":"22 hrs","value":0},{"label":"23 hrs","value":0}]},{"source":14,"target":19,"value":1,"fill":"#BEBADA","supply":[{"label":"00 hrs","value":0},{"label":"01 hrs","value":0},{"label":"02 hrs","value":0},{"label":"03 hrs","value":0},{"label":"04 hrs","value":0},{"label":"05 hrs","value":0},{"label":"06 hrs","value":0},{"label":"07 hrs","value":0},{"label":"08 hrs","value":0},{"label":"09 hrs","value":0},{"label":"10 hrs","value":0},{"label":"11 hrs","value":0},{"label":"12 hrs","value":0},{"label":"13 hrs","value":0},{"label":"14 hrs","value":0},{"label":"15 hrs","value":0},{"label":"16 hrs","value":0},{"label":"17 hrs","value":1},{"label":"18 hrs","value":0},{"label":"19 hrs","value":0},{"label":"20 hrs","value":0},{"label":"21 hrs","value":0},{"label":"22 hrs","value":0},{"label":"23 hrs","value":0}]},{"source":14,"target":19,"value":3,"fill":"#FCC5C0","supply":[{"label":"00 hrs","value":0},{"label":"01 hrs","value":0},{"label":"02 hrs","value":0},{"label":"03 hrs","value":0},{"label":"04 hrs","value":0},{"label":"05 hrs","value":0},{"label":"06 hrs","value":0},{"label":"07 hrs","value":0},{"label":"08 hrs","value":0},{"label":"09 hrs","value":1},{"label":"10 hrs","value":0},{"label":"11 hrs","value":1},{"label":"12 hrs","value":0},{"label":"13 hrs","value":0},{"label":"14 hrs","value":0},{"label":"15 hrs","value":0},{"label":"16 hrs","value":1},{"label":"17 hrs","value":0},{"label":"18 hrs","value":0},{"label":"19 hrs","value":0},{"label":"20 hrs","value":0},{"label":"21 hrs","value":0},{"label":"22 hrs","value":0},{"label":"23 hrs","value":0}]},{"source":14,"target":19,"value":1,"fill":"#8DD3C7","supply":[{"label":"00 hrs","value":0},{"label":"01 hrs","value":0},{"label":"02 hrs","value":0},{"label":"03 hrs","value":0},{"label":"04 hrs","value":0},{"label":"05 hrs","value":0},{"label":"06 hrs","value":0},{"label":"07 hrs","value":0},{"label":"08 hrs","value":0},{"label":"09 hrs","value":0},{"label":"10 hrs","value":0},{"label":"11 hrs","value":1},{"label":"12 hrs","value":0},{"label":"13 hrs","value":0},{"label":"14 hrs","value":0},{"label":"15 hrs","value":0},{"label":"16 hrs","value":0},{"label":"17 hrs","value":0},{"label":"18 hrs","value":0},{"label":"19 hrs","value":0},{"label":"20 hrs","value":0},{"label":"21 hrs","value":0},{"label":"22 hrs","value":0},{"label":"23 hrs","value":0}]},{"source":15,"target":19,"value":1,"fill":"#BEBADA","supply":[{"label":"00 hrs","value":0},{"label":"01 hrs","value":0},{"label":"02 hrs","value":0},{"label":"03 hrs","value":0},{"label":"04 hrs","value":0},{"label":"05 hrs","value":0},{"label":"06 hrs","value":0},{"label":"07 hrs","value":0},{"label":"08 hrs","value":0},{"label":"09 hrs","value":0},{"label":"10 hrs","value":0},{"label":"11 hrs","value":0},{"label":"12 hrs","value":1},{"label":"13 hrs","value":0},{"label":"14 hrs","value":0},{"label":"15 hrs","value":0},{"label":"16 hrs","value":0},{"label":"17 hrs","value":0},{"label":"18 hrs","value":0},{"label":"19 hrs","value":0},{"label":"20 hrs","value":0},{"label":"21 hrs","value":0},{"label":"22 hrs","value":0},{"label":"23 hrs","value":0}]},{"source":15,"target":19,"value":2,"fill":"#FCC5C0","supply":[{"label":"00 hrs","value":0},{"label":"01 hrs","value":1},{"label":"02 hrs","value":0},{"label":"03 hrs","value":0},{"label":"04 hrs","value":0},{"label":"05 hrs","value":0},{"label":"06 hrs","value":0},{"label":"07 hrs","value":0},{"label":"08 hrs","value":0},{"label":"09 hrs","value":0},{"label":"10 hrs","value":0},{"label":"11 hrs","value":0},{"label":"12 hrs","value":0},{"label":"13 hrs","value":0},{"label":"14 hrs","value":0},{"label":"15 hrs","value":0},{"label":"16 hrs","value":0},{"label":"17 hrs","value":0},{"label":"18 hrs","value":0},{"label":"19 hrs","value":1},{"label":"20 hrs","value":0},{"label":"21 hrs","value":0},{"label":"22 hrs","value":0},{"label":"23 hrs","value":0}]},{"source":15,"target":19,"value":1,"fill":"#8DD3C7","supply":[{"label":"00 hrs","value":0},{"label":"01 hrs","value":1},{"label":"02 hrs","value":0},{"label":"03 hrs","value":0},{"label":"04 hrs","value":0},{"label":"05 hrs","value":0},{"label":"06 hrs","value":0},{"label":"07 hrs","value":0},{"label":"08 hrs","value":0},{"label":"09 hrs","value":0},{"label":"10 hrs","value":0},{"label":"11 hrs","value":0},{"label":"12 hrs","value":0},{"label":"13 hrs","value":0},{"label":"14 hrs","value":0},{"label":"15 hrs","value":0},{"label":"16 hrs","value":0},{"label":"17 hrs","value":0},{"label":"18 hrs","value":0},{"label":"19 hrs","value":0},{"label":"20 hrs","value":0},{"label":"21 hrs","value":0},{"label":"22 hrs","value":0},{"label":"23 hrs","value":0}]},{"source":13,"target":20,"value":12,"fill":"#BEBADA","supply":[{"label":"00 hrs","value":0},{"label":"01 hrs","value":1},{"label":"02 hrs","value":0},{"label":"03 hrs","value":1},{"label":"04 hrs","value":1},{"label":"05 hrs","value":0},{"label":"06 hrs","value":1},{"label":"07 hrs","value":0},{"label":"08 hrs","value":0},{"label":"09 hrs","value":0},{"label":"10 hrs","value":1},{"label":"11 hrs","value":3},{"label":"12 hrs","value":0},{"label":"13 hrs","value":0},{"label":"14 hrs","value":1},{"label":"15 hrs","value":3},{"label":"16 hrs","value":0},{"label":"17 hrs","value":0},{"label":"18 hrs","value":0},{"label":"19 hrs","value":0},{"label":"20 hrs","value":0},{"label":"21 hrs","value":0},{"label":"22 hrs","value":0},{"label":"23 hrs","value":0}]},{"source":14,"target":20,"value":45,"fill":"#BEBADA","supply":[{"label":"00 hrs","value":1},{"label":"01 hrs","value":1},{"label":"02 hrs","value":3},{"label":"03 hrs","value":1},{"label":"04 hrs","value":0},{"label":"05 hrs","value":0},{"label":"06 hrs","value":1},{"label":"07 hrs","value":2},{"label":"08 hrs","value":3},{"label":"09 hrs","value":3},{"label":"10 hrs","value":2},{"label":"11 hrs","value":2},{"label":"12 hrs","value":1},{"label":"13 hrs","value":3},{"label":"14 hrs","value":4},{"label":"15 hrs","value":5},{"label":"16 hrs","value":1},{"label":"17 hrs","value":2},{"label":"18 hrs","value":2},{"label":"19 hrs","value":4},{"label":"20 hrs","value":1},{"label":"21 hrs","value":1},{"label":"22 hrs","value":1},{"label":"23 hrs","value":1}]},{"source":14,"target":20,"value":1,"fill":"#FCC5C0","supply":[{"label":"00 hrs","value":0},{"label":"01 hrs","value":0},{"label":"02 hrs","value":0},{"label":"03 hrs","value":0},{"label":"04 hrs","value":0},{"label":"05 hrs","value":0},{"label":"06 hrs","value":0},{"label":"07 hrs","value":0},{"label":"08 hrs","value":0},{"label":"09 hrs","value":0},{"label":"10 hrs","value":0},{"label":"11 hrs","value":0},{"label":"12 hrs","value":0},{"label":"13 hrs","value":0},{"label":"14 hrs","value":0},{"label":"15 hrs","value":0},{"label":"16 hrs","value":0},{"label":"17 hrs","value":0},{"label":"18 hrs","value":0},{"label":"19 hrs","value":0},{"label":"20 hrs","value":0},{"label":"21 hrs","value":0},{"label":"22 hrs","value":1},{"label":"23 hrs","value":0}]},{"source":14,"target":20,"value":3,"fill":"#8DD3C7","supply":[{"label":"00 hrs","value":0},{"label":"01 hrs","value":0},{"label":"02 hrs","value":0},{"label":"03 hrs","value":1},{"label":"04 hrs","value":0},{"label":"05 hrs","value":0},{"label":"06 hrs","value":0},{"label":"07 hrs","value":0},{"label":"08 hrs","value":0},{"label":"09 hrs","value":0},{"label":"10 hrs","value":0},{"label":"11 hrs","value":0},{"label":"12 hrs","value":0},{"label":"13 hrs","value":0},{"label":"14 hrs","value":0},{"label":"15 hrs","value":0},{"label":"16 hrs","value":0},{"label":"17 hrs","value":0},{"label":"18 hrs","value":1},{"label":"19 hrs","value":0},{"label":"20 hrs","value":0},{"label":"21 hrs","value":0},{"label":"22 hrs","value":0},{"label":"23 hrs","value":1}]},{"source":15,"target":20,"value":34,"fill":"#BEBADA","supply":[{"label":"00 hrs","value":0},{"label":"01 hrs","value":0},{"label":"02 hrs","value":0},{"label":"03 hrs","value":0},{"label":"04 hrs","value":1},{"label":"05 hrs","value":1},{"label":"06 hrs","value":0},{"label":"07 hrs","value":1},{"label":"08 hrs","value":3},{"label":"09 hrs","value":2},{"label":"10 hrs","value":2},{"label":"11 hrs","value":5},{"label":"12 hrs","value":2},{"label":"13 hrs","value":2},{"label":"14 hrs","value":3},{"label":"15 hrs","value":0},{"label":"16 hrs","value":4},{"label":"17 hrs","value":1},{"label":"18 hrs","value":1},{"label":"19 hrs","value":0},{"label":"20 hrs","value":1},{"label":"21 hrs","value":2},{"label":"22 hrs","value":3},{"label":"23 hrs","value":0}]},{"source":13,"target":21,"value":82,"fill":"#BEBADA","supply":[{"label":"00 hrs","value":1},{"label":"01 hrs","value":1},{"label":"02 hrs","value":3},{"label":"03 hrs","value":0},{"label":"04 hrs","value":0},{"label":"05 hrs","value":0},{"label":"06 hrs","value":0},{"label":"07 hrs","value":2},{"label":"08 hrs","value":0},{"label":"09 hrs","value":2},{"label":"10 hrs","value":6},{"label":"11 hrs","value":6},{"label":"12 hrs","value":6},{"label":"13 hrs","value":9},{"label":"14 hrs","value":12},{"label":"15 hrs","value":12},{"label":"16 hrs","value":8},{"label":"17 hrs","value":5},{"label":"18 hrs","value":5},{"label":"19 hrs","value":4},{"label":"20 hrs","value":0},{"label":"21 hrs","value":0},{"label":"22 hrs","value":0},{"label":"23 hrs","value":0}]},{"source":13,"target":21,"value":1,"fill":"#FCC5C0","supply":[{"label":"00 hrs","value":0},{"label":"01 hrs","value":0},{"label":"02 hrs","value":0},{"label":"03 hrs","value":0},{"label":"04 hrs","value":0},{"label":"05 hrs","value":0},{"label":"06 hrs","value":0},{"label":"07 hrs","value":0},{"label":"08 hrs","value":0},{"label":"09 hrs","value":0},{"label":"10 hrs","value":0},{"label":"11 hrs","value":0},{"label":"12 hrs","value":0},{"label":"13 hrs","value":0},{"label":"14 hrs","value":0},{"label":"15 hrs","value":0},{"label":"16 hrs","value":1},{"label":"17 hrs","value":0},{"label":"18 hrs","value":0},{"label":"19 hrs","value":0},{"label":"20 hrs","value":0},{"label":"21 hrs","value":0},{"label":"22 hrs","value":0},{"label":"23 hrs","value":0}]},{"source":14,"target":21,"value":44,"fill":"#BEBADA","supply":[{"label":"00 hrs","value":0},{"label":"01 hrs","value":0},{"label":"02 hrs","value":3},{"label":"03 hrs","value":1},{"label":"04 hrs","value":1},{"label":"05 hrs","value":1},{"label":"06 hrs","value":1},{"label":"07 hrs","value":1},{"label":"08 hrs","value":4},{"label":"09 hrs","value":2},{"label":"10 hrs","value":2},{"label":"11 hrs","value":4},{"label":"12 hrs","value":2},{"label":"13 hrs","value":3},{"label":"14 hrs","value":0},{"label":"15 hrs","value":4},{"label":"16 hrs","value":3},{"label":"17 hrs","value":3},{"label":"18 hrs","value":2},{"label":"19 hrs","value":1},{"label":"20 hrs","value":2},{"label":"21 hrs","value":0},{"label":"22 hrs","value":1},{"label":"23 hrs","value":3}]},{"source":14,"target":21,"value":2,"fill":"#FCC5C0","supply":[{"label":"00 hrs","value":0},{"label":"01 hrs","value":0},{"label":"02 hrs","value":0},{"label":"03 hrs","value":0},{"label":"04 hrs","value":0},{"label":"05 hrs","value":0},{"label":"06 hrs","value":0},{"label":"07 hrs","value":0},{"label":"08 hrs","value":0},{"label":"09 hrs","value":0},{"label":"10 hrs","value":0},{"label":"11 hrs","value":0},{"label":"12 hrs","value":1},{"label":"13 hrs","value":0},{"label":"14 hrs","value":0},{"label":"15 hrs","value":0},{"label":"16 hrs","value":0},{"label":"17 hrs","value":0},{"label":"18 hrs","value":0},{"label":"19 hrs","value":1},{"label":"20 hrs","value":0},{"label":"21 hrs","value":0},{"label":"22 hrs","value":0},{"label":"23 hrs","value":0}]},{"source":14,"target":21,"value":2,"fill":"#8DD3C7","supply":[{"label":"00 hrs","value":0},{"label":"01 hrs","value":0},{"label":"02 hrs","value":0},{"label":"03 hrs","value":0},{"label":"04 hrs","value":0},{"label":"05 hrs","value":0},{"label":"06 hrs","value":0},{"label":"07 hrs","value":0},{"label":"08 hrs","value":0},{"label":"09 hrs","value":0},{"label":"10 hrs","value":0},{"label":"11 hrs","value":0},{"label":"12 hrs","value":1},{"label":"13 hrs","value":1},{"label":"14 hrs","value":0},{"label":"15 hrs","value":0},{"label":"16 hrs","value":0},{"label":"17 hrs","value":0},{"label":"18 hrs","value":0},{"label":"19 hrs","value":0},{"label":"20 hrs","value":0},{"label":"21 hrs","value":0},{"label":"22 hrs","value":0},{"label":"23 hrs","value":0}]},{"source":15,"target":21,"value":114,"fill":"#BEBADA","supply":[{"label":"00 hrs","value":0},{"label":"01 hrs","value":1},{"label":"02 hrs","value":0},{"label":"03 hrs","value":0},{"label":"04 hrs","value":0},{"label":"05 hrs","value":0},{"label":"06 hrs","value":0},{"label":"07 hrs","value":7},{"label":"08 hrs","value":2},{"label":"09 hrs","value":8},{"label":"10 hrs","value":15},{"label":"11 hrs","value":21},{"label":"12 hrs","value":6},{"label":"13 hrs","value":14},{"label":"14 hrs","value":9},{"label":"15 hrs","value":7},{"label":"16 hrs","value":6},{"label":"17 hrs","value":4},{"label":"18 hrs","value":4},{"label":"19 hrs","value":5},{"label":"20 hrs","value":1},{"label":"21 hrs","value":3},{"label":"22 hrs","value":1},{"label":"23 hrs","value":0}]},{"source":13,"target":22,"value":97,"fill":"#BEBADA","supply":[{"label":"00 hrs","value":3},{"label":"01 hrs","value":8},{"label":"02 hrs","value":4},{"label":"03 hrs","value":1},{"label":"04 hrs","value":4},{"label":"05 hrs","value":2},{"label":"06 hrs","value":0},{"label":"07 hrs","value":3},{"label":"08 hrs","value":3},{"label":"09 hrs","value":0},{"label":"10 hrs","value":0},{"label":"11 hrs","value":4},{"label":"12 hrs","value":3},{"label":"13 hrs","value":6},{"label":"14 hrs","value":4},{"label":"15 hrs","value":10},{"label":"16 hrs","value":9},{"label":"17 hrs","value":6},{"label":"18 hrs","value":5},{"label":"19 hrs","value":6},{"label":"20 hrs","value":2},{"label":"21 hrs","value":6},{"label":"22 hrs","value":7},{"label":"23 hrs","value":1}]},{"source":13,"target":22,"value":5,"fill":"#FCC5C0","supply":[{"label":"00 hrs","value":0},{"label":"01 hrs","value":0},{"label":"02 hrs","value":0},{"label":"03 hrs","value":0},{"label":"04 hrs","value":0},{"label":"05 hrs","value":0},{"label":"06 hrs","value":1},{"label":"07 hrs","value":0},{"label":"08 hrs","value":0},{"label":"09 hrs","value":0},{"label":"10 hrs","value":0},{"label":"11 hrs","value":0},{"label":"12 hrs","value":0},{"label":"13 hrs","value":1},{"label":"14 hrs","value":0},{"label":"15 hrs","value":0},{"label":"16 hrs","value":0},{"label":"17 hrs","value":1},{"label":"18 hrs","value":0},{"label":"19 hrs","value":1},{"label":"20 hrs","value":1},{"label":"21 hrs","value":0},{"label":"22 hrs","value":0},{"label":"23 hrs","value":0}]},{"source":13,"target":22,"value":1,"fill":"#8DD3C7","supply":[{"label":"00 hrs","value":0},{"label":"01 hrs","value":0},{"label":"02 hrs","value":0},{"label":"03 hrs","value":0},{"label":"04 hrs","value":0},{"label":"05 hrs","value":0},{"label":"06 hrs","value":0},{"label":"07 hrs","value":0},{"label":"08 hrs","value":0},{"label":"09 hrs","value":0},{"label":"10 hrs","value":0},{"label":"11 hrs","value":0},{"label":"12 hrs","value":0},{"label":"13 hrs","value":0},{"label":"14 hrs","value":0},{"label":"15 hrs","value":0},{"label":"16 hrs","value":0},{"label":"17 hrs","value":0},{"label":"18 hrs","value":0},{"label":"19 hrs","value":0},{"label":"20 hrs","value":1},{"label":"21 hrs","value":0},{"label":"22 hrs","value":0},{"label":"23 hrs","value":0}]},{"source":14,"target":22,"value":59,"fill":"#BEBADA","supply":[{"label":"00 hrs","value":3},{"label":"01 hrs","value":1},{"label":"02 hrs","value":4},{"label":"03 hrs","value":3},{"label":"04 hrs","value":0},{"label":"05 hrs","value":2},{"label":"06 hrs","value":1},{"label":"07 hrs","value":1},{"label":"08 hrs","value":1},{"label":"09 hrs","value":2},{"label":"10 hrs","value":2},{"label":"11 hrs","value":3},{"label":"12 hrs","value":2},{"label":"13 hrs","value":2},{"label":"14 hrs","value":2},{"label":"15 hrs","value":3},{"label":"16 hrs","value":3},{"label":"17 hrs","value":2},{"label":"18 hrs","value":1},{"label":"19 hrs","value":6},{"label":"20 hrs","value":3},{"label":"21 hrs","value":4},{"label":"22 hrs","value":6},{"label":"23 hrs","value":2}]},{"source":14,"target":22,"value":8,"fill":"#FCC5C0","supply":[{"label":"00 hrs","value":1},{"label":"01 hrs","value":0},{"label":"02 hrs","value":0},{"label":"03 hrs","value":0},{"label":"04 hrs","value":0},{"label":"05 hrs","value":0},{"label":"06 hrs","value":1},{"label":"07 hrs","value":0},{"label":"08 hrs","value":0},{"label":"09 hrs","value":0},{"label":"10 hrs","value":0},{"label":"11 hrs","value":2},{"label":"12 hrs","value":0},{"label":"13 hrs","value":0},{"label":"14 hrs","value":0},{"label":"15 hrs","value":1},{"label":"16 hrs","value":0},{"label":"17 hrs","value":1},{"label":"18 hrs","value":1},{"label":"19 hrs","value":0},{"label":"20 hrs","value":0},{"label":"21 hrs","value":1},{"label":"22 hrs","value":0},{"label":"23 hrs","value":0}]},{"source":14,"target":22,"value":1,"fill":"#8DD3C7","supply":[{"label":"00 hrs","value":0},{"label":"01 hrs","value":0},{"label":"02 hrs","value":0},{"label":"03 hrs","value":0},{"label":"04 hrs","value":0},{"label":"05 hrs","value":0},{"label":"06 hrs","value":0},{"label":"07 hrs","value":0},{"label":"08 hrs","value":0},{"label":"09 hrs","value":1},{"label":"10 hrs","value":0},{"label":"11 hrs","value":0},{"label":"12 hrs","value":0},{"label":"13 hrs","value":0},{"label":"14 hrs","value":0},{"label":"15 hrs","value":0},{"label":"16 hrs","value":0},{"label":"17 hrs","value":0},{"label":"18 hrs","value":0},{"label":"19 hrs","value":0},{"label":"20 hrs","value":0},{"label":"21 hrs","value":0},{"label":"22 hrs","value":0},{"label":"23 hrs","value":0}]},{"source":15,"target":22,"value":199,"fill":"#BEBADA","supply":[{"label":"00 hrs","value":3},{"label":"01 hrs","value":2},{"label":"02 hrs","value":3},{"label":"03 hrs","value":2},{"label":"04 hrs","value":3},{"label":"05 hrs","value":3},{"label":"06 hrs","value":7},{"label":"07 hrs","value":4},{"label":"08 hrs","value":12},{"label":"09 hrs","value":14},{"label":"10 hrs","value":10},{"label":"11 hrs","value":13},{"label":"12 hrs","value":13},{"label":"13 hrs","value":17},{"label":"14 hrs","value":10},{"label":"15 hrs","value":8},{"label":"16 hrs","value":9},{"label":"17 hrs","value":9},{"label":"18 hrs","value":12},{"label":"19 hrs","value":16},{"label":"20 hrs","value":15},{"label":"21 hrs","value":5},{"label":"22 hrs","value":2},{"label":"23 hrs","value":7}]},{"source":15,"target":22,"value":4,"fill":"#FCC5C0","supply":[{"label":"00 hrs","value":0},{"label":"01 hrs","value":0},{"label":"02 hrs","value":0},{"label":"03 hrs","value":0},{"label":"04 hrs","value":0},{"label":"05 hrs","value":0},{"label":"06 hrs","value":0},{"label":"07 hrs","value":0},{"label":"08 hrs","value":0},{"label":"09 hrs","value":0},{"label":"10 hrs","value":1},{"label":"11 hrs","value":0},{"label":"12 hrs","value":0},{"label":"13 hrs","value":1},{"label":"14 hrs","value":0},{"label":"15 hrs","value":0},{"label":"16 hrs","value":0},{"label":"17 hrs","value":0},{"label":"18 hrs","value":1},{"label":"19 hrs","value":0},{"label":"20 hrs","value":0},{"label":"21 hrs","value":0},{"label":"22 hrs","value":1},{"label":"23 hrs","value":0}]},{"source":15,"target":22,"value":9,"fill":"#8DD3C7","supply":[{"label":"00 hrs","value":1},{"label":"01 hrs","value":0},{"label":"02 hrs","value":0},{"label":"03 hrs","value":0},{"label":"04 hrs","value":0},{"label":"05 hrs","value":0},{"label":"06 hrs","value":0},{"label":"07 hrs","value":0},{"label":"08 hrs","value":0},{"label":"09 hrs","value":1},{"label":"10 hrs","value":0},{"label":"11 hrs","value":0},{"label":"12 hrs","value":0},{"label":"13 hrs","value":2},{"label":"14 hrs","value":0},{"label":"15 hrs","value":1},{"label":"16 hrs","value":0},{"label":"17 hrs","value":0},{"label":"18 hrs","value":2},{"label":"19 hrs","value":0},{"label":"20 hrs","value":0},{"label":"21 hrs","value":1},{"label":"22 hrs","value":0},{"label":"23 hrs","value":1}]},{"source":13,"target":24,"value":2,"fill":"#BEBADA","supply":[{"label":"00 hrs","value":0},{"label":"01 hrs","value":1},{"label":"02 hrs","value":0},{"label":"03 hrs","value":0},{"label":"04 hrs","value":0},{"label":"05 hrs","value":0},{"label":"06 hrs","value":0},{"label":"07 hrs","value":0},{"label":"08 hrs","value":0},{"label":"09 hrs","value":0},{"label":"10 hrs","value":0},{"label":"11 hrs","value":0},{"label":"12 hrs","value":0},{"label":"13 hrs","value":0},{"label":"14 hrs","value":0},{"label":"15 hrs","value":0},{"label":"16 hrs","value":1},{"label":"17 hrs","value":0},{"label":"18 hrs","value":0},{"label":"19 hrs","value":0},{"label":"20 hrs","value":0},{"label":"21 hrs","value":0},{"label":"22 hrs","value":0},{"label":"23 hrs","value":0}]},{"source":14,"target":24,"value":28,"fill":"#BEBADA","supply":[{"label":"00 hrs","value":0},{"label":"01 hrs","value":0},{"label":"02 hrs","value":0},{"label":"03 hrs","value":0},{"label":"04 hrs","value":0},{"label":"05 hrs","value":0},{"label":"06 hrs","value":1},{"label":"07 hrs","value":0},{"label":"08 hrs","value":0},{"label":"09 hrs","value":2},{"label":"10 hrs","value":3},{"label":"11 hrs","value":0},{"label":"12 hrs","value":0},{"label":"13 hrs","value":6},{"label":"14 hrs","value":2},{"label":"15 hrs","value":3},{"label":"16 hrs","value":1},{"label":"17 hrs","value":1},{"label":"18 hrs","value":5},{"label":"19 hrs","value":0},{"label":"20 hrs","value":1},{"label":"21 hrs","value":1},{"label":"22 hrs","value":1},{"label":"23 hrs","value":1}]},{"source":15,"target":24,"value":14,"fill":"#BEBADA","supply":[{"label":"00 hrs","value":1},{"label":"01 hrs","value":0},{"label":"02 hrs","value":0},{"label":"03 hrs","value":0},{"label":"04 hrs","value":0},{"label":"05 hrs","value":0},{"label":"06 hrs","value":0},{"label":"07 hrs","value":0},{"label":"08 hrs","value":2},{"label":"09 hrs","value":0},{"label":"10 hrs","value":2},{"label":"11 hrs","value":2},{"label":"12 hrs","value":0},{"label":"13 hrs","value":0},{"label":"14 hrs","value":1},{"label":"15 hrs","value":0},{"label":"16 hrs","value":2},{"label":"17 hrs","value":1},{"label":"18 hrs","value":0},{"label":"19 hrs","value":1},{"label":"20 hrs","value":1},{"label":"21 hrs","value":0},{"label":"22 hrs","value":1},{"label":"23 hrs","value":0}]},{"source":13,"target":17,"value":9,"fill":"#BEBADA","supply":[{"label":"00 hrs","value":0},{"label":"01 hrs","value":0},{"label":"02 hrs","value":0},{"label":"03 hrs","value":0},{"label":"04 hrs","value":1},{"label":"05 hrs","value":0},{"label":"06 hrs","value":0},{"label":"07 hrs","value":0},{"label":"08 hrs","value":2},{"label":"09 hrs","value":2},{"label":"10 hrs","value":1},{"label":"11 hrs","value":0},{"label":"12 hrs","value":0},{"label":"13 hrs","value":1},{"label":"14 hrs","value":0},{"label":"15 hrs","value":0},{"label":"16 hrs","value":1},{"label":"17 hrs","value":0},{"label":"18 hrs","value":0},{"label":"19 hrs","value":0},{"label":"20 hrs","value":0},{"label":"21 hrs","value":0},{"label":"22 hrs","value":1},{"label":"23 hrs","value":0}]},{"source":13,"target":17,"value":2,"fill":"#FCC5C0","supply":[{"label":"00 hrs","value":0},{"label":"01 hrs","value":0},{"label":"02 hrs","value":0},{"label":"03 hrs","value":0},{"label":"04 hrs","value":0},{"label":"05 hrs","value":0},{"label":"06 hrs","value":0},{"label":"07 hrs","value":0},{"label":"08 hrs","value":0},{"label":"09 hrs","value":0},{"label":"10 hrs","value":0},{"label":"11 hrs","value":0},{"label":"12 hrs","value":0},{"label":"13 hrs","value":1},{"label":"14 hrs","value":0},{"label":"15 hrs","value":0},{"label":"16 hrs","value":0},{"label":"17 hrs","value":0},{"label":"18 hrs","value":1},{"label":"19 hrs","value":0},{"label":"20 hrs","value":0},{"label":"21 hrs","value":0},{"label":"22 hrs","value":0},{"label":"23 hrs","value":0}]},{"source":13,"target":17,"value":1,"fill":"#8DD3C7","supply":[{"label":"00 hrs","value":0},{"label":"01 hrs","value":0},{"label":"02 hrs","value":0},{"label":"03 hrs","value":0},{"label":"04 hrs","value":0},{"label":"05 hrs","value":0},{"label":"06 hrs","value":0},{"label":"07 hrs","value":0},{"label":"08 hrs","value":0},{"label":"09 hrs","value":0},{"label":"10 hrs","value":0},{"label":"11 hrs","value":0},{"label":"12 hrs","value":0},{"label":"13 hrs","value":1},{"label":"14 hrs","value":0},{"label":"15 hrs","value":0},{"label":"16 hrs","value":0},{"label":"17 hrs","value":0},{"label":"18 hrs","value":0},{"label":"19 hrs","value":0},{"label":"20 hrs","value":0},{"label":"21 hrs","value":0},{"label":"22 hrs","value":0},{"label":"23 hrs","value":0}]},{"source":14,"target":17,"value":18,"fill":"#BEBADA","supply":[{"label":"00 hrs","value":0},{"label":"01 hrs","value":0},{"label":"02 hrs","value":0},{"label":"03 hrs","value":0},{"label":"04 hrs","value":0},{"label":"05 hrs","value":0},{"label":"06 hrs","value":0},{"label":"07 hrs","value":0},{"label":"08 hrs","value":1},{"label":"09 hrs","value":0},{"label":"10 hrs","value":0},{"label":"11 hrs","value":0},{"label":"12 hrs","value":1},{"label":"13 hrs","value":2},{"label":"14 hrs","value":2},{"label":"15 hrs","value":2},{"label":"16 hrs","value":2},{"label":"17 hrs","value":1},{"label":"18 hrs","value":1},{"label":"19 hrs","value":4},{"label":"20 hrs","value":0},{"label":"21 hrs","value":1},{"label":"22 hrs","value":0},{"label":"23 hrs","value":1}]},{"source":14,"target":17,"value":2,"fill":"#FCC5C0","supply":[{"label":"00 hrs","value":0},{"label":"01 hrs","value":0},{"label":"02 hrs","value":0},{"label":"03 hrs","value":0},{"label":"04 hrs","value":0},{"label":"05 hrs","value":0},{"label":"06 hrs","value":0},{"label":"07 hrs","value":1},{"label":"08 hrs","value":0},{"label":"09 hrs","value":0},{"label":"10 hrs","value":0},{"label":"11 hrs","value":0},{"label":"12 hrs","value":0},{"label":"13 hrs","value":0},{"label":"14 hrs","value":0},{"label":"15 hrs","value":0},{"label":"16 hrs","value":0},{"label":"17 hrs","value":0},{"label":"18 hrs","value":1},{"label":"19 hrs","value":0},{"label":"20 hrs","value":0},{"label":"21 hrs","value":0},{"label":"22 hrs","value":0},{"label":"23 hrs","value":0}]},{"source":14,"target":17,"value":3,"fill":"#8DD3C7","supply":[{"label":"00 hrs","value":0},{"label":"01 hrs","value":1},{"label":"02 hrs","value":0},{"label":"03 hrs","value":0},{"label":"04 hrs","value":0},{"label":"05 hrs","value":0},{"label":"06 hrs","value":0},{"label":"07 hrs","value":1},{"label":"08 hrs","value":0},{"label":"09 hrs","value":0},{"label":"10 hrs","value":0},{"label":"11 hrs","value":0},{"label":"12 hrs","value":0},{"label":"13 hrs","value":0},{"label":"14 hrs","value":0},{"label":"15 hrs","value":1},{"label":"16 hrs","value":0},{"label":"17 hrs","value":0},{"label":"18 hrs","value":0},{"label":"19 hrs","value":0},{"label":"20 hrs","value":0},{"label":"21 hrs","value":0},{"label":"22 hrs","value":0},{"label":"23 hrs","value":0}]},{"source":15,"target":17,"value":13,"fill":"#BEBADA","supply":[{"label":"00 hrs","value":0},{"label":"01 hrs","value":0},{"label":"02 hrs","value":0},{"label":"03 hrs","value":0},{"label":"04 hrs","value":0},{"label":"05 hrs","value":0},{"label":"06 hrs","value":1},{"label":"07 hrs","value":1},{"label":"08 hrs","value":0},{"label":"09 hrs","value":1},{"label":"10 hrs","value":1},{"label":"11 hrs","value":0},{"label":"12 hrs","value":1},{"label":"13 hrs","value":2},{"label":"14 hrs","value":1},{"label":"15 hrs","value":0},{"label":"16 hrs","value":0},{"label":"17 hrs","value":0},{"label":"18 hrs","value":0},{"label":"19 hrs","value":1},{"label":"20 hrs","value":1},{"label":"21 hrs","value":3},{"label":"22 hrs","value":0},{"label":"23 hrs","value":0}]},{"source":14,"target":25,"value":1,"fill":"#BEBADA","supply":[{"label":"00 hrs","value":0},{"label":"01 hrs","value":0},{"label":"02 hrs","value":0},{"label":"03 hrs","value":0},{"label":"04 hrs","value":1},{"label":"05 hrs","value":0},{"label":"06 hrs","value":0},{"label":"07 hrs","value":0},{"label":"08 hrs","value":0},{"label":"09 hrs","value":0},{"label":"10 hrs","value":0},{"label":"11 hrs","value":0},{"label":"12 hrs","value":0},{"label":"13 hrs","value":0},{"label":"14 hrs","value":0},{"label":"15 hrs","value":0},{"label":"16 hrs","value":0},{"label":"17 hrs","value":0},{"label":"18 hrs","value":0},{"label":"19 hrs","value":0},{"label":"20 hrs","value":0},{"label":"21 hrs","value":0},{"label":"22 hrs","value":0},{"label":"23 hrs","value":0}]},{"source":15,"target":25,"value":28,"fill":"#BEBADA","supply":[{"label":"00 hrs","value":0},{"label":"01 hrs","value":0},{"label":"02 hrs","value":1},{"label":"03 hrs","value":1},{"label":"04 hrs","value":0},{"label":"05 hrs","value":0},{"label":"06 hrs","value":0},{"label":"07 hrs","value":1},{"label":"08 hrs","value":0},{"label":"09 hrs","value":4},{"label":"10 hrs","value":2},{"label":"11 hrs","value":1},{"label":"12 hrs","value":3},{"label":"13 hrs","value":2},{"label":"14 hrs","value":3},{"label":"15 hrs","value":0},{"label":"16 hrs","value":1},{"label":"17 hrs","value":1},{"label":"18 hrs","value":4},{"label":"19 hrs","value":3},{"label":"20 hrs","value":0},{"label":"21 hrs","value":1},{"label":"22 hrs","value":0},{"label":"23 hrs","value":0}]},{"source":15,"target":23,"value":7,"fill":"#BEBADA","supply":[{"label":"00 hrs","value":0},{"label":"01 hrs","value":0},{"label":"02 hrs","value":1},{"label":"03 hrs","value":1},{"label":"04 hrs","value":0},{"label":"05 hrs","value":0},{"label":"06 hrs","value":0},{"label":"07 hrs","value":0},{"label":"08 hrs","value":1},{"label":"09 hrs","value":0},{"label":"10 hrs","value":0},{"label":"11 hrs","value":1},{"label":"12 hrs","value":0},{"label":"13 hrs","value":1},{"label":"14 hrs","value":0},{"label":"15 hrs","value":1},{"label":"16 hrs","value":0},{"label":"17 hrs","value":0},{"label":"18 hrs","value":0},{"label":"19 hrs","value":0},{"label":"20 hrs","value":0},{"label":"21 hrs","value":0},{"label":"22 hrs","value":0},{"label":"23 hrs","value":1}]},{"source":15,"target":16,"value":6,"fill":"#BEBADA","supply":[{"label":"00 hrs","value":0},{"label":"01 hrs","value":0},{"label":"02 hrs","value":0},{"label":"03 hrs","value":0},{"label":"04 hrs","value":0},{"label":"05 hrs","value":0},{"label":"06 hrs","value":0},{"label":"07 hrs","value":0},{"label":"08 hrs","value":0},{"label":"09 hrs","value":0},{"label":"10 hrs","value":1},{"label":"11 hrs","value":0},{"label":"12 hrs","value":0},{"label":"13 hrs","value":1},{"label":"14 hrs","value":0},{"label":"15 hrs","value":0},{"label":"16 hrs","value":1},{"label":"17 hrs","value":0},{"label":"18 hrs","value":0},{"label":"19 hrs","value":0},{"label":"20 hrs","value":0},{"label":"21 hrs","value":1},{"label":"22 hrs","value":1},{"label":"23 hrs","value":1}]},{"source":15,"target":16,"value":1,"fill":"#FCC5C0","supply":[{"label":"00 hrs","value":0},{"label":"01 hrs","value":0},{"label":"02 hrs","value":0},{"label":"03 hrs","value":0},{"label":"04 hrs","value":0},{"label":"05 hrs","value":0},{"label":"06 hrs","value":0},{"label":"07 hrs","value":0},{"label":"08 hrs","value":0},{"label":"09 hrs","value":0},{"label":"10 hrs","value":0},{"label":"11 hrs","value":0},{"label":"12 hrs","value":0},{"label":"13 hrs","value":0},{"label":"14 hrs","value":0},{"label":"15 hrs","value":0},{"label":"16 hrs","value":0},{"label":"17 hrs","value":1},{"label":"18 hrs","value":0},{"label":"19 hrs","value":0},{"label":"20 hrs","value":0},{"label":"21 hrs","value":0},{"label":"22 hrs","value":0},{"label":"23 hrs","value":0}]}]}