{"nodes":[{"layer":1,"name":"Health Advisor  HA ","fill":"#8C2D04","grouping":[{"label":"Health Advisor  HA ","value":1}]},{"layer":1,"name":"Clinical Advisor  CA ","fill":"#8C2D04","grouping":[{"label":"Clinical Advisor  CA ","value":1}]},{"layer":1,"name":"LAS 999 Callers  HCP5 ","fill":"#8C2D04","grouping":[{"label":"LAS 999 Callers  HCP5 ","value":1}]},{"layer":1,"name":"Care Home Callers  HCP6 ","fill":"#8C2D04","grouping":[{"label":"Care Home Callers  HCP6 ","value":1}]},{"layer":1,"name":"Rapid Response  HCP7 ","fill":"#8C2D04","grouping":[{"label":"Rapid Response  HCP7 ","value":1}]},{"layer":1,"name":"Worsening  HAW ","fill":"#8C2D04","grouping":[{"label":"Worsening  HAW ","value":1}]},{"layer":1,"name":"Admin","fill":"#8C2D04","grouping":[{"label":"Admin","value":1}]},{"layer":1,"name":"Dental","fill":"#8C2D04","grouping":[{"label":"Dental","value":1}]},{"layer":1,"name":"National Contingency","fill":"#8C2D04","grouping":[{"label":"National Contingency","value":1}]},{"layer":1,"name":"No Destination Call Type","fill":"#8C2D04","grouping":[{"label":"No Destination Call Type","value":1}]},{"layer":1,"name":"Other","fill":"#8C2D04","grouping":[{"label":"Other","value":1}]},{"layer":1,"name":"Dental","fill":"#8C2D04","grouping":[{"label":"Dental","value":1}]},{"layer":2,"name":"InHealth","fill":"#D94801","grouping":[{"label":"InHealth","value":1}]},{"layer":2,"name":"NEL 111","fill":"#D94801","grouping":[{"label":"PRM","value":1}]}],"links":[{"source":0,"target":13,"value":1242,"fill":"#BEBADA","supply":[{"label":"00 hrs","value":5},{"label":"01 hrs","value":13},{"label":"02 hrs","value":15},{"label":"03 hrs","value":8},{"label":"04 hrs","value":12},{"label":"05 hrs","value":18},{"label":"06 hrs","value":22},{"label":"07 hrs","value":39},{"label":"08 hrs","value":61},{"label":"09 hrs","value":63},{"label":"10 hrs","value":99},{"label":"11 hrs","value":115},{"label":"12 hrs","value":110},{"label":"13 hrs","value":117},{"label":"14 hrs","value":74},{"label":"15 hrs","value":64},{"label":"16 hrs","value":51},{"label":"17 hrs","value":64},{"label":"18 hrs","value":61},{"label":"19 hrs","value":73},{"label":"20 hrs","value":47},{"label":"21 hrs","value":47},{"label":"22 hrs","value":32},{"label":"23 hrs","value":32}],"supplyDx":[{"label":"","value":0}],"supplyService":[{"label":"","value":0}],"supplyBook":[{"label":"","value":0}]},{"source":1,"target":13,"value":8,"fill":"#FCC5C0","supply":[{"label":"00 hrs","value":0},{"label":"01 hrs","value":0},{"label":"02 hrs","value":0},{"label":"03 hrs","value":0},{"label":"04 hrs","value":1},{"label":"05 hrs","value":0},{"label":"06 hrs","value":1},{"label":"07 hrs","value":1},{"label":"08 hrs","value":0},{"label":"09 hrs","value":1},{"label":"10 hrs","value":1},{"label":"11 hrs","value":0},{"label":"12 hrs","value":0},{"label":"13 hrs","value":0},{"label":"14 hrs","value":0},{"label":"15 hrs","value":1},{"label":"16 hrs","value":0},{"label":"17 hrs","value":1},{"label":"18 hrs","value":0},{"label":"19 hrs","value":0},{"label":"20 hrs","value":0},{"label":"21 hrs","value":0},{"label":"22 hrs","value":1},{"label":"23 hrs","value":0}],"supplyDx":[{"label":"","value":0}],"supplyService":[{"label":"","value":0}],"supplyBook":[{"label":"","value":0}]},{"source":2,"target":13,"value":18,"fill":"#8DD3C7","supply":[{"label":"00 hrs","value":0},{"label":"01 hrs","value":0},{"label":"02 hrs","value":0},{"label":"03 hrs","value":0},{"label":"04 hrs","value":0},{"label":"05 hrs","value":0},{"label":"06 hrs","value":1},{"label":"07 hrs","value":2},{"label":"08 hrs","value":0},{"label":"09 hrs","value":1},{"label":"10 hrs","value":3},{"label":"11 hrs","value":1},{"label":"12 hrs","value":2},{"label":"13 hrs","value":1},{"label":"14 hrs","value":0},{"label":"15 hrs","value":1},{"label":"16 hrs","value":0},{"label":"17 hrs","value":0},{"label":"18 hrs","value":1},{"label":"19 hrs","value":2},{"label":"20 hrs","value":1},{"label":"21 hrs","value":1},{"label":"22 hrs","value":0},{"label":"23 hrs","value":1}],"supplyDx":[{"label":"","value":0}],"supplyService":[{"label":"","value":0}],"supplyBook":[{"label":"","value":0}]},{"source":3,"target":13,"value":21,"fill":"#8DD3C7","supply":[{"label":"00 hrs","value":0},{"label":"01 hrs","value":2},{"label":"02 hrs","value":0},{"label":"03 hrs","value":0},{"label":"04 hrs","value":0},{"label":"05 hrs","value":0},{"label":"06 hrs","value":0},{"label":"07 hrs","value":0},{"label":"08 hrs","value":1},{"label":"09 hrs","value":0},{"label":"10 hrs","value":3},{"label":"11 hrs","value":3},{"label":"12 hrs","value":0},{"label":"13 hrs","value":6},{"label":"14 hrs","value":0},{"label":"15 hrs","value":0},{"label":"16 hrs","value":3},{"label":"17 hrs","value":0},{"label":"18 hrs","value":0},{"label":"19 hrs","value":0},{"label":"20 hrs","value":1},{"label":"21 hrs","value":0},{"label":"22 hrs","value":2},{"label":"23 hrs","value":0}],"supplyDx":[{"label":"","value":0}],"supplyService":[{"label":"","value":0}],"supplyBook":[{"label":"","value":0}]},{"source":4,"target":13,"value":1,"fill":"#8DD3C7","supply":[{"label":"00 hrs","value":0},{"label":"01 hrs","value":0},{"label":"02 hrs","value":0},{"label":"03 hrs","value":0},{"label":"04 hrs","value":0},{"label":"05 hrs","value":0},{"label":"06 hrs","value":0},{"label":"07 hrs","value":0},{"label":"08 hrs","value":0},{"label":"09 hrs","value":1},{"label":"10 hrs","value":0},{"label":"11 hrs","value":0},{"label":"12 hrs","value":0},{"label":"13 hrs","value":0},{"label":"14 hrs","value":0},{"label":"15 hrs","value":0},{"label":"16 hrs","value":0},{"label":"17 hrs","value":0},{"label":"18 hrs","value":0},{"label":"19 hrs","value":0},{"label":"20 hrs","value":0},{"label":"21 hrs","value":0},{"label":"22 hrs","value":0},{"label":"23 hrs","value":0}],"supplyDx":[{"label":"","value":0}],"supplyService":[{"label":"","value":0}],"supplyBook":[{"label":"","value":0}]},{"source":5,"target":13,"value":54,"fill":"#A65628","supply":[{"label":"00 hrs","value":2},{"label":"01 hrs","value":2},{"label":"02 hrs","value":1},{"label":"03 hrs","value":1},{"label":"04 hrs","value":0},{"label":"05 hrs","value":1},{"label":"06 hrs","value":0},{"label":"07 hrs","value":1},{"label":"08 hrs","value":6},{"label":"09 hrs","value":6},{"label":"10 hrs","value":2},{"label":"11 hrs","value":6},{"label":"12 hrs","value":7},{"label":"13 hrs","value":2},{"label":"14 hrs","value":3},{"label":"15 hrs","value":3},{"label":"16 hrs","value":2},{"label":"17 hrs","value":1},{"label":"18 hrs","value":2},{"label":"19 hrs","value":2},{"label":"20 hrs","value":2},{"label":"21 hrs","value":1},{"label":"22 hrs","value":1},{"label":"23 hrs","value":0}],"supplyDx":[{"label":"","value":0}],"supplyService":[{"label":"","value":0}],"supplyBook":[{"label":"","value":0}]},{"source":6,"target":13,"value":114,"fill":"#FB8072","supply":[{"label":"00 hrs","value":0},{"label":"01 hrs","value":0},{"label":"02 hrs","value":1},{"label":"03 hrs","value":1},{"label":"04 hrs","value":1},{"label":"05 hrs","value":1},{"label":"06 hrs","value":1},{"label":"07 hrs","value":2},{"label":"08 hrs","value":1},{"label":"09 hrs","value":9},{"label":"10 hrs","value":8},{"label":"11 hrs","value":10},{"label":"12 hrs","value":12},{"label":"13 hrs","value":6},{"label":"14 hrs","value":5},{"label":"15 hrs","value":11},{"label":"16 hrs","value":5},{"label":"17 hrs","value":8},{"label":"18 hrs","value":5},{"label":"19 hrs","value":6},{"label":"20 hrs","value":8},{"label":"21 hrs","value":5},{"label":"22 hrs","value":7},{"label":"23 hrs","value":1}],"supplyDx":[{"label":"","value":0}],"supplyService":[{"label":"","value":0}],"supplyBook":[{"label":"","value":0}]},{"source":7,"target":13,"value":184,"fill":"#FF7F00","supply":[{"label":"00 hrs","value":1},{"label":"01 hrs","value":3},{"label":"02 hrs","value":2},{"label":"03 hrs","value":1},{"label":"04 hrs","value":0},{"label":"05 hrs","value":1},{"label":"06 hrs","value":5},{"label":"07 hrs","value":2},{"label":"08 hrs","value":11},{"label":"09 hrs","value":20},{"label":"10 hrs","value":18},{"label":"11 hrs","value":20},{"label":"12 hrs","value":8},{"label":"13 hrs","value":14},{"label":"14 hrs","value":10},{"label":"15 hrs","value":14},{"label":"16 hrs","value":3},{"label":"17 hrs","value":9},{"label":"18 hrs","value":11},{"label":"19 hrs","value":6},{"label":"20 hrs","value":6},{"label":"21 hrs","value":9},{"label":"22 hrs","value":5},{"label":"23 hrs","value":5}],"supplyDx":[{"label":"","value":0}],"supplyService":[{"label":"","value":0}],"supplyBook":[{"label":"","value":0}]},{"source":8,"target":13,"value":75,"fill":"#BEBADA","supply":[{"label":"00 hrs","value":2},{"label":"01 hrs","value":1},{"label":"02 hrs","value":3},{"label":"03 hrs","value":2},{"label":"04 hrs","value":1},{"label":"05 hrs","value":2},{"label":"06 hrs","value":1},{"label":"07 hrs","value":4},{"label":"08 hrs","value":4},{"label":"09 hrs","value":0},{"label":"10 hrs","value":2},{"label":"11 hrs","value":11},{"label":"12 hrs","value":6},{"label":"13 hrs","value":5},{"label":"14 hrs","value":3},{"label":"15 hrs","value":2},{"label":"16 hrs","value":3},{"label":"17 hrs","value":5},{"label":"18 hrs","value":4},{"label":"19 hrs","value":7},{"label":"20 hrs","value":3},{"label":"21 hrs","value":2},{"label":"22 hrs","value":1},{"label":"23 hrs","value":1}],"supplyDx":[{"label":"","value":0}],"supplyService":[{"label":"","value":0}],"supplyBook":[{"label":"","value":0}]},{"source":9,"target":13,"value":392,"fill":"#BEBADA","supply":[{"label":"00 hrs","value":18},{"label":"01 hrs","value":8},{"label":"02 hrs","value":5},{"label":"03 hrs","value":8},{"label":"04 hrs","value":2},{"label":"05 hrs","value":2},{"label":"06 hrs","value":4},{"label":"07 hrs","value":4},{"label":"08 hrs","value":4},{"label":"09 hrs","value":7},{"label":"10 hrs","value":6},{"label":"11 hrs","value":20},{"label":"12 hrs","value":40},{"label":"13 hrs","value":34},{"label":"14 hrs","value":34},{"label":"15 hrs","value":26},{"label":"16 hrs","value":28},{"label":"17 hrs","value":23},{"label":"18 hrs","value":25},{"label":"19 hrs","value":32},{"label":"20 hrs","value":23},{"label":"21 hrs","value":16},{"label":"22 hrs","value":19},{"label":"23 hrs","value":4}],"supplyDx":[{"label":"","value":0}],"supplyService":[{"label":"","value":0}],"supplyBook":[{"label":"","value":0}]},{"source":11,"target":12,"value":973,"fill":"#BEBADA","supply":[{"label":"00 hrs","value":0},{"label":"01 hrs","value":0},{"label":"02 hrs","value":0},{"label":"03 hrs","value":0},{"label":"04 hrs","value":0},{"label":"05 hrs","value":0},{"label":"06 hrs","value":0},{"label":"07 hrs","value":0},{"label":"08 hrs","value":56},{"label":"09 hrs","value":52},{"label":"10 hrs","value":92},{"label":"11 hrs","value":100},{"label":"12 hrs","value":98},{"label":"13 hrs","value":95},{"label":"14 hrs","value":69},{"label":"15 hrs","value":56},{"label":"16 hrs","value":42},{"label":"17 hrs","value":51},{"label":"18 hrs","value":56},{"label":"19 hrs","value":59},{"label":"20 hrs","value":45},{"label":"21 hrs","value":43},{"label":"22 hrs","value":30},{"label":"23 hrs","value":29}],"supplyDx":[{"label":"","value":0}],"supplyService":[{"label":"","value":0}],"supplyBook":[{"label":"","value":0}]},{"source":11,"target":12,"value":159,"fill":"#FF7F00","supply":[{"label":"00 hrs","value":0},{"label":"01 hrs","value":0},{"label":"02 hrs","value":0},{"label":"03 hrs","value":0},{"label":"04 hrs","value":0},{"label":"05 hrs","value":0},{"label":"06 hrs","value":0},{"label":"07 hrs","value":0},{"label":"08 hrs","value":11},{"label":"09 hrs","value":18},{"label":"10 hrs","value":16},{"label":"11 hrs","value":18},{"label":"12 hrs","value":7},{"label":"13 hrs","value":13},{"label":"14 hrs","value":11},{"label":"15 hrs","value":13},{"label":"16 hrs","value":4},{"label":"17 hrs","value":9},{"label":"18 hrs","value":10},{"label":"19 hrs","value":5},{"label":"20 hrs","value":6},{"label":"21 hrs","value":9},{"label":"22 hrs","value":5},{"label":"23 hrs","value":4}],"supplyDx":[{"label":"","value":0}],"supplyService":[{"label":"","value":0}],"supplyBook":[{"label":"","value":0}]}]}