{"nodes":[{"layer":0,"name":"National Telephony","fill":"#8C2D04","grouping":[{"label":"National Telephony","value":1973}]},{"layer":1,"name":"Admin","fill":"#D94801","grouping":[{"label":"Admin","value":78}]},{"layer":1,"name":"CMC (Clinical Advisor)","fill":"#D94801","grouping":[{"label":"CMC (Clinical Advisor)","value":9}]},{"layer":1,"name":"Dental","fill":"#D94801","grouping":[{"label":"Dental","value":186}]},{"layer":1,"name":"Other","fill":"#D94801","grouping":[{"label":"Other","value":1631}]},{"layer":1,"name":"Star Lines","fill":"#D94801","grouping":[{"label":"Star Lines","value":25}]},{"layer":1,"name":"Worsening","fill":"#D94801","grouping":[{"label":"Worsening","value":44}]},{"layer":2,"name":"InHealth","fill":"#F16913","grouping":[{"label":"InHealth","value":751},{"label":"InHealth (Dental)","value":167}]},{"layer":2,"name":"NEL 111","fill":"#F16913","grouping":[{"label":"PRM","value":1973}]},{"layer":4,"name":"CA","fill":"#FD8D3C","grouping":[{"label":"CA","value":8}]},{"layer":4,"name":"GP","fill":"#FD8D3C","grouping":[{"label":"GP","value":18}]},{"layer":4,"name":"HA","fill":"#FD8D3C","grouping":[{"label":"HA","value":84}]},{"layer":4,"name":"SA","fill":"#FD8D3C","grouping":[{"label":"SA","value":11}]},{"layer":4,"name":"Unknown","fill":"#FD8D3C","grouping":[{"label":"Unknown","value":1}]},{"layer":5,"name":"CA","fill":"#FDAE6B","grouping":[{"label":"CA","value":27}]},{"layer":5,"name":"GP","fill":"#FDAE6B","grouping":[{"label":"GP","value":54}]},{"layer":5,"name":"HA","fill":"#FDAE6B","grouping":[{"label":"HA","value":40}]},{"layer":5,"name":"Unknown","fill":"#FDAE6B","grouping":[{"label":"Unknown","value":1}]},{"layer":7,"name":"999","fill":"#FDD0A2","grouping":[{"label":"NHS Ambulance Service","value":7}]},{"layer":7,"name":"Care Home","fill":"#FDD0A2","grouping":[{"label":"Care Home","value":9}]},{"layer":7,"name":"Dental","fill":"#FDD0A2","grouping":[{"label":"Dental Emergency","value":94},{"label":"Dental Service","value":1}]},{"layer":7,"name":"District/Community Nurse","fill":"#FDD0A2","grouping":[{"label":"District/Community Nurse","value":4}]},{"layer":7,"name":"ED","fill":"#FDD0A2","grouping":[{"label":"Emergency Department (ED)","value":51},{"label":"Emergency Department (ED) Eye Casualty","value":2}]},{"layer":7,"name":"GP/GP Extended Hours/GP Choice/Hub","fill":"#FDD0A2","grouping":[{"label":"GP Choice","value":1},{"label":"GP Practice","value":144},{"label":"GP Practice Extended Hours","value":84}]},{"layer":7,"name":"IUC CAS/Calls/Treatment","fill":"#FDD0A2","grouping":[{"label":"Integrated Urgent Care (IUC) Clinical Assessment Service (CAS)","value":10},{"label":"Integrated Urgent Care (IUC) NHS 111 Call Handling Provider","value":6},{"label":"Integrated Urgent Care (IUC) Treatment Service","value":161}]},{"layer":7,"name":"Mental Health","fill":"#FDD0A2","grouping":[{"label":"Mental Health","value":7}]},{"layer":7,"name":"MIU/UTC/UCC/WiC","fill":"#FDD0A2","grouping":[]},{"layer":7,"name":"Other","fill":"#FDD0A2","grouping":[]},{"layer":7,"name":"Specialist Services","fill":"#FDD0A2","grouping":[]}],"links":[{"source":0,"target":1,"value":78,"fill":"#FB8072","supply":[{"label":"00 hrs","value":3},{"label":"01 hrs","value":1},{"label":"02 hrs","value":0},{"label":"03 hrs","value":1},{"label":"04 hrs","value":2},{"label":"05 hrs","value":1},{"label":"06 hrs","value":0},{"label":"07 hrs","value":7},{"label":"08 hrs","value":3},{"label":"09 hrs","value":1},{"label":"10 hrs","value":4},{"label":"11 hrs","value":8},{"label":"12 hrs","value":7},{"label":"13 hrs","value":1},{"label":"14 hrs","value":6},{"label":"15 hrs","value":7},{"label":"16 hrs","value":4},{"label":"17 hrs","value":4},{"label":"18 hrs","value":4},{"label":"19 hrs","value":2},{"label":"20 hrs","value":7},{"label":"21 hrs","value":1},{"label":"22 hrs","value":3},{"label":"23 hrs","value":1}]},{"source":0,"target":2,"value":9,"fill":"#FCC5C0","supply":[{"label":"00 hrs","value":0},{"label":"01 hrs","value":1},{"label":"02 hrs","value":0},{"label":"03 hrs","value":0},{"label":"04 hrs","value":0},{"label":"05 hrs","value":0},{"label":"06 hrs","value":0},{"label":"07 hrs","value":0},{"label":"08 hrs","value":0},{"label":"09 hrs","value":0},{"label":"10 hrs","value":0},{"label":"11 hrs","value":0},{"label":"12 hrs","value":0},{"label":"13 hrs","value":0},{"label":"14 hrs","value":0},{"label":"15 hrs","value":0},{"label":"16 hrs","value":2},{"label":"17 hrs","value":1},{"label":"18 hrs","value":3},{"label":"19 hrs","value":2},{"label":"20 hrs","value":0},{"label":"21 hrs","value":0},{"label":"22 hrs","value":0},{"label":"23 hrs","value":0}]},{"source":0,"target":3,"value":19,"fill":"#FF7F00","supply":[{"label":"00 hrs","value":1},{"label":"01 hrs","value":1},{"label":"02 hrs","value":2},{"label":"03 hrs","value":0},{"label":"04 hrs","value":1},{"label":"05 hrs","value":1},{"label":"06 hrs","value":2},{"label":"07 hrs","value":1},{"label":"08 hrs","value":4},{"label":"09 hrs","value":21},{"label":"10 hrs","value":17},{"label":"11 hrs","value":19},{"label":"12 hrs","value":16},{"label":"13 hrs","value":11},{"label":"14 hrs","value":9},{"label":"15 hrs","value":12},{"label":"16 hrs","value":13},{"label":"17 hrs","value":9},{"label":"18 hrs","value":9},{"label":"19 hrs","value":6},{"label":"20 hrs","value":12},{"label":"21 hrs","value":7},{"label":"22 hrs","value":7},{"label":"23 hrs","value":5}]},{"source":0,"target":4,"value":880,"fill":"#BEBADA","supply":[{"label":"00 hrs","value":32},{"label":"01 hrs","value":33},{"label":"02 hrs","value":18},{"label":"03 hrs","value":19},{"label":"04 hrs","value":21},{"label":"05 hrs","value":13},{"label":"06 hrs","value":30},{"label":"07 hrs","value":37},{"label":"08 hrs","value":74},{"label":"09 hrs","value":97},{"label":"10 hrs","value":111},{"label":"11 hrs","value":103},{"label":"12 hrs","value":107},{"label":"13 hrs","value":92},{"label":"14 hrs","value":89},{"label":"15 hrs","value":115},{"label":"16 hrs","value":100},{"label":"17 hrs","value":97},{"label":"18 hrs","value":96},{"label":"19 hrs","value":103},{"label":"20 hrs","value":84},{"label":"21 hrs","value":68},{"label":"22 hrs","value":45},{"label":"23 hrs","value":47}]},{"source":0,"target":5,"value":25,"fill":"#8DD3C7","supply":[{"label":"00 hrs","value":0},{"label":"01 hrs","value":1},{"label":"02 hrs","value":0},{"label":"03 hrs","value":4},{"label":"04 hrs","value":1},{"label":"05 hrs","value":1},{"label":"06 hrs","value":0},{"label":"07 hrs","value":0},{"label":"08 hrs","value":0},{"label":"09 hrs","value":0},{"label":"10 hrs","value":0},{"label":"11 hrs","value":0},{"label":"12 hrs","value":1},{"label":"13 hrs","value":1},{"label":"14 hrs","value":2},{"label":"15 hrs","value":0},{"label":"16 hrs","value":2},{"label":"17 hrs","value":3},{"label":"18 hrs","value":2},{"label":"19 hrs","value":1},{"label":"20 hrs","value":2},{"label":"21 hrs","value":1},{"label":"22 hrs","value":1},{"label":"23 hrs","value":2}]},{"source":0,"target":6,"value":44,"fill":"#A65628","supply":[{"label":"00 hrs","value":1},{"label":"01 hrs","value":1},{"label":"02 hrs","value":2},{"label":"03 hrs","value":0},{"label":"04 hrs","value":0},{"label":"05 hrs","value":0},{"label":"06 hrs","value":0},{"label":"07 hrs","value":1},{"label":"08 hrs","value":1},{"label":"09 hrs","value":2},{"label":"10 hrs","value":2},{"label":"11 hrs","value":3},{"label":"12 hrs","value":1},{"label":"13 hrs","value":2},{"label":"14 hrs","value":4},{"label":"15 hrs","value":4},{"label":"16 hrs","value":4},{"label":"17 hrs","value":1},{"label":"18 hrs","value":2},{"label":"19 hrs","value":2},{"label":"20 hrs","value":4},{"label":"21 hrs","value":3},{"label":"22 hrs","value":1},{"label":"23 hrs","value":3}]},{"source":1,"target":8,"value":78,"fill":"#FB8072","supply":[{"label":"00 hrs","value":3},{"label":"01 hrs","value":1},{"label":"02 hrs","value":0},{"label":"03 hrs","value":1},{"label":"04 hrs","value":2},{"label":"05 hrs","value":1},{"label":"06 hrs","value":0},{"label":"07 hrs","value":7},{"label":"08 hrs","value":3},{"label":"09 hrs","value":1},{"label":"10 hrs","value":4},{"label":"11 hrs","value":8},{"label":"12 hrs","value":7},{"label":"13 hrs","value":1},{"label":"14 hrs","value":6},{"label":"15 hrs","value":7},{"label":"16 hrs","value":4},{"label":"17 hrs","value":4},{"label":"18 hrs","value":4},{"label":"19 hrs","value":2},{"label":"20 hrs","value":7},{"label":"21 hrs","value":1},{"label":"22 hrs","value":3},{"label":"23 hrs","value":1}]},{"source":2,"target":8,"value":9,"fill":"#FCC5C0","supply":[{"label":"00 hrs","value":0},{"label":"01 hrs","value":1},{"label":"02 hrs","value":0},{"label":"03 hrs","value":0},{"label":"04 hrs","value":0},{"label":"05 hrs","value":0},{"label":"06 hrs","value":0},{"label":"07 hrs","value":0},{"label":"08 hrs","value":0},{"label":"09 hrs","value":0},{"label":"10 hrs","value":0},{"label":"11 hrs","value":0},{"label":"12 hrs","value":0},{"label":"13 hrs","value":0},{"label":"14 hrs","value":0},{"label":"15 hrs","value":0},{"label":"16 hrs","value":2},{"label":"17 hrs","value":1},{"label":"18 hrs","value":3},{"label":"19 hrs","value":2},{"label":"20 hrs","value":0},{"label":"21 hrs","value":0},{"label":"22 hrs","value":0},{"label":"23 hrs","value":0}]},{"source":3,"target":8,"value":186,"fill":"#FF7F00","supply":[{"label":"00 hrs","value":1},{"label":"01 hrs","value":1},{"label":"02 hrs","value":2},{"label":"03 hrs","value":0},{"label":"04 hrs","value":1},{"label":"05 hrs","value":1},{"label":"06 hrs","value":2},{"label":"07 hrs","value":1},{"label":"08 hrs","value":4},{"label":"09 hrs","value":21},{"label":"10 hrs","value":17},{"label":"11 hrs","value":19},{"label":"12 hrs","value":16},{"label":"13 hrs","value":11},{"label":"14 hrs","value":9},{"label":"15 hrs","value":12},{"label":"16 hrs","value":13},{"label":"17 hrs","value":9},{"label":"18 hrs","value":9},{"label":"19 hrs","value":6},{"label":"20 hrs","value":12},{"label":"21 hrs","value":7},{"label":"22 hrs","value":7},{"label":"23 hrs","value":5}]},{"source":4,"target":8,"value":1631,"fill":"#BEBADA","supply":[{"label":"00 hrs","value":32},{"label":"01 hrs","value":33},{"label":"02 hrs","value":18},{"label":"03 hrs","value":19},{"label":"04 hrs","value":21},{"label":"05 hrs","value":13},{"label":"06 hrs","value":30},{"label":"07 hrs","value":37},{"label":"08 hrs","value":74},{"label":"09 hrs","value":97},{"label":"10 hrs","value":111},{"label":"11 hrs","value":103},{"label":"12 hrs","value":107},{"label":"13 hrs","value":92},{"label":"14 hrs","value":89},{"label":"15 hrs","value":115},{"label":"16 hrs","value":100},{"label":"17 hrs","value":97},{"label":"18 hrs","value":96},{"label":"19 hrs","value":103},{"label":"20 hrs","value":84},{"label":"21 hrs","value":68},{"label":"22 hrs","value":45},{"label":"23 hrs","value":47}]},{"source":5,"target":8,"value":25,"fill":"#8DD3C7","supply":[{"label":"00 hrs","value":0},{"label":"01 hrs","value":1},{"label":"02 hrs","value":0},{"label":"03 hrs","value":4},{"label":"04 hrs","value":1},{"label":"05 hrs","value":1},{"label":"06 hrs","value":0},{"label":"07 hrs","value":0},{"label":"08 hrs","value":0},{"label":"09 hrs","value":0},{"label":"10 hrs","value":0},{"label":"11 hrs","value":0},{"label":"12 hrs","value":1},{"label":"13 hrs","value":1},{"label":"14 hrs","value":2},{"label":"15 hrs","value":0},{"label":"16 hrs","value":2},{"label":"17 hrs","value":3},{"label":"18 hrs","value":2},{"label":"19 hrs","value":1},{"label":"20 hrs","value":2},{"label":"21 hrs","value":1},{"label":"22 hrs","value":1},{"label":"23 hrs","value":2}]},{"source":6,"target":8,"value":44,"fill":"#A65628","supply":[{"label":"00 hrs","value":1},{"label":"01 hrs","value":1},{"label":"02 hrs","value":2},{"label":"03 hrs","value":0},{"label":"04 hrs","value":0},{"label":"05 hrs","value":0},{"label":"06 hrs","value":0},{"label":"07 hrs","value":1},{"label":"08 hrs","value":1},{"label":"09 hrs","value":2},{"label":"10 hrs","value":2},{"label":"11 hrs","value":3},{"label":"12 hrs","value":1},{"label":"13 hrs","value":2},{"label":"14 hrs","value":4},{"label":"15 hrs","value":4},{"label":"16 hrs","value":4},{"label":"17 hrs","value":1},{"label":"18 hrs","value":2},{"label":"19 hrs","value":2},{"label":"20 hrs","value":4},{"label":"21 hrs","value":3},{"label":"22 hrs","value":1},{"label":"23 hrs","value":3}]},{"source":4,"target":7,"value":751,"fill":"#BEBADA","supply":[{"label":"00 hrs","value":0},{"label":"01 hrs","value":0},{"label":"02 hrs","value":0},{"label":"03 hrs","value":0},{"label":"04 hrs","value":0},{"label":"05 hrs","value":0},{"label":"06 hrs","value":0},{"label":"07 hrs","value":0},{"label":"08 hrs","value":32},{"label":"09 hrs","value":43},{"label":"10 hrs","value":42},{"label":"11 hrs","value":40},{"label":"12 hrs","value":39},{"label":"13 hrs","value":47},{"label":"14 hrs","value":43},{"label":"15 hrs","value":53},{"label":"16 hrs","value":57},{"label":"17 hrs","value":36},{"label":"18 hrs","value":67},{"label":"19 hrs","value":75},{"label":"20 hrs","value":59},{"label":"21 hrs","value":51},{"label":"22 hrs","value":33},{"label":"23 hrs","value":34}]},{"source":3,"target":7,"value":167,"fill":"#FF7F00","supply":[{"label":"00 hrs","value":0},{"label":"01 hrs","value":0},{"label":"02 hrs","value":0},{"label":"03 hrs","value":0},{"label":"04 hrs","value":0},{"label":"05 hrs","value":0},{"label":"06 hrs","value":0},{"label":"07 hrs","value":0},{"label":"08 hrs","value":4},{"label":"09 hrs","value":18},{"label":"10 hrs","value":15},{"label":"11 hrs","value":20},{"label":"12 hrs","value":16},{"label":"13 hrs","value":11},{"label":"14 hrs","value":9},{"label":"15 hrs","value":11},{"label":"16 hrs","value":13},{"label":"17 hrs","value":8},{"label":"18 hrs","value":8},{"label":"19 hrs","value":6},{"label":"20 hrs","value":11},{"label":"21 hrs","value":7},{"label":"22 hrs","value":6},{"label":"23 hrs","value":4}]},{"source":8,"target":9,"value":1,"fill":"#FCC5C0","supply":[{"label":"00 hrs","value":0},{"label":"01 hrs","value":0},{"label":"02 hrs","value":0},{"label":"03 hrs","value":0},{"label":"04 hrs","value":0},{"label":"05 hrs","value":0},{"label":"06 hrs","value":0},{"label":"07 hrs","value":0},{"label":"08 hrs","value":1},{"label":"09 hrs","value":0},{"label":"10 hrs","value":0},{"label":"11 hrs","value":0},{"label":"12 hrs","value":0},{"label":"13 hrs","value":0},{"label":"14 hrs","value":0},{"label":"15 hrs","value":0},{"label":"16 hrs","value":0},{"label":"17 hrs","value":0},{"label":"18 hrs","value":0},{"label":"19 hrs","value":0},{"label":"20 hrs","value":0},{"label":"21 hrs","value":0},{"label":"22 hrs","value":0},{"label":"23 hrs","value":0}]},{"source":8,"target":10,"value":4,"fill":"#FCC5C0","supply":[{"label":"00 hrs","value":1},{"label":"01 hrs","value":0},{"label":"02 hrs","value":0},{"label":"03 hrs","value":0},{"label":"04 hrs","value":0},{"label":"05 hrs","value":0},{"label":"06 hrs","value":0},{"label":"07 hrs","value":1},{"label":"08 hrs","value":0},{"label":"09 hrs","value":0},{"label":"10 hrs","value":0},{"label":"11 hrs","value":0},{"label":"12 hrs","value":0},{"label":"13 hrs","value":0},{"label":"14 hrs","value":0},{"label":"15 hrs","value":0},{"label":"16 hrs","value":0},{"label":"17 hrs","value":0},{"label":"18 hrs","value":2},{"label":"19 hrs","value":0},{"label":"20 hrs","value":0},{"label":"21 hrs","value":0},{"label":"22 hrs","value":0},{"label":"23 hrs","value":0}]},{"source":8,"target":11,"value":39,"fill":"#FCC5C0","supply":[{"label":"00 hrs","value":1},{"label":"01 hrs","value":0},{"label":"02 hrs","value":2},{"label":"03 hrs","value":1},{"label":"04 hrs","value":1},{"label":"05 hrs","value":0},{"label":"06 hrs","value":0},{"label":"07 hrs","value":1},{"label":"08 hrs","value":2},{"label":"09 hrs","value":1},{"label":"10 hrs","value":1},{"label":"11 hrs","value":1},{"label":"12 hrs","value":2},{"label":"13 hrs","value":0},{"label":"14 hrs","value":3},{"label":"15 hrs","value":4},{"label":"16 hrs","value":1},{"label":"17 hrs","value":2},{"label":"18 hrs","value":2},{"label":"19 hrs","value":2},{"label":"20 hrs","value":3},{"label":"21 hrs","value":2},{"label":"22 hrs","value":2},{"label":"23 hrs","value":5}]},{"source":8,"target":12,"value":3,"fill":"#FCC5C0","supply":[{"label":"00 hrs","value":0},{"label":"01 hrs","value":0},{"label":"02 hrs","value":0},{"label":"03 hrs","value":0},{"label":"04 hrs","value":1},{"label":"05 hrs","value":0},{"label":"06 hrs","value":0},{"label":"07 hrs","value":0},{"label":"08 hrs","value":0},{"label":"09 hrs","value":0},{"label":"10 hrs","value":0},{"label":"11 hrs","value":0},{"label":"12 hrs","value":0},{"label":"13 hrs","value":0},{"label":"14 hrs","value":1},{"label":"15 hrs","value":1},{"label":"16 hrs","value":0},{"label":"17 hrs","value":0},{"label":"18 hrs","value":0},{"label":"19 hrs","value":0},{"label":"20 hrs","value":0},{"label":"21 hrs","value":0},{"label":"22 hrs","value":0},{"label":"23 hrs","value":0}]},{"source":8,"target":10,"value":3,"fill":"#8DD3C7","supply":[{"label":"00 hrs","value":1},{"label":"01 hrs","value":0},{"label":"02 hrs","value":0},{"label":"03 hrs","value":0},{"label":"04 hrs","value":0},{"label":"05 hrs","value":0},{"label":"06 hrs","value":0},{"label":"07 hrs","value":0},{"label":"08 hrs","value":0},{"label":"09 hrs","value":0},{"label":"10 hrs","value":0},{"label":"11 hrs","value":0},{"label":"12 hrs","value":0},{"label":"13 hrs","value":0},{"label":"14 hrs","value":0},{"label":"15 hrs","value":0},{"label":"16 hrs","value":0},{"label":"17 hrs","value":0},{"label":"18 hrs","value":0},{"label":"19 hrs","value":0},{"label":"20 hrs","value":0},{"label":"21 hrs","value":0},{"label":"22 hrs","value":1},{"label":"23 hrs","value":1}]},{"source":8,"target":11,"value":42,"fill":"#8DD3C7","supply":[{"label":"00 hrs","value":4},{"label":"01 hrs","value":0},{"label":"02 hrs","value":2},{"label":"03 hrs","value":1},{"label":"04 hrs","value":2},{"label":"05 hrs","value":1},{"label":"06 hrs","value":3},{"label":"07 hrs","value":1},{"label":"08 hrs","value":0},{"label":"09 hrs","value":0},{"label":"10 hrs","value":0},{"label":"11 hrs","value":1},{"label":"12 hrs","value":1},{"label":"13 hrs","value":1},{"label":"14 hrs","value":0},{"label":"15 hrs","value":1},{"label":"16 hrs","value":1},{"label":"17 hrs","value":4},{"label":"18 hrs","value":2},{"label":"19 hrs","value":2},{"label":"20 hrs","value":5},{"label":"21 hrs","value":2},{"label":"22 hrs","value":3},{"label":"23 hrs","value":5}]},{"source":8,"target":9,"value":30,"fill":"#BEBADA","supply":[{"label":"00 hrs","value":3},{"label":"01 hrs","value":2},{"label":"02 hrs","value":0},{"label":"03 hrs","value":1},{"label":"04 hrs","value":1},{"label":"05 hrs","value":0},{"label":"06 hrs","value":2},{"label":"07 hrs","value":0},{"label":"08 hrs","value":1},{"label":"09 hrs","value":0},{"label":"10 hrs","value":3},{"label":"11 hrs","value":0},{"label":"12 hrs","value":1},{"label":"13 hrs","value":3},{"label":"14 hrs","value":2},{"label":"15 hrs","value":0},{"label":"16 hrs","value":0},{"label":"17 hrs","value":2},{"label":"18 hrs","value":1},{"label":"19 hrs","value":1},{"label":"20 hrs","value":2},{"label":"21 hrs","value":3},{"label":"22 hrs","value":2},{"label":"23 hrs","value":0}]},{"source":8,"target":10,"value":94,"fill":"#BEBADA","supply":[{"label":"00 hrs","value":2},{"label":"01 hrs","value":2},{"label":"02 hrs","value":1},{"label":"03 hrs","value":1},{"label":"04 hrs","value":3},{"label":"05 hrs","value":0},{"label":"06 hrs","value":1},{"label":"07 hrs","value":0},{"label":"08 hrs","value":2},{"label":"09 hrs","value":6},{"label":"10 hrs","value":9},{"label":"11 hrs","value":6},{"label":"12 hrs","value":9},{"label":"13 hrs","value":6},{"label":"14 hrs","value":4},{"label":"15 hrs","value":2},{"label":"16 hrs","value":6},{"label":"17 hrs","value":7},{"label":"18 hrs","value":4},{"label":"19 hrs","value":5},{"label":"20 hrs","value":5},{"label":"21 hrs","value":7},{"label":"22 hrs","value":5},{"label":"23 hrs","value":1}]},{"source":8,"target":11,"value":937,"fill":"#BEBADA","supply":[{"label":"00 hrs","value":36},{"label":"01 hrs","value":23},{"label":"02 hrs","value":21},{"label":"03 hrs","value":22},{"label":"04 hrs","value":15},{"label":"05 hrs","value":13},{"label":"06 hrs","value":11},{"label":"07 hrs","value":27},{"label":"08 hrs","value":25},{"label":"09 hrs","value":35},{"label":"10 hrs","value":33},{"label":"11 hrs","value":42},{"label":"12 hrs","value":42},{"label":"13 hrs","value":43},{"label":"14 hrs","value":44},{"label":"15 hrs","value":65},{"label":"16 hrs","value":62},{"label":"17 hrs","value":58},{"label":"18 hrs","value":55},{"label":"19 hrs","value":72},{"label":"20 hrs","value":62},{"label":"21 hrs","value":61},{"label":"22 hrs","value":46},{"label":"23 hrs","value":24}]},{"source":8,"target":12,"value":20,"fill":"#BEBADA","supply":[{"label":"00 hrs","value":2},{"label":"01 hrs","value":2},{"label":"02 hrs","value":1},{"label":"03 hrs","value":1},{"label":"04 hrs","value":0},{"label":"05 hrs","value":0},{"label":"06 hrs","value":2},{"label":"07 hrs","value":0},{"label":"08 hrs","value":0},{"label":"09 hrs","value":1},{"label":"10 hrs","value":0},{"label":"11 hrs","value":2},{"label":"12 hrs","value":1},{"label":"13 hrs","value":1},{"label":"14 hrs","value":0},{"label":"15 hrs","value":1},{"label":"16 hrs","value":1},{"label":"17 hrs","value":0},{"label":"18 hrs","value":4},{"label":"19 hrs","value":0},{"label":"20 hrs","value":1},{"label":"21 hrs","value":0},{"label":"22 hrs","value":0},{"label":"23 hrs","value":0}]},{"source":8,"target":13,"value":1,"fill":"#BEBADA","supply":[{"label":"00 hrs","value":0},{"label":"01 hrs","value":0},{"label":"02 hrs","value":0},{"label":"03 hrs","value":0},{"label":"04 hrs","value":0},{"label":"05 hrs","value":0},{"label":"06 hrs","value":0},{"label":"07 hrs","value":0},{"label":"08 hrs","value":0},{"label":"09 hrs","value":0},{"label":"10 hrs","value":0},{"label":"11 hrs","value":0},{"label":"12 hrs","value":0},{"label":"13 hrs","value":0},{"label":"14 hrs","value":0},{"label":"15 hrs","value":0},{"label":"16 hrs","value":0},{"label":"17 hrs","value":0},{"label":"18 hrs","value":1},{"label":"19 hrs","value":0},{"label":"20 hrs","value":0},{"label":"21 hrs","value":0},{"label":"22 hrs","value":0},{"label":"23 hrs","value":0}]},{"source":9,"target":14,"value":30,"fill":"#BEBADA","supply":[{"label":"00 hrs","value":3},{"label":"01 hrs","value":2},{"label":"02 hrs","value":0},{"label":"03 hrs","value":1},{"label":"04 hrs","value":1},{"label":"05 hrs","value":0},{"label":"06 hrs","value":2},{"label":"07 hrs","value":0},{"label":"08 hrs","value":1},{"label":"09 hrs","value":0},{"label":"10 hrs","value":3},{"label":"11 hrs","value":0},{"label":"12 hrs","value":1},{"label":"13 hrs","value":3},{"label":"14 hrs","value":2},{"label":"15 hrs","value":0},{"label":"16 hrs","value":0},{"label":"17 hrs","value":2},{"label":"18 hrs","value":1},{"label":"19 hrs","value":1},{"label":"20 hrs","value":2},{"label":"21 hrs","value":3},{"label":"22 hrs","value":2},{"label":"23 hrs","value":0}]},{"source":9,"target":14,"value":1,"fill":"#FCC5C0","supply":[{"label":"00 hrs","value":0},{"label":"01 hrs","value":0},{"label":"02 hrs","value":0},{"label":"03 hrs","value":0},{"label":"04 hrs","value":0},{"label":"05 hrs","value":0},{"label":"06 hrs","value":0},{"label":"07 hrs","value":0},{"label":"08 hrs","value":1},{"label":"09 hrs","value":0},{"label":"10 hrs","value":0},{"label":"11 hrs","value":0},{"label":"12 hrs","value":0},{"label":"13 hrs","value":0},{"label":"14 hrs","value":0},{"label":"15 hrs","value":0},{"label":"16 hrs","value":0},{"label":"17 hrs","value":0},{"label":"18 hrs","value":0},{"label":"19 hrs","value":0},{"label":"20 hrs","value":0},{"label":"21 hrs","value":0},{"label":"22 hrs","value":0},{"label":"23 hrs","value":0}]},{"source":10,"target":15,"value":94,"fill":"#BEBADA","supply":[{"label":"00 hrs","value":2},{"label":"01 hrs","value":2},{"label":"02 hrs","value":1},{"label":"03 hrs","value":1},{"label":"04 hrs","value":3},{"label":"05 hrs","value":0},{"label":"06 hrs","value":1},{"label":"07 hrs","value":0},{"label":"08 hrs","value":2},{"label":"09 hrs","value":6},{"label":"10 hrs","value":9},{"label":"11 hrs","value":6},{"label":"12 hrs","value":9},{"label":"13 hrs","value":6},{"label":"14 hrs","value":4},{"label":"15 hrs","value":2},{"label":"16 hrs","value":6},{"label":"17 hrs","value":7},{"label":"18 hrs","value":4},{"label":"19 hrs","value":5},{"label":"20 hrs","value":5},{"label":"21 hrs","value":7},{"label":"22 hrs","value":5},{"label":"23 hrs","value":1}]},{"source":10,"target":15,"value":4,"fill":"#FCC5C0","supply":[{"label":"00 hrs","value":1},{"label":"01 hrs","value":0},{"label":"02 hrs","value":0},{"label":"03 hrs","value":0},{"label":"04 hrs","value":0},{"label":"05 hrs","value":0},{"label":"06 hrs","value":0},{"label":"07 hrs","value":1},{"label":"08 hrs","value":0},{"label":"09 hrs","value":0},{"label":"10 hrs","value":0},{"label":"11 hrs","value":0},{"label":"12 hrs","value":0},{"label":"13 hrs","value":0},{"label":"14 hrs","value":0},{"label":"15 hrs","value":0},{"label":"16 hrs","value":0},{"label":"17 hrs","value":0},{"label":"18 hrs","value":2},{"label":"19 hrs","value":0},{"label":"20 hrs","value":0},{"label":"21 hrs","value":0},{"label":"22 hrs","value":0},{"label":"23 hrs","value":0}]},{"source":10,"target":15,"value":3,"fill":"#8DD3C7","supply":[{"label":"00 hrs","value":1},{"label":"01 hrs","value":0},{"label":"02 hrs","value":0},{"label":"03 hrs","value":0},{"label":"04 hrs","value":0},{"label":"05 hrs","value":0},{"label":"06 hrs","value":0},{"label":"07 hrs","value":0},{"label":"08 hrs","value":0},{"label":"09 hrs","value":0},{"label":"10 hrs","value":0},{"label":"11 hrs","value":0},{"label":"12 hrs","value":0},{"label":"13 hrs","value":0},{"label":"14 hrs","value":0},{"label":"15 hrs","value":0},{"label":"16 hrs","value":0},{"label":"17 hrs","value":0},{"label":"18 hrs","value":0},{"label":"19 hrs","value":0},{"label":"20 hrs","value":0},{"label":"21 hrs","value":0},{"label":"22 hrs","value":1},{"label":"23 hrs","value":1}]},{"source":11,"target":14,"value":77,"fill":"#BEBADA","supply":[{"label":"00 hrs","value":2},{"label":"01 hrs","value":7},{"label":"02 hrs","value":2},{"label":"03 hrs","value":5},{"label":"04 hrs","value":5},{"label":"05 hrs","value":1},{"label":"06 hrs","value":0},{"label":"07 hrs","value":4},{"label":"08 hrs","value":2},{"label":"09 hrs","value":1},{"label":"10 hrs","value":0},{"label":"11 hrs","value":4},{"label":"12 hrs","value":4},{"label":"13 hrs","value":3},{"label":"14 hrs","value":3},{"label":"15 hrs","value":3},{"label":"16 hrs","value":1},{"label":"17 hrs","value":5},{"label":"18 hrs","value":4},{"label":"19 hrs","value":9},{"label":"20 hrs","value":4},{"label":"21 hrs","value":4},{"label":"22 hrs","value":3},{"label":"23 hrs","value":1}]},{"source":11,"target":14,"value":3,"fill":"#FCC5C0","supply":[{"label":"00 hrs","value":0},{"label":"01 hrs","value":0},{"label":"02 hrs","value":0},{"label":"03 hrs","value":0},{"label":"04 hrs","value":1},{"label":"05 hrs","value":0},{"label":"06 hrs","value":0},{"label":"07 hrs","value":0},{"label":"08 hrs","value":0},{"label":"09 hrs","value":0},{"label":"10 hrs","value":0},{"label":"11 hrs","value":0},{"label":"12 hrs","value":0},{"label":"13 hrs","value":0},{"label":"14 hrs","value":0},{"label":"15 hrs","value":0},{"label":"16 hrs","value":0},{"label":"17 hrs","value":0},{"label":"18 hrs","value":0},{"label":"19 hrs","value":0},{"label":"20 hrs","value":0},{"label":"21 hrs","value":1},{"label":"22 hrs","value":0},{"label":"23 hrs","value":1}]},{"source":11,"target":14,"value":3,"fill":"#8DD3C7","supply":[{"label":"00 hrs","value":0},{"label":"01 hrs","value":0},{"label":"02 hrs","value":0},{"label":"03 hrs","value":0},{"label":"04 hrs","value":1},{"label":"05 hrs","value":0},{"label":"06 hrs","value":0},{"label":"07 hrs","value":0},{"label":"08 hrs","value":0},{"label":"09 hrs","value":0},{"label":"10 hrs","value":0},{"label":"11 hrs","value":0},{"label":"12 hrs","value":0},{"label":"13 hrs","value":0},{"label":"14 hrs","value":0},{"label":"15 hrs","value":1},{"label":"16 hrs","value":0},{"label":"17 hrs","value":0},{"label":"18 hrs","value":0},{"label":"19 hrs","value":0},{"label":"20 hrs","value":0},{"label":"21 hrs","value":0},{"label":"22 hrs","value":0},{"label":"23 hrs","value":1}]},{"source":11,"target":15,"value":357,"fill":"#BEBADA","supply":[{"label":"00 hrs","value":20},{"label":"01 hrs","value":8},{"label":"02 hrs","value":13},{"label":"03 hrs","value":9},{"label":"04 hrs","value":6},{"label":"05 hrs","value":9},{"label":"06 hrs","value":7},{"label":"07 hrs","value":8},{"label":"08 hrs","value":11},{"label":"09 hrs","value":19},{"label":"10 hrs","value":12},{"label":"11 hrs","value":14},{"label":"12 hrs","value":11},{"label":"13 hrs","value":17},{"label":"14 hrs","value":19},{"label":"15 hrs","value":17},{"label":"16 hrs","value":18},{"label":"17 hrs","value":22},{"label":"18 hrs","value":18},{"label":"19 hrs","value":19},{"label":"20 hrs","value":24},{"label":"21 hrs","value":25},{"label":"22 hrs","value":23},{"label":"23 hrs","value":8}]},{"source":11,"target":15,"value":26,"fill":"#FCC5C0","supply":[{"label":"00 hrs","value":1},{"label":"01 hrs","value":0},{"label":"02 hrs","value":2},{"label":"03 hrs","value":1},{"label":"04 hrs","value":0},{"label":"05 hrs","value":0},{"label":"06 hrs","value":0},{"label":"07 hrs","value":1},{"label":"08 hrs","value":0},{"label":"09 hrs","value":1},{"label":"10 hrs","value":1},{"label":"11 hrs","value":1},{"label":"12 hrs","value":2},{"label":"13 hrs","value":0},{"label":"14 hrs","value":1},{"label":"15 hrs","value":3},{"label":"16 hrs","value":0},{"label":"17 hrs","value":2},{"label":"18 hrs","value":2},{"label":"19 hrs","value":2},{"label":"20 hrs","value":3},{"label":"21 hrs","value":1},{"label":"22 hrs","value":1},{"label":"23 hrs","value":1}]},{"source":11,"target":15,"value":29,"fill":"#8DD3C7","supply":[{"label":"00 hrs","value":2},{"label":"01 hrs","value":0},{"label":"02 hrs","value":2},{"label":"03 hrs","value":1},{"label":"04 hrs","value":1},{"label":"05 hrs","value":1},{"label":"06 hrs","value":1},{"label":"07 hrs","value":1},{"label":"08 hrs","value":0},{"label":"09 hrs","value":0},{"label":"10 hrs","value":0},{"label":"11 hrs","value":1},{"label":"12 hrs","value":1},{"label":"13 hrs","value":1},{"label":"14 hrs","value":0},{"label":"15 hrs","value":0},{"label":"16 hrs","value":1},{"label":"17 hrs","value":4},{"label":"18 hrs","value":2},{"label":"19 hrs","value":1},{"label":"20 hrs","value":3},{"label":"21 hrs","value":1},{"label":"22 hrs","value":3},{"label":"23 hrs","value":2}]},{"source":11,"target":16,"value":503,"fill":"#BEBADA","supply":[{"label":"00 hrs","value":14},{"label":"01 hrs","value":8},{"label":"02 hrs","value":6},{"label":"03 hrs","value":8},{"label":"04 hrs","value":4},{"label":"05 hrs","value":3},{"label":"06 hrs","value":4},{"label":"07 hrs","value":15},{"label":"08 hrs","value":12},{"label":"09 hrs","value":15},{"label":"10 hrs","value":21},{"label":"11 hrs","value":24},{"label":"12 hrs","value":27},{"label":"13 hrs","value":23},{"label":"14 hrs","value":22},{"label":"15 hrs","value":45},{"label":"16 hrs","value":43},{"label":"17 hrs","value":31},{"label":"18 hrs","value":33},{"label":"19 hrs","value":44},{"label":"20 hrs","value":34},{"label":"21 hrs","value":32},{"label":"22 hrs","value":20},{"label":"23 hrs","value":15}]},{"source":11,"target":16,"value":10,"fill":"#FCC5C0","supply":[{"label":"00 hrs","value":0},{"label":"01 hrs","value":0},{"label":"02 hrs","value":0},{"label":"03 hrs","value":0},{"label":"04 hrs","value":0},{"label":"05 hrs","value":0},{"label":"06 hrs","value":0},{"label":"07 hrs","value":0},{"label":"08 hrs","value":2},{"label":"09 hrs","value":0},{"label":"10 hrs","value":0},{"label":"11 hrs","value":0},{"label":"12 hrs","value":0},{"label":"13 hrs","value":0},{"label":"14 hrs","value":2},{"label":"15 hrs","value":1},{"label":"16 hrs","value":1},{"label":"17 hrs","value":0},{"label":"18 hrs","value":0},{"label":"19 hrs","value":0},{"label":"20 hrs","value":0},{"label":"21 hrs","value":0},{"label":"22 hrs","value":1},{"label":"23 hrs","value":3}]},{"source":11,"target":16,"value":10,"fill":"#8DD3C7","supply":[{"label":"00 hrs","value":2},{"label":"01 hrs","value":0},{"label":"02 hrs","value":0},{"label":"03 hrs","value":0},{"label":"04 hrs","value":0},{"label":"05 hrs","value":0},{"label":"06 hrs","value":2},{"label":"07 hrs","value":0},{"label":"08 hrs","value":0},{"label":"09 hrs","value":0},{"label":"10 hrs","value":0},{"label":"11 hrs","value":0},{"label":"12 hrs","value":0},{"label":"13 hrs","value":0},{"label":"14 hrs","value":0},{"label":"15 hrs","value":0},{"label":"16 hrs","value":0},{"label":"17 hrs","value":0},{"label":"18 hrs","value":0},{"label":"19 hrs","value":1},{"label":"20 hrs","value":2},{"label":"21 hrs","value":1},{"label":"22 hrs","value":0},{"label":"23 hrs","value":2}]},{"source":12,"target":14,"value":3,"fill":"#BEBADA","supply":[{"label":"00 hrs","value":0},{"label":"01 hrs","value":0},{"label":"02 hrs","value":0},{"label":"03 hrs","value":1},{"label":"04 hrs","value":0},{"label":"05 hrs","value":0},{"label":"06 hrs","value":0},{"label":"07 hrs","value":0},{"label":"08 hrs","value":0},{"label":"09 hrs","value":0},{"label":"10 hrs","value":0},{"label":"11 hrs","value":0},{"label":"12 hrs","value":0},{"label":"13 hrs","value":0},{"label":"14 hrs","value":0},{"label":"15 hrs","value":0},{"label":"16 hrs","value":1},{"label":"17 hrs","value":0},{"label":"18 hrs","value":1},{"label":"19 hrs","value":0},{"label":"20 hrs","value":0},{"label":"21 hrs","value":0},{"label":"22 hrs","value":0},{"label":"23 hrs","value":0}]},{"source":12,"target":14,"value":1,"fill":"#FCC5C0","supply":[{"label":"00 hrs","value":0},{"label":"01 hrs","value":0},{"label":"02 hrs","value":0},{"label":"03 hrs","value":0},{"label":"04 hrs","value":1},{"label":"05 hrs","value":0},{"label":"06 hrs","value":0},{"label":"07 hrs","value":0},{"label":"08 hrs","value":0},{"label":"09 hrs","value":0},{"label":"10 hrs","value":0},{"label":"11 hrs","value":0},{"label":"12 hrs","value":0},{"label":"13 hrs","value":0},{"label":"14 hrs","value":0},{"label":"15 hrs","value":0},{"label":"16 hrs","value":0},{"label":"17 hrs","value":0},{"label":"18 hrs","value":0},{"label":"19 hrs","value":0},{"label":"20 hrs","value":0},{"label":"21 hrs","value":0},{"label":"22 hrs","value":0},{"label":"23 hrs","value":0}]},{"source":12,"target":15,"value":9,"fill":"#BEBADA","supply":[{"label":"00 hrs","value":1},{"label":"01 hrs","value":1},{"label":"02 hrs","value":1},{"label":"03 hrs","value":0},{"label":"04 hrs","value":0},{"label":"05 hrs","value":0},{"label":"06 hrs","value":2},{"label":"07 hrs","value":0},{"label":"08 hrs","value":0},{"label":"09 hrs","value":1},{"label":"10 hrs","value":0},{"label":"11 hrs","value":1},{"label":"12 hrs","value":0},{"label":"13 hrs","value":0},{"label":"14 hrs","value":0},{"label":"15 hrs","value":0},{"label":"16 hrs","value":0},{"label":"17 hrs","value":0},{"label":"18 hrs","value":1},{"label":"19 hrs","value":0},{"label":"20 hrs","value":1},{"label":"21 hrs","value":0},{"label":"22 hrs","value":0},{"label":"23 hrs","value":0}]},{"source":12,"target":16,"value":8,"fill":"#BEBADA","supply":[{"label":"00 hrs","value":1},{"label":"01 hrs","value":1},{"label":"02 hrs","value":0},{"label":"03 hrs","value":0},{"label":"04 hrs","value":0},{"label":"05 hrs","value":0},{"label":"06 hrs","value":0},{"label":"07 hrs","value":0},{"label":"08 hrs","value":0},{"label":"09 hrs","value":0},{"label":"10 hrs","value":0},{"label":"11 hrs","value":1},{"label":"12 hrs","value":1},{"label":"13 hrs","value":1},{"label":"14 hrs","value":0},{"label":"15 hrs","value":1},{"label":"16 hrs","value":0},{"label":"17 hrs","value":0},{"label":"18 hrs","value":2},{"label":"19 hrs","value":0},{"label":"20 hrs","value":0},{"label":"21 hrs","value":0},{"label":"22 hrs","value":0},{"label":"23 hrs","value":0}]},{"source":12,"target":16,"value":2,"fill":"#FCC5C0","supply":[{"label":"00 hrs","value":0},{"label":"01 hrs","value":0},{"label":"02 hrs","value":0},{"label":"03 hrs","value":0},{"label":"04 hrs","value":0},{"label":"05 hrs","value":0},{"label":"06 hrs","value":0},{"label":"07 hrs","value":0},{"label":"08 hrs","value":0},{"label":"09 hrs","value":0},{"label":"10 hrs","value":0},{"label":"11 hrs","value":0},{"label":"12 hrs","value":0},{"label":"13 hrs","value":0},{"label":"14 hrs","value":1},{"label":"15 hrs","value":1},{"label":"16 hrs","value":0},{"label":"17 hrs","value":0},{"label":"18 hrs","value":0},{"label":"19 hrs","value":0},{"label":"20 hrs","value":0},{"label":"21 hrs","value":0},{"label":"22 hrs","value":0},{"label":"23 hrs","value":0}]},{"source":13,"target":17,"value":1,"fill":"#BEBADA","supply":[{"label":"00 hrs","value":0},{"label":"01 hrs","value":0},{"label":"02 hrs","value":0},{"label":"03 hrs","value":0},{"label":"04 hrs","value":0},{"label":"05 hrs","value":0},{"label":"06 hrs","value":0},{"label":"07 hrs","value":0},{"label":"08 hrs","value":0},{"label":"09 hrs","value":0},{"label":"10 hrs","value":0},{"label":"11 hrs","value":0},{"label":"12 hrs","value":0},{"label":"13 hrs","value":0},{"label":"14 hrs","value":0},{"label":"15 hrs","value":0},{"label":"16 hrs","value":0},{"label":"17 hrs","value":0},{"label":"18 hrs","value":1},{"label":"19 hrs","value":0},{"label":"20 hrs","value":0},{"label":"21 hrs","value":0},{"label":"22 hrs","value":0},{"label":"23 hrs","value":0}]},{"source":14,"target":20,"value":10,"fill":"#BEBADA","supply":[{"label":"00 hrs","value":0},{"label":"01 hrs","value":0},{"label":"02 hrs","value":0},{"label":"03 hrs","value":0},{"label":"04 hrs","value":0},{"label":"05 hrs","value":0},{"label":"06 hrs","value":1},{"label":"07 hrs","value":0},{"label":"08 hrs","value":1},{"label":"09 hrs","value":0},{"label":"10 hrs","value":2},{"label":"11 hrs","value":0},{"label":"12 hrs","value":1},{"label":"13 hrs","value":1},{"label":"14 hrs","value":1},{"label":"15 hrs","value":0},{"label":"16 hrs","value":0},{"label":"17 hrs","value":1},{"label":"18 hrs","value":1},{"label":"19 hrs","value":0},{"label":"20 hrs","value":1},{"label":"21 hrs","value":0},{"label":"22 hrs","value":0},{"label":"23 hrs","value":0}]},{"source":15,"target":20,"value":46,"fill":"#BEBADA","supply":[{"label":"00 hrs","value":1},{"label":"01 hrs","value":0},{"label":"02 hrs","value":0},{"label":"03 hrs","value":1},{"label":"04 hrs","value":1},{"label":"05 hrs","value":0},{"label":"06 hrs","value":0},{"label":"07 hrs","value":0},{"label":"08 hrs","value":1},{"label":"09 hrs","value":6},{"label":"10 hrs","value":6},{"label":"11 hrs","value":3},{"label":"12 hrs","value":4},{"label":"13 hrs","value":3},{"label":"14 hrs","value":1},{"label":"15 hrs","value":0},{"label":"16 hrs","value":4},{"label":"17 hrs","value":6},{"label":"18 hrs","value":1},{"label":"19 hrs","value":2},{"label":"20 hrs","value":1},{"label":"21 hrs","value":3},{"label":"22 hrs","value":1},{"label":"23 hrs","value":1}]},{"source":16,"target":20,"value":39,"fill":"#BEBADA","supply":[{"label":"00 hrs","value":1},{"label":"01 hrs","value":0},{"label":"02 hrs","value":0},{"label":"03 hrs","value":0},{"label":"04 hrs","value":0},{"label":"05 hrs","value":2},{"label":"06 hrs","value":0},{"label":"07 hrs","value":0},{"label":"08 hrs","value":1},{"label":"09 hrs","value":3},{"label":"10 hrs","value":5},{"label":"11 hrs","value":1},{"label":"12 hrs","value":2},{"label":"13 hrs","value":5},{"label":"14 hrs","value":3},{"label":"15 hrs","value":3},{"label":"16 hrs","value":4},{"label":"17 hrs","value":2},{"label":"18 hrs","value":3},{"label":"19 hrs","value":0},{"label":"20 hrs","value":1},{"label":"21 hrs","value":1},{"label":"22 hrs","value":1},{"label":"23 hrs","value":1}]},{"source":14,"target":23,"value":23,"fill":"#BEBADA","supply":[{"label":"00 hrs","value":2},{"label":"01 hrs","value":1},{"label":"02 hrs","value":0},{"label":"03 hrs","value":0},{"label":"04 hrs","value":0},{"label":"05 hrs","value":0},{"label":"06 hrs","value":0},{"label":"07 hrs","value":0},{"label":"08 hrs","value":0},{"label":"09 hrs","value":0},{"label":"10 hrs","value":1},{"label":"11 hrs","value":0},{"label":"12 hrs","value":1},{"label":"13 hrs","value":2},{"label":"14 hrs","value":2},{"label":"15 hrs","value":2},{"label":"16 hrs","value":1},{"label":"17 hrs","value":2},{"label":"18 hrs","value":1},{"label":"19 hrs","value":4},{"label":"20 hrs","value":2},{"label":"21 hrs","value":1},{"label":"22 hrs","value":1},{"label":"23 hrs","value":0}]},{"source":15,"target":23,"value":73,"fill":"#BEBADA","supply":[{"label":"00 hrs","value":3},{"label":"01 hrs","value":2},{"label":"02 hrs","value":4},{"label":"03 hrs","value":3},{"label":"04 hrs","value":1},{"label":"05 hrs","value":1},{"label":"06 hrs","value":3},{"label":"07 hrs","value":1},{"label":"08 hrs","value":3},{"label":"09 hrs","value":5},{"label":"10 hrs","value":2},{"label":"11 hrs","value":5},{"label":"12 hrs","value":2},{"label":"13 hrs","value":5},{"label":"14 hrs","value":5},{"label":"15 hrs","value":7},{"label":"16 hrs","value":6},{"label":"17 hrs","value":8},{"label":"18 hrs","value":1},{"label":"19 hrs","value":2},{"label":"20 hrs","value":1},{"label":"21 hrs","value":2},{"label":"22 hrs","value":1},{"label":"23 hrs","value":0}]},{"source":15,"target":23,"value":3,"fill":"#FCC5C0","supply":[{"label":"00 hrs","value":0},{"label":"01 hrs","value":0},{"label":"02 hrs","value":0},{"label":"03 hrs","value":0},{"label":"04 hrs","value":0},{"label":"05 hrs","value":0},{"label":"06 hrs","value":0},{"label":"07 hrs","value":1},{"label":"08 hrs","value":0},{"label":"09 hrs","value":0},{"label":"10 hrs","value":0},{"label":"11 hrs","value":0},{"label":"12 hrs","value":0},{"label":"13 hrs","value":0},{"label":"14 hrs","value":1},{"label":"15 hrs","value":0},{"label":"16 hrs","value":0},{"label":"17 hrs","value":0},{"label":"18 hrs","value":1},{"label":"19 hrs","value":0},{"label":"20 hrs","value":0},{"label":"21 hrs","value":0},{"label":"22 hrs","value":0},{"label":"23 hrs","value":0}]},{"source":15,"target":23,"value":7,"fill":"#8DD3C7","supply":[{"label":"00 hrs","value":0},{"label":"01 hrs","value":0},{"label":"02 hrs","value":0},{"label":"03 hrs","value":0},{"label":"04 hrs","value":0},{"label":"05 hrs","value":0},{"label":"06 hrs","value":0},{"label":"07 hrs","value":1},{"label":"08 hrs","value":0},{"label":"09 hrs","value":0},{"label":"10 hrs","value":0},{"label":"11 hrs","value":1},{"label":"12 hrs","value":0},{"label":"13 hrs","value":0},{"label":"14 hrs","value":0},{"label":"15 hrs","value":0},{"label":"16 hrs","value":1},{"label":"17 hrs","value":1},{"label":"18 hrs","value":1},{"label":"19 hrs","value":1},{"label":"20 hrs","value":0},{"label":"21 hrs","value":0},{"label":"22 hrs","value":0},{"label":"23 hrs","value":1}]},{"source":16,"target":23,"value":121,"fill":"#BEBADA","supply":[{"label":"00 hrs","value":3},{"label":"01 hrs","value":3},{"label":"02 hrs","value":0},{"label":"03 hrs","value":3},{"label":"04 hrs","value":0},{"label":"05 hrs","value":1},{"label":"06 hrs","value":0},{"label":"07 hrs","value":5},{"label":"08 hrs","value":7},{"label":"09 hrs","value":5},{"label":"10 hrs","value":2},{"label":"11 hrs","value":14},{"label":"12 hrs","value":7},{"label":"13 hrs","value":7},{"label":"14 hrs","value":8},{"label":"15 hrs","value":13},{"label":"16 hrs","value":13},{"label":"17 hrs","value":6},{"label":"18 hrs","value":7},{"label":"19 hrs","value":7},{"label":"20 hrs","value":6},{"label":"21 hrs","value":2},{"label":"22 hrs","value":1},{"label":"23 hrs","value":1}]},{"source":16,"target":23,"value":1,"fill":"#FCC5C0","supply":[{"label":"00 hrs","value":0},{"label":"01 hrs","value":0},{"label":"02 hrs","value":0},{"label":"03 hrs","value":0},{"label":"04 hrs","value":0},{"label":"05 hrs","value":0},{"label":"06 hrs","value":0},{"label":"07 hrs","value":0},{"label":"08 hrs","value":0},{"label":"09 hrs","value":0},{"label":"10 hrs","value":0},{"label":"11 hrs","value":0},{"label":"12 hrs","value":0},{"label":"13 hrs","value":0},{"label":"14 hrs","value":0},{"label":"15 hrs","value":1},{"label":"16 hrs","value":0},{"label":"17 hrs","value":0},{"label":"18 hrs","value":0},{"label":"19 hrs","value":0},{"label":"20 hrs","value":0},{"label":"21 hrs","value":0},{"label":"22 hrs","value":0},{"label":"23 hrs","value":0}]},{"source":16,"target":23,"value":1,"fill":"#8DD3C7","supply":[{"label":"00 hrs","value":0},{"label":"01 hrs","value":0},{"label":"02 hrs","value":0},{"label":"03 hrs","value":0},{"label":"04 hrs","value":0},{"label":"05 hrs","value":0},{"label":"06 hrs","value":0},{"label":"07 hrs","value":0},{"label":"08 hrs","value":0},{"label":"09 hrs","value":0},{"label":"10 hrs","value":0},{"label":"11 hrs","value":0},{"label":"12 hrs","value":0},{"label":"13 hrs","value":0},{"label":"14 hrs","value":0},{"label":"15 hrs","value":0},{"label":"16 hrs","value":0},{"label":"17 hrs","value":0},{"label":"18 hrs","value":0},{"label":"19 hrs","value":0},{"label":"20 hrs","value":1},{"label":"21 hrs","value":0},{"label":"22 hrs","value":0},{"label":"23 hrs","value":0}]},{"source":14,"target":24,"value":32,"fill":"#BEBADA","supply":[{"label":"00 hrs","value":3},{"label":"01 hrs","value":8},{"label":"02 hrs","value":1},{"label":"03 hrs","value":6},{"label":"04 hrs","value":4},{"label":"05 hrs","value":0},{"label":"06 hrs","value":0},{"label":"07 hrs","value":0},{"label":"08 hrs","value":0},{"label":"09 hrs","value":0},{"label":"10 hrs","value":0},{"label":"11 hrs","value":0},{"label":"12 hrs","value":0},{"label":"13 hrs","value":0},{"label":"14 hrs","value":0},{"label":"15 hrs","value":0},{"label":"16 hrs","value":0},{"label":"17 hrs","value":2},{"label":"18 hrs","value":1},{"label":"19 hrs","value":1},{"label":"20 hrs","value":0},{"label":"21 hrs","value":4},{"label":"22 hrs","value":2},{"label":"23 hrs","value":0}]},{"source":14,"target":24,"value":3,"fill":"#FCC5C0","supply":[{"label":"00 hrs","value":0},{"label":"01 hrs","value":0},{"label":"02 hrs","value":0},{"label":"03 hrs","value":0},{"label":"04 hrs","value":1},{"label":"05 hrs","value":0},{"label":"06 hrs","value":0},{"label":"07 hrs","value":0},{"label":"08 hrs","value":0},{"label":"09 hrs","value":0},{"label":"10 hrs","value":0},{"label":"11 hrs","value":0},{"label":"12 hrs","value":0},{"label":"13 hrs","value":0},{"label":"14 hrs","value":0},{"label":"15 hrs","value":0},{"label":"16 hrs","value":0},{"label":"17 hrs","value":0},{"label":"18 hrs","value":0},{"label":"19 hrs","value":0},{"label":"20 hrs","value":0},{"label":"21 hrs","value":1},{"label":"22 hrs","value":0},{"label":"23 hrs","value":1}]},{"source":14,"target":24,"value":1,"fill":"#8DD3C7","supply":[{"label":"00 hrs","value":0},{"label":"01 hrs","value":0},{"label":"02 hrs","value":0},{"label":"03 hrs","value":0},{"label":"04 hrs","value":1},{"label":"05 hrs","value":0},{"label":"06 hrs","value":0},{"label":"07 hrs","value":0},{"label":"08 hrs","value":0},{"label":"09 hrs","value":0},{"label":"10 hrs","value":0},{"label":"11 hrs","value":0},{"label":"12 hrs","value":0},{"label":"13 hrs","value":0},{"label":"14 hrs","value":0},{"label":"15 hrs","value":0},{"label":"16 hrs","value":0},{"label":"17 hrs","value":0},{"label":"18 hrs","value":0},{"label":"19 hrs","value":0},{"label":"20 hrs","value":0},{"label":"21 hrs","value":0},{"label":"22 hrs","value":0},{"label":"23 hrs","value":0}]},{"source":15,"target":24,"value":42,"fill":"#BEBADA","supply":[{"label":"00 hrs","value":1},{"label":"01 hrs","value":2},{"label":"02 hrs","value":1},{"label":"03 hrs","value":1},{"label":"04 hrs","value":1},{"label":"05 hrs","value":0},{"label":"06 hrs","value":1},{"label":"07 hrs","value":0},{"label":"08 hrs","value":0},{"label":"09 hrs","value":1},{"label":"10 hrs","value":0},{"label":"11 hrs","value":0},{"label":"12 hrs","value":0},{"label":"13 hrs","value":1},{"label":"14 hrs","value":0},{"label":"15 hrs","value":0},{"label":"16 hrs","value":0},{"label":"17 hrs","value":1},{"label":"18 hrs","value":0},{"label":"19 hrs","value":4},{"label":"20 hrs","value":6},{"label":"21 hrs","value":10},{"label":"22 hrs","value":8},{"label":"23 hrs","value":4}]},{"source":15,"target":24,"value":5,"fill":"#FCC5C0","supply":[{"label":"00 hrs","value":1},{"label":"01 hrs","value":0},{"label":"02 hrs","value":1},{"label":"03 hrs","value":0},{"label":"04 hrs","value":0},{"label":"05 hrs","value":0},{"label":"06 hrs","value":0},{"label":"07 hrs","value":0},{"label":"08 hrs","value":0},{"label":"09 hrs","value":0},{"label":"10 hrs","value":0},{"label":"11 hrs","value":0},{"label":"12 hrs","value":0},{"label":"13 hrs","value":0},{"label":"14 hrs","value":0},{"label":"15 hrs","value":0},{"label":"16 hrs","value":0},{"label":"17 hrs","value":0},{"label":"18 hrs","value":1},{"label":"19 hrs","value":1},{"label":"20 hrs","value":1},{"label":"21 hrs","value":0},{"label":"22 hrs","value":0},{"label":"23 hrs","value":0}]},{"source":15,"target":24,"value":2,"fill":"#8DD3C7","supply":[{"label":"00 hrs","value":0},{"label":"01 hrs","value":0},{"label":"02 hrs","value":0},{"label":"03 hrs","value":0},{"label":"04 hrs","value":0},{"label":"05 hrs","value":0},{"label":"06 hrs","value":0},{"label":"07 hrs","value":0},{"label":"08 hrs","value":0},{"label":"09 hrs","value":0},{"label":"10 hrs","value":0},{"label":"11 hrs","value":0},{"label":"12 hrs","value":0},{"label":"13 hrs","value":0},{"label":"14 hrs","value":0},{"label":"15 hrs","value":0},{"label":"16 hrs","value":0},{"label":"17 hrs","value":0},{"label":"18 hrs","value":0},{"label":"19 hrs","value":0},{"label":"20 hrs","value":1},{"label":"21 hrs","value":0},{"label":"22 hrs","value":1},{"label":"23 hrs","value":0}]},{"source":16,"target":24,"value":88,"fill":"#BEBADA","supply":[{"label":"00 hrs","value":5},{"label":"01 hrs","value":2},{"label":"02 hrs","value":1},{"label":"03 hrs","value":1},{"label":"04 hrs","value":2},{"label":"05 hrs","value":0},{"label":"06 hrs","value":3},{"label":"07 hrs","value":3},{"label":"08 hrs","value":0},{"label":"09 hrs","value":1},{"label":"10 hrs","value":1},{"label":"11 hrs","value":1},{"label":"12 hrs","value":2},{"label":"13 hrs","value":1},{"label":"14 hrs","value":2},{"label":"15 hrs","value":3},{"label":"16 hrs","value":5},{"label":"17 hrs","value":5},{"label":"18 hrs","value":6},{"label":"19 hrs","value":13},{"label":"20 hrs","value":11},{"label":"21 hrs","value":12},{"label":"22 hrs","value":5},{"label":"23 hrs","value":3}]},{"source":16,"target":24,"value":1,"fill":"#FCC5C0","supply":[{"label":"00 hrs","value":0},{"label":"01 hrs","value":0},{"label":"02 hrs","value":0},{"label":"03 hrs","value":0},{"label":"04 hrs","value":0},{"label":"05 hrs","value":0},{"label":"06 hrs","value":0},{"label":"07 hrs","value":0},{"label":"08 hrs","value":0},{"label":"09 hrs","value":0},{"label":"10 hrs","value":0},{"label":"11 hrs","value":0},{"label":"12 hrs","value":0},{"label":"13 hrs","value":0},{"label":"14 hrs","value":0},{"label":"15 hrs","value":0},{"label":"16 hrs","value":0},{"label":"17 hrs","value":0},{"label":"18 hrs","value":0},{"label":"19 hrs","value":0},{"label":"20 hrs","value":0},{"label":"21 hrs","value":0},{"label":"22 hrs","value":0},{"label":"23 hrs","value":1}]},{"source":16,"target":24,"value":5,"fill":"#8DD3C7","supply":[{"label":"00 hrs","value":1},{"label":"01 hrs","value":0},{"label":"02 hrs","value":0},{"label":"03 hrs","value":0},{"label":"04 hrs","value":0},{"label":"05 hrs","value":0},{"label":"06 hrs","value":0},{"label":"07 hrs","value":0},{"label":"08 hrs","value":0},{"label":"09 hrs","value":0},{"label":"10 hrs","value":0},{"label":"11 hrs","value":0},{"label":"12 hrs","value":0},{"label":"13 hrs","value":0},{"label":"14 hrs","value":0},{"label":"15 hrs","value":0},{"label":"16 hrs","value":0},{"label":"17 hrs","value":0},{"label":"18 hrs","value":0},{"label":"19 hrs","value":1},{"label":"20 hrs","value":1},{"label":"21 hrs","value":0},{"label":"22 hrs","value":0},{"label":"23 hrs","value":2}]},{"source":14,"target":22,"value":8,"fill":"#BEBADA","supply":[{"label":"00 hrs","value":0},{"label":"01 hrs","value":0},{"label":"02 hrs","value":1},{"label":"03 hrs","value":0},{"label":"04 hrs","value":1},{"label":"05 hrs","value":0},{"label":"06 hrs","value":0},{"label":"07 hrs","value":0},{"label":"08 hrs","value":0},{"label":"09 hrs","value":1},{"label":"10 hrs","value":0},{"label":"11 hrs","value":2},{"label":"12 hrs","value":0},{"label":"13 hrs","value":0},{"label":"14 hrs","value":0},{"label":"15 hrs","value":0},{"label":"16 hrs","value":0},{"label":"17 hrs","value":0},{"label":"18 hrs","value":1},{"label":"19 hrs","value":2},{"label":"20 hrs","value":0},{"label":"21 hrs","value":0},{"label":"22 hrs","value":0},{"label":"23 hrs","value":0}]},{"source":15,"target":22,"value":24,"fill":"#BEBADA","supply":[{"label":"00 hrs","value":0},{"label":"01 hrs","value":0},{"label":"02 hrs","value":3},{"label":"03 hrs","value":0},{"label":"04 hrs","value":0},{"label":"05 hrs","value":0},{"label":"06 hrs","value":0},{"label":"07 hrs","value":0},{"label":"08 hrs","value":2},{"label":"09 hrs","value":0},{"label":"10 hrs","value":0},{"label":"11 hrs","value":1},{"label":"12 hrs","value":3},{"label":"13 hrs","value":1},{"label":"14 hrs","value":2},{"label":"15 hrs","value":0},{"label":"16 hrs","value":0},{"label":"17 hrs","value":1},{"label":"18 hrs","value":0},{"label":"19 hrs","value":0},{"label":"20 hrs","value":4},{"label":"21 hrs","value":3},{"label":"22 hrs","value":4},{"label":"23 hrs","value":0}]},{"source":16,"target":22,"value":21,"fill":"#BEBADA","supply":[{"label":"00 hrs","value":1},{"label":"01 hrs","value":1},{"label":"02 hrs","value":0},{"label":"03 hrs","value":0},{"label":"04 hrs","value":0},{"label":"05 hrs","value":0},{"label":"06 hrs","value":0},{"label":"07 hrs","value":1},{"label":"08 hrs","value":0},{"label":"09 hrs","value":0},{"label":"10 hrs","value":2},{"label":"11 hrs","value":1},{"label":"12 hrs","value":1},{"label":"13 hrs","value":2},{"label":"14 hrs","value":0},{"label":"15 hrs","value":2},{"label":"16 hrs","value":1},{"label":"17 hrs","value":0},{"label":"18 hrs","value":2},{"label":"19 hrs","value":1},{"label":"20 hrs","value":1},{"label":"21 hrs","value":3},{"label":"22 hrs","value":2},{"label":"23 hrs","value":0}]},{"source":15,"target":25,"value":2,"fill":"#BEBADA","supply":[{"label":"00 hrs","value":0},{"label":"01 hrs","value":0},{"label":"02 hrs","value":0},{"label":"03 hrs","value":0},{"label":"04 hrs","value":0},{"label":"05 hrs","value":0},{"label":"06 hrs","value":0},{"label":"07 hrs","value":0},{"label":"08 hrs","value":0},{"label":"09 hrs","value":0},{"label":"10 hrs","value":0},{"label":"11 hrs","value":0},{"label":"12 hrs","value":1},{"label":"13 hrs","value":0},{"label":"14 hrs","value":0},{"label":"15 hrs","value":0},{"label":"16 hrs","value":0},{"label":"17 hrs","value":0},{"label":"18 hrs","value":1},{"label":"19 hrs","value":0},{"label":"20 hrs","value":0},{"label":"21 hrs","value":0},{"label":"22 hrs","value":0},{"label":"23 hrs","value":0}]},{"source":16,"target":25,"value":5,"fill":"#BEBADA","supply":[{"label":"00 hrs","value":0},{"label":"01 hrs","value":0},{"label":"02 hrs","value":0},{"label":"03 hrs","value":0},{"label":"04 hrs","value":0},{"label":"05 hrs","value":0},{"label":"06 hrs","value":0},{"label":"07 hrs","value":0},{"label":"08 hrs","value":0},{"label":"09 hrs","value":0},{"label":"10 hrs","value":0},{"label":"11 hrs","value":0},{"label":"12 hrs","value":0},{"label":"13 hrs","value":0},{"label":"14 hrs","value":0},{"label":"15 hrs","value":0},{"label":"16 hrs","value":0},{"label":"17 hrs","value":0},{"label":"18 hrs","value":0},{"label":"19 hrs","value":0},{"label":"20 hrs","value":2},{"label":"21 hrs","value":2},{"label":"22 hrs","value":0},{"label":"23 hrs","value":1}]},{"source":14,"target":26,"value":7,"fill":"#BEBADA","supply":[{"label":"00 hrs","value":0},{"label":"01 hrs","value":0},{"label":"02 hrs","value":0},{"label":"03 hrs","value":0},{"label":"04 hrs","value":0},{"label":"05 hrs","value":0},{"label":"06 hrs","value":0},{"label":"07 hrs","value":0},{"label":"08 hrs","value":0},{"label":"09 hrs","value":0},{"label":"10 hrs","value":0},{"label":"11 hrs","value":1},{"label":"12 hrs","value":2},{"label":"13 hrs","value":0},{"label":"14 hrs","value":1},{"label":"15 hrs","value":1},{"label":"16 hrs","value":0},{"label":"17 hrs","value":0},{"label":"18 hrs","value":0},{"label":"19 hrs","value":0},{"label":"20 hrs","value":2},{"label":"21 hrs","value":0},{"label":"22 hrs","value":0},{"label":"23 hrs","value":0}]},{"source":15,"target":26,"value":33,"fill":"#BEBADA","supply":[{"label":"00 hrs","value":1},{"label":"01 hrs","value":0},{"label":"02 hrs","value":2},{"label":"03 hrs","value":1},{"label":"04 hrs","value":0},{"label":"05 hrs","value":0},{"label":"06 hrs","value":1},{"label":"07 hrs","value":0},{"label":"08 hrs","value":0},{"label":"09 hrs","value":4},{"label":"10 hrs","value":3},{"label":"11 hrs","value":2},{"label":"12 hrs","value":1},{"label":"13 hrs","value":3},{"label":"14 hrs","value":6},{"label":"15 hrs","value":1},{"label":"16 hrs","value":2},{"label":"17 hrs","value":1},{"label":"18 hrs","value":1},{"label":"19 hrs","value":2},{"label":"20 hrs","value":0},{"label":"21 hrs","value":0},{"label":"22 hrs","value":2},{"label":"23 hrs","value":0}]},{"source":16,"target":26,"value":20,"fill":"#BEBADA","supply":[{"label":"00 hrs","value":0},{"label":"01 hrs","value":0},{"label":"02 hrs","value":0},{"label":"03 hrs","value":1},{"label":"04 hrs","value":0},{"label":"05 hrs","value":0},{"label":"06 hrs","value":0},{"label":"07 hrs","value":0},{"label":"08 hrs","value":1},{"label":"09 hrs","value":0},{"label":"10 hrs","value":1},{"label":"11 hrs","value":1},{"label":"12 hrs","value":1},{"label":"13 hrs","value":1},{"label":"14 hrs","value":0},{"label":"15 hrs","value":3},{"label":"16 hrs","value":3},{"label":"17 hrs","value":0},{"label":"18 hrs","value":0},{"label":"19 hrs","value":1},{"label":"20 hrs","value":1},{"label":"21 hrs","value":3},{"label":"22 hrs","value":2},{"label":"23 hrs","value":1}]},{"source":14,"target":19,"value":1,"fill":"#BEBADA","supply":[{"label":"00 hrs","value":0},{"label":"01 hrs","value":0},{"label":"02 hrs","value":0},{"label":"03 hrs","value":1},{"label":"04 hrs","value":0},{"label":"05 hrs","value":0},{"label":"06 hrs","value":0},{"label":"07 hrs","value":0},{"label":"08 hrs","value":0},{"label":"09 hrs","value":0},{"label":"10 hrs","value":0},{"label":"11 hrs","value":0},{"label":"12 hrs","value":0},{"label":"13 hrs","value":0},{"label":"14 hrs","value":0},{"label":"15 hrs","value":0},{"label":"16 hrs","value":0},{"label":"17 hrs","value":0},{"label":"18 hrs","value":0},{"label":"19 hrs","value":0},{"label":"20 hrs","value":0},{"label":"21 hrs","value":0},{"label":"22 hrs","value":0},{"label":"23 hrs","value":0}]},{"source":14,"target":19,"value":1,"fill":"#FCC5C0","supply":[{"label":"00 hrs","value":0},{"label":"01 hrs","value":0},{"label":"02 hrs","value":0},{"label":"03 hrs","value":0},{"label":"04 hrs","value":1},{"label":"05 hrs","value":0},{"label":"06 hrs","value":0},{"label":"07 hrs","value":0},{"label":"08 hrs","value":0},{"label":"09 hrs","value":0},{"label":"10 hrs","value":0},{"label":"11 hrs","value":0},{"label":"12 hrs","value":0},{"label":"13 hrs","value":0},{"label":"14 hrs","value":0},{"label":"15 hrs","value":0},{"label":"16 hrs","value":0},{"label":"17 hrs","value":0},{"label":"18 hrs","value":0},{"label":"19 hrs","value":0},{"label":"20 hrs","value":0},{"label":"21 hrs","value":0},{"label":"22 hrs","value":0},{"label":"23 hrs","value":0}]},{"source":14,"target":19,"value":1,"fill":"#8DD3C7","supply":[{"label":"00 hrs","value":0},{"label":"01 hrs","value":0},{"label":"02 hrs","value":0},{"label":"03 hrs","value":0},{"label":"04 hrs","value":0},{"label":"05 hrs","value":0},{"label":"06 hrs","value":0},{"label":"07 hrs","value":0},{"label":"08 hrs","value":0},{"label":"09 hrs","value":0},{"label":"10 hrs","value":0},{"label":"11 hrs","value":0},{"label":"12 hrs","value":0},{"label":"13 hrs","value":0},{"label":"14 hrs","value":0},{"label":"15 hrs","value":0},{"label":"16 hrs","value":0},{"label":"17 hrs","value":0},{"label":"18 hrs","value":0},{"label":"19 hrs","value":0},{"label":"20 hrs","value":0},{"label":"21 hrs","value":0},{"label":"22 hrs","value":0},{"label":"23 hrs","value":1}]},{"source":15,"target":19,"value":2,"fill":"#BEBADA","supply":[{"label":"00 hrs","value":1},{"label":"01 hrs","value":0},{"label":"02 hrs","value":0},{"label":"03 hrs","value":0},{"label":"04 hrs","value":0},{"label":"05 hrs","value":0},{"label":"06 hrs","value":0},{"label":"07 hrs","value":0},{"label":"08 hrs","value":0},{"label":"09 hrs","value":0},{"label":"10 hrs","value":0},{"label":"11 hrs","value":0},{"label":"12 hrs","value":0},{"label":"13 hrs","value":0},{"label":"14 hrs","value":0},{"label":"15 hrs","value":0},{"label":"16 hrs","value":0},{"label":"17 hrs","value":0},{"label":"18 hrs","value":0},{"label":"19 hrs","value":0},{"label":"20 hrs","value":0},{"label":"21 hrs","value":0},{"label":"22 hrs","value":1},{"label":"23 hrs","value":0}]},{"source":15,"target":19,"value":1,"fill":"#8DD3C7","supply":[{"label":"00 hrs","value":0},{"label":"01 hrs","value":0},{"label":"02 hrs","value":0},{"label":"03 hrs","value":0},{"label":"04 hrs","value":0},{"label":"05 hrs","value":0},{"label":"06 hrs","value":0},{"label":"07 hrs","value":0},{"label":"08 hrs","value":0},{"label":"09 hrs","value":0},{"label":"10 hrs","value":0},{"label":"11 hrs","value":0},{"label":"12 hrs","value":0},{"label":"13 hrs","value":0},{"label":"14 hrs","value":0},{"label":"15 hrs","value":0},{"label":"16 hrs","value":0},{"label":"17 hrs","value":0},{"label":"18 hrs","value":1},{"label":"19 hrs","value":0},{"label":"20 hrs","value":0},{"label":"21 hrs","value":0},{"label":"22 hrs","value":0},{"label":"23 hrs","value":0}]},{"source":16,"target":19,"value":3,"fill":"#BEBADA","supply":[{"label":"00 hrs","value":0},{"label":"01 hrs","value":2},{"label":"02 hrs","value":0},{"label":"03 hrs","value":1},{"label":"04 hrs","value":0},{"label":"05 hrs","value":0},{"label":"06 hrs","value":0},{"label":"07 hrs","value":0},{"label":"08 hrs","value":0},{"label":"09 hrs","value":0},{"label":"10 hrs","value":0},{"label":"11 hrs","value":0},{"label":"12 hrs","value":0},{"label":"13 hrs","value":0},{"label":"14 hrs","value":0},{"label":"15 hrs","value":0},{"label":"16 hrs","value":0},{"label":"17 hrs","value":0},{"label":"18 hrs","value":0},{"label":"19 hrs","value":0},{"label":"20 hrs","value":0},{"label":"21 hrs","value":0},{"label":"22 hrs","value":0},{"label":"23 hrs","value":0}]},{"source":15,"target":21,"value":3,"fill":"#BEBADA","supply":[{"label":"00 hrs","value":1},{"label":"01 hrs","value":0},{"label":"02 hrs","value":0},{"label":"03 hrs","value":0},{"label":"04 hrs","value":0},{"label":"05 hrs","value":0},{"label":"06 hrs","value":0},{"label":"07 hrs","value":0},{"label":"08 hrs","value":0},{"label":"09 hrs","value":1},{"label":"10 hrs","value":0},{"label":"11 hrs","value":0},{"label":"12 hrs","value":1},{"label":"13 hrs","value":0},{"label":"14 hrs","value":0},{"label":"15 hrs","value":0},{"label":"16 hrs","value":0},{"label":"17 hrs","value":0},{"label":"18 hrs","value":0},{"label":"19 hrs","value":0},{"label":"20 hrs","value":0},{"label":"21 hrs","value":0},{"label":"22 hrs","value":0},{"label":"23 hrs","value":0}]},{"source":16,"target":21,"value":1,"fill":"#BEBADA","supply":[{"label":"00 hrs","value":0},{"label":"01 hrs","value":0},{"label":"02 hrs","value":0},{"label":"03 hrs","value":0},{"label":"04 hrs","value":0},{"label":"05 hrs","value":0},{"label":"06 hrs","value":0},{"label":"07 hrs","value":0},{"label":"08 hrs","value":0},{"label":"09 hrs","value":0},{"label":"10 hrs","value":0},{"label":"11 hrs","value":0},{"label":"12 hrs","value":0},{"label":"13 hrs","value":0},{"label":"14 hrs","value":0},{"label":"15 hrs","value":0},{"label":"16 hrs","value":0},{"label":"17 hrs","value":0},{"label":"18 hrs","value":0},{"label":"19 hrs","value":1},{"label":"20 hrs","value":0},{"label":"21 hrs","value":0},{"label":"22 hrs","value":0},{"label":"23 hrs","value":0}]},{"source":15,"target":27,"value":1,"fill":"#BEBADA","supply":[{"label":"00 hrs","value":0},{"label":"01 hrs","value":0},{"label":"02 hrs","value":0},{"label":"03 hrs","value":0},{"label":"04 hrs","value":0},{"label":"05 hrs","value":0},{"label":"06 hrs","value":0},{"label":"07 hrs","value":0},{"label":"08 hrs","value":0},{"label":"09 hrs","value":0},{"label":"10 hrs","value":0},{"label":"11 hrs","value":0},{"label":"12 hrs","value":0},{"label":"13 hrs","value":0},{"label":"14 hrs","value":0},{"label":"15 hrs","value":0},{"label":"16 hrs","value":0},{"label":"17 hrs","value":0},{"label":"18 hrs","value":0},{"label":"19 hrs","value":0},{"label":"20 hrs","value":0},{"label":"21 hrs","value":1},{"label":"22 hrs","value":0},{"label":"23 hrs","value":0}]},{"source":16,"target":27,"value":2,"fill":"#BEBADA","supply":[{"label":"00 hrs","value":0},{"label":"01 hrs","value":0},{"label":"02 hrs","value":0},{"label":"03 hrs","value":0},{"label":"04 hrs","value":0},{"label":"05 hrs","value":0},{"label":"06 hrs","value":0},{"label":"07 hrs","value":0},{"label":"08 hrs","value":0},{"label":"09 hrs","value":0},{"label":"10 hrs","value":0},{"label":"11 hrs","value":0},{"label":"12 hrs","value":0},{"label":"13 hrs","value":0},{"label":"14 hrs","value":0},{"label":"15 hrs","value":0},{"label":"16 hrs","value":0},{"label":"17 hrs","value":0},{"label":"18 hrs","value":1},{"label":"19 hrs","value":0},{"label":"20 hrs","value":0},{"label":"21 hrs","value":1},{"label":"22 hrs","value":0},{"label":"23 hrs","value":0}]},{"source":15,"target":28,"value":5,"fill":"#BEBADA","supply":[{"label":"00 hrs","value":0},{"label":"01 hrs","value":0},{"label":"02 hrs","value":0},{"label":"03 hrs","value":0},{"label":"04 hrs","value":0},{"label":"05 hrs","value":0},{"label":"06 hrs","value":0},{"label":"07 hrs","value":0},{"label":"08 hrs","value":0},{"label":"09 hrs","value":0},{"label":"10 hrs","value":1},{"label":"11 hrs","value":1},{"label":"12 hrs","value":0},{"label":"13 hrs","value":1},{"label":"14 hrs","value":0},{"label":"15 hrs","value":0},{"label":"16 hrs","value":0},{"label":"17 hrs","value":0},{"label":"18 hrs","value":1},{"label":"19 hrs","value":0},{"label":"20 hrs","value":0},{"label":"21 hrs","value":0},{"label":"22 hrs","value":1},{"label":"23 hrs","value":0}]},{"source":15,"target":28,"value":1,"fill":"#FCC5C0","supply":[{"label":"00 hrs","value":0},{"label":"01 hrs","value":0},{"label":"02 hrs","value":0},{"label":"03 hrs","value":0},{"label":"04 hrs","value":0},{"label":"05 hrs","value":0},{"label":"06 hrs","value":0},{"label":"07 hrs","value":0},{"label":"08 hrs","value":0},{"label":"09 hrs","value":0},{"label":"10 hrs","value":0},{"label":"11 hrs","value":0},{"label":"12 hrs","value":0},{"label":"13 hrs","value":0},{"label":"14 hrs","value":0},{"label":"15 hrs","value":0},{"label":"16 hrs","value":0},{"label":"17 hrs","value":0},{"label":"18 hrs","value":0},{"label":"19 hrs","value":0},{"label":"20 hrs","value":1},{"label":"21 hrs","value":0},{"label":"22 hrs","value":0},{"label":"23 hrs","value":0}]},{"source":15,"target":28,"value":1,"fill":"#8DD3C7","supply":[{"label":"00 hrs","value":0},{"label":"01 hrs","value":0},{"label":"02 hrs","value":0},{"label":"03 hrs","value":0},{"label":"04 hrs","value":0},{"label":"05 hrs","value":0},{"label":"06 hrs","value":0},{"label":"07 hrs","value":0},{"label":"08 hrs","value":0},{"label":"09 hrs","value":0},{"label":"10 hrs","value":0},{"label":"11 hrs","value":0},{"label":"12 hrs","value":0},{"label":"13 hrs","value":0},{"label":"14 hrs","value":0},{"label":"15 hrs","value":0},{"label":"16 hrs","value":0},{"label":"17 hrs","value":0},{"label":"18 hrs","value":0},{"label":"19 hrs","value":0},{"label":"20 hrs","value":1},{"label":"21 hrs","value":0},{"label":"22 hrs","value":0},{"label":"23 hrs","value":0}]},{"source":16,"target":28,"value":17,"fill":"#BEBADA","supply":[{"label":"00 hrs","value":0},{"label":"01 hrs","value":0},{"label":"02 hrs","value":0},{"label":"03 hrs","value":0},{"label":"04 hrs","value":0},{"label":"05 hrs","value":0},{"label":"06 hrs","value":0},{"label":"07 hrs","value":1},{"label":"08 hrs","value":0},{"label":"09 hrs","value":1},{"label":"10 hrs","value":1},{"label":"11 hrs","value":0},{"label":"12 hrs","value":3},{"label":"13 hrs","value":1},{"label":"14 hrs","value":0},{"label":"15 hrs","value":3},{"label":"16 hrs","value":3},{"label":"17 hrs","value":2},{"label":"18 hrs","value":1},{"label":"19 hrs","value":0},{"label":"20 hrs","value":0},{"label":"21 hrs","value":1},{"label":"22 hrs","value":0},{"label":"23 hrs","value":0}]},{"source":16,"target":28,"value":1,"fill":"#FCC5C0","supply":[{"label":"00 hrs","value":0},{"label":"01 hrs","value":0},{"label":"02 hrs","value":0},{"label":"03 hrs","value":0},{"label":"04 hrs","value":0},{"label":"05 hrs","value":0},{"label":"06 hrs","value":0},{"label":"07 hrs","value":0},{"label":"08 hrs","value":0},{"label":"09 hrs","value":0},{"label":"10 hrs","value":0},{"label":"11 hrs","value":0},{"label":"12 hrs","value":0},{"label":"13 hrs","value":0},{"label":"14 hrs","value":0},{"label":"15 hrs","value":1},{"label":"16 hrs","value":0},{"label":"17 hrs","value":0},{"label":"18 hrs","value":0},{"label":"19 hrs","value":0},{"label":"20 hrs","value":0},{"label":"21 hrs","value":0},{"label":"22 hrs","value":0},{"label":"23 hrs","value":0}]},{"source":16,"target":28,"value":1,"fill":"#8DD3C7","supply":[{"label":"00 hrs","value":0},{"label":"01 hrs","value":0},{"label":"02 hrs","value":0},{"label":"03 hrs","value":0},{"label":"04 hrs","value":0},{"label":"05 hrs","value":0},{"label":"06 hrs","value":0},{"label":"07 hrs","value":0},{"label":"08 hrs","value":0},{"label":"09 hrs","value":0},{"label":"10 hrs","value":0},{"label":"11 hrs","value":0},{"label":"12 hrs","value":0},{"label":"13 hrs","value":0},{"label":"14 hrs","value":0},{"label":"15 hrs","value":0},{"label":"16 hrs","value":0},{"label":"17 hrs","value":0},{"label":"18 hrs","value":0},{"label":"19 hrs","value":0},{"label":"20 hrs","value":0},{"label":"21 hrs","value":1},{"label":"22 hrs","value":0},{"label":"23 hrs","value":0}]},{"source":16,"target":18,"value":5,"fill":"#BEBADA","supply":[{"label":"00 hrs","value":0},{"label":"01 hrs","value":0},{"label":"02 hrs","value":0},{"label":"03 hrs","value":0},{"label":"04 hrs","value":0},{"label":"05 hrs","value":0},{"label":"06 hrs","value":0},{"label":"07 hrs","value":0},{"label":"08 hrs","value":0},{"label":"09 hrs","value":0},{"label":"10 hrs","value":0},{"label":"11 hrs","value":1},{"label":"12 hrs","value":0},{"label":"13 hrs","value":1},{"label":"14 hrs","value":0},{"label":"15 hrs","value":0},{"label":"16 hrs","value":0},{"label":"17 hrs","value":0},{"label":"18 hrs","value":2},{"label":"19 hrs","value":1},{"label":"20 hrs","value":0},{"label":"21 hrs","value":0},{"label":"22 hrs","value":0},{"label":"23 hrs","value":0}]},{"source":16,"target":18,"value":2,"fill":"#FCC5C0","supply":[{"label":"00 hrs","value":0},{"label":"01 hrs","value":0},{"label":"02 hrs","value":0},{"label":"03 hrs","value":0},{"label":"04 hrs","value":0},{"label":"05 hrs","value":0},{"label":"06 hrs","value":0},{"label":"07 hrs","value":0},{"label":"08 hrs","value":1},{"label":"09 hrs","value":0},{"label":"10 hrs","value":0},{"label":"11 hrs","value":0},{"label":"12 hrs","value":0},{"label":"13 hrs","value":0},{"label":"14 hrs","value":1},{"label":"15 hrs","value":0},{"label":"16 hrs","value":0},{"label":"17 hrs","value":0},{"label":"18 hrs","value":0},{"label":"19 hrs","value":0},{"label":"20 hrs","value":0},{"label":"21 hrs","value":0},{"label":"22 hrs","value":0},{"label":"23 hrs","value":0}]}]}