{"nodes":[{"layer":1,"name":"Health Advisor  HA ","fill":"#8C2D04","grouping":[{"label":"Health Advisor  HA ","value":1}]},{"layer":1,"name":"Clinical Advisor  CA ","fill":"#8C2D04","grouping":[{"label":"Clinical Advisor  CA ","value":1}]},{"layer":1,"name":"LAS 999 Callers  HCP5 ","fill":"#8C2D04","grouping":[{"label":"LAS 999 Callers  HCP5 ","value":1}]},{"layer":1,"name":"Care Home Callers  HCP6 ","fill":"#8C2D04","grouping":[{"label":"Care Home Callers  HCP6 ","value":1}]},{"layer":1,"name":"Pharmacy Callers  HCP8 ","fill":"#8C2D04","grouping":[{"label":"Pharmacy Callers  HCP8 ","value":1}]},{"layer":1,"name":"Worsening  HAW ","fill":"#8C2D04","grouping":[{"label":"Worsening  HAW ","value":1}]},{"layer":1,"name":"Admin","fill":"#8C2D04","grouping":[{"label":"Admin","value":1}]},{"layer":1,"name":"Dental","fill":"#8C2D04","grouping":[{"label":"Dental","value":1}]},{"layer":1,"name":"National Contingency","fill":"#8C2D04","grouping":[{"label":"National Contingency","value":1}]},{"layer":1,"name":"No Destination Call Type","fill":"#8C2D04","grouping":[{"label":"No Destination Call Type","value":1}]},{"layer":1,"name":"Other","fill":"#8C2D04","grouping":[{"label":"Other","value":1}]},{"layer":1,"name":"Dental","fill":"#8C2D04","grouping":[{"label":"Dental","value":1}]},{"layer":2,"name":"InHealth","fill":"#D94801","grouping":[{"label":"InHealth","value":1}]},{"layer":2,"name":"NEL 111","fill":"#D94801","grouping":[{"label":"PRM","value":1}]}],"links":[{"source":0,"target":13,"value":1757,"fill":"#BEBADA","supply":[{"label":"00 hrs","value":4},{"label":"01 hrs","value":28},{"label":"02 hrs","value":25},{"label":"03 hrs","value":16},{"label":"04 hrs","value":21},{"label":"05 hrs","value":18},{"label":"06 hrs","value":17},{"label":"07 hrs","value":46},{"label":"08 hrs","value":70},{"label":"09 hrs","value":132},{"label":"10 hrs","value":140},{"label":"11 hrs","value":151},{"label":"12 hrs","value":153},{"label":"13 hrs","value":122},{"label":"14 hrs","value":133},{"label":"15 hrs","value":109},{"label":"16 hrs","value":111},{"label":"17 hrs","value":100},{"label":"18 hrs","value":87},{"label":"19 hrs","value":79},{"label":"20 hrs","value":71},{"label":"21 hrs","value":64},{"label":"22 hrs","value":38},{"label":"23 hrs","value":22}],"supplyDx":[{"label":"","value":0}],"supplyService":[{"label":"","value":0}],"supplyBook":[{"label":"","value":0}]},{"source":1,"target":13,"value":5,"fill":"#FCC5C0","supply":[{"label":"00 hrs","value":0},{"label":"01 hrs","value":0},{"label":"02 hrs","value":0},{"label":"03 hrs","value":0},{"label":"04 hrs","value":0},{"label":"05 hrs","value":0},{"label":"06 hrs","value":0},{"label":"07 hrs","value":0},{"label":"08 hrs","value":0},{"label":"09 hrs","value":2},{"label":"10 hrs","value":0},{"label":"11 hrs","value":0},{"label":"12 hrs","value":1},{"label":"13 hrs","value":0},{"label":"14 hrs","value":0},{"label":"15 hrs","value":2},{"label":"16 hrs","value":0},{"label":"17 hrs","value":0},{"label":"18 hrs","value":0},{"label":"19 hrs","value":0},{"label":"20 hrs","value":0},{"label":"21 hrs","value":0},{"label":"22 hrs","value":0},{"label":"23 hrs","value":0}],"supplyDx":[{"label":"","value":0}],"supplyService":[{"label":"","value":0}],"supplyBook":[{"label":"","value":0}]},{"source":2,"target":13,"value":21,"fill":"#8DD3C7","supply":[{"label":"00 hrs","value":0},{"label":"01 hrs","value":1},{"label":"02 hrs","value":1},{"label":"03 hrs","value":0},{"label":"04 hrs","value":1},{"label":"05 hrs","value":0},{"label":"06 hrs","value":0},{"label":"07 hrs","value":0},{"label":"08 hrs","value":1},{"label":"09 hrs","value":1},{"label":"10 hrs","value":2},{"label":"11 hrs","value":0},{"label":"12 hrs","value":3},{"label":"13 hrs","value":1},{"label":"14 hrs","value":0},{"label":"15 hrs","value":1},{"label":"16 hrs","value":0},{"label":"17 hrs","value":0},{"label":"18 hrs","value":1},{"label":"19 hrs","value":0},{"label":"20 hrs","value":3},{"label":"21 hrs","value":1},{"label":"22 hrs","value":3},{"label":"23 hrs","value":1}],"supplyDx":[{"label":"","value":0}],"supplyService":[{"label":"","value":0}],"supplyBook":[{"label":"","value":0}]},{"source":3,"target":13,"value":30,"fill":"#8DD3C7","supply":[{"label":"00 hrs","value":0},{"label":"01 hrs","value":0},{"label":"02 hrs","value":0},{"label":"03 hrs","value":1},{"label":"04 hrs","value":0},{"label":"05 hrs","value":0},{"label":"06 hrs","value":2},{"label":"07 hrs","value":0},{"label":"08 hrs","value":2},{"label":"09 hrs","value":2},{"label":"10 hrs","value":0},{"label":"11 hrs","value":4},{"label":"12 hrs","value":3},{"label":"13 hrs","value":3},{"label":"14 hrs","value":1},{"label":"15 hrs","value":3},{"label":"16 hrs","value":2},{"label":"17 hrs","value":1},{"label":"18 hrs","value":2},{"label":"19 hrs","value":2},{"label":"20 hrs","value":0},{"label":"21 hrs","value":1},{"label":"22 hrs","value":1},{"label":"23 hrs","value":0}],"supplyDx":[{"label":"","value":0}],"supplyService":[{"label":"","value":0}],"supplyBook":[{"label":"","value":0}]},{"source":4,"target":13,"value":2,"fill":"#8DD3C7","supply":[{"label":"00 hrs","value":0},{"label":"01 hrs","value":0},{"label":"02 hrs","value":0},{"label":"03 hrs","value":0},{"label":"04 hrs","value":0},{"label":"05 hrs","value":0},{"label":"06 hrs","value":0},{"label":"07 hrs","value":0},{"label":"08 hrs","value":0},{"label":"09 hrs","value":0},{"label":"10 hrs","value":0},{"label":"11 hrs","value":1},{"label":"12 hrs","value":0},{"label":"13 hrs","value":0},{"label":"14 hrs","value":0},{"label":"15 hrs","value":1},{"label":"16 hrs","value":0},{"label":"17 hrs","value":0},{"label":"18 hrs","value":0},{"label":"19 hrs","value":0},{"label":"20 hrs","value":0},{"label":"21 hrs","value":0},{"label":"22 hrs","value":0},{"label":"23 hrs","value":0}],"supplyDx":[{"label":"","value":0}],"supplyService":[{"label":"","value":0}],"supplyBook":[{"label":"","value":0}]},{"source":5,"target":13,"value":55,"fill":"#A65628","supply":[{"label":"00 hrs","value":1},{"label":"01 hrs","value":0},{"label":"02 hrs","value":2},{"label":"03 hrs","value":1},{"label":"04 hrs","value":1},{"label":"05 hrs","value":1},{"label":"06 hrs","value":2},{"label":"07 hrs","value":2},{"label":"08 hrs","value":0},{"label":"09 hrs","value":0},{"label":"10 hrs","value":1},{"label":"11 hrs","value":0},{"label":"12 hrs","value":7},{"label":"13 hrs","value":5},{"label":"14 hrs","value":1},{"label":"15 hrs","value":2},{"label":"16 hrs","value":5},{"label":"17 hrs","value":2},{"label":"18 hrs","value":3},{"label":"19 hrs","value":4},{"label":"20 hrs","value":5},{"label":"21 hrs","value":3},{"label":"22 hrs","value":5},{"label":"23 hrs","value":2}],"supplyDx":[{"label":"","value":0}],"supplyService":[{"label":"","value":0}],"supplyBook":[{"label":"","value":0}]},{"source":6,"target":13,"value":147,"fill":"#FB8072","supply":[{"label":"00 hrs","value":1},{"label":"01 hrs","value":2},{"label":"02 hrs","value":2},{"label":"03 hrs","value":2},{"label":"04 hrs","value":1},{"label":"05 hrs","value":1},{"label":"06 hrs","value":4},{"label":"07 hrs","value":4},{"label":"08 hrs","value":7},{"label":"09 hrs","value":9},{"label":"10 hrs","value":5},{"label":"11 hrs","value":16},{"label":"12 hrs","value":13},{"label":"13 hrs","value":7},{"label":"14 hrs","value":9},{"label":"15 hrs","value":13},{"label":"16 hrs","value":6},{"label":"17 hrs","value":9},{"label":"18 hrs","value":11},{"label":"19 hrs","value":7},{"label":"20 hrs","value":6},{"label":"21 hrs","value":6},{"label":"22 hrs","value":3},{"label":"23 hrs","value":3}],"supplyDx":[{"label":"","value":0}],"supplyService":[{"label":"","value":0}],"supplyBook":[{"label":"","value":0}]},{"source":7,"target":13,"value":225,"fill":"#FF7F00","supply":[{"label":"00 hrs","value":0},{"label":"01 hrs","value":1},{"label":"02 hrs","value":3},{"label":"03 hrs","value":0},{"label":"04 hrs","value":0},{"label":"05 hrs","value":3},{"label":"06 hrs","value":3},{"label":"07 hrs","value":2},{"label":"08 hrs","value":7},{"label":"09 hrs","value":27},{"label":"10 hrs","value":21},{"label":"11 hrs","value":17},{"label":"12 hrs","value":16},{"label":"13 hrs","value":19},{"label":"14 hrs","value":21},{"label":"15 hrs","value":19},{"label":"16 hrs","value":10},{"label":"17 hrs","value":11},{"label":"18 hrs","value":12},{"label":"19 hrs","value":4},{"label":"20 hrs","value":7},{"label":"21 hrs","value":9},{"label":"22 hrs","value":9},{"label":"23 hrs","value":4}],"supplyDx":[{"label":"","value":0}],"supplyService":[{"label":"","value":0}],"supplyBook":[{"label":"","value":0}]},{"source":8,"target":13,"value":123,"fill":"#BEBADA","supply":[{"label":"00 hrs","value":3},{"label":"01 hrs","value":0},{"label":"02 hrs","value":2},{"label":"03 hrs","value":1},{"label":"04 hrs","value":3},{"label":"05 hrs","value":0},{"label":"06 hrs","value":2},{"label":"07 hrs","value":4},{"label":"08 hrs","value":3},{"label":"09 hrs","value":10},{"label":"10 hrs","value":13},{"label":"11 hrs","value":7},{"label":"12 hrs","value":12},{"label":"13 hrs","value":8},{"label":"14 hrs","value":5},{"label":"15 hrs","value":8},{"label":"16 hrs","value":5},{"label":"17 hrs","value":12},{"label":"18 hrs","value":6},{"label":"19 hrs","value":7},{"label":"20 hrs","value":6},{"label":"21 hrs","value":4},{"label":"22 hrs","value":1},{"label":"23 hrs","value":1}],"supplyDx":[{"label":"","value":0}],"supplyService":[{"label":"","value":0}],"supplyBook":[{"label":"","value":0}]},{"source":9,"target":13,"value":271,"fill":"#BEBADA","supply":[{"label":"00 hrs","value":23},{"label":"01 hrs","value":1},{"label":"02 hrs","value":1},{"label":"03 hrs","value":2},{"label":"04 hrs","value":1},{"label":"05 hrs","value":4},{"label":"06 hrs","value":3},{"label":"07 hrs","value":3},{"label":"08 hrs","value":6},{"label":"09 hrs","value":18},{"label":"10 hrs","value":15},{"label":"11 hrs","value":15},{"label":"12 hrs","value":16},{"label":"13 hrs","value":15},{"label":"14 hrs","value":9},{"label":"15 hrs","value":12},{"label":"16 hrs","value":13},{"label":"17 hrs","value":11},{"label":"18 hrs","value":14},{"label":"19 hrs","value":33},{"label":"20 hrs","value":21},{"label":"21 hrs","value":15},{"label":"22 hrs","value":9},{"label":"23 hrs","value":11}],"supplyDx":[{"label":"","value":0}],"supplyService":[{"label":"","value":0}],"supplyBook":[{"label":"","value":0}]},{"source":10,"target":12,"value":1342,"fill":"#BEBADA","supply":[{"label":"00 hrs","value":0},{"label":"01 hrs","value":0},{"label":"02 hrs","value":0},{"label":"03 hrs","value":0},{"label":"04 hrs","value":0},{"label":"05 hrs","value":0},{"label":"06 hrs","value":0},{"label":"07 hrs","value":0},{"label":"08 hrs","value":61},{"label":"09 hrs","value":110},{"label":"10 hrs","value":121},{"label":"11 hrs","value":133},{"label":"12 hrs","value":133},{"label":"13 hrs","value":104},{"label":"14 hrs","value":110},{"label":"15 hrs","value":94},{"label":"16 hrs","value":98},{"label":"17 hrs","value":92},{"label":"18 hrs","value":78},{"label":"19 hrs","value":66},{"label":"20 hrs","value":29},{"label":"21 hrs","value":59},{"label":"22 hrs","value":36},{"label":"23 hrs","value":18}],"supplyDx":[{"label":"","value":0}],"supplyService":[{"label":"","value":0}],"supplyBook":[{"label":"","value":0}]},{"source":11,"target":12,"value":199,"fill":"#FF7F00","supply":[{"label":"00 hrs","value":0},{"label":"01 hrs","value":0},{"label":"02 hrs","value":0},{"label":"03 hrs","value":0},{"label":"04 hrs","value":0},{"label":"05 hrs","value":0},{"label":"06 hrs","value":0},{"label":"07 hrs","value":0},{"label":"08 hrs","value":7},{"label":"09 hrs","value":22},{"label":"10 hrs","value":22},{"label":"11 hrs","value":17},{"label":"12 hrs","value":15},{"label":"13 hrs","value":19},{"label":"14 hrs","value":21},{"label":"15 hrs","value":18},{"label":"16 hrs","value":9},{"label":"17 hrs","value":10},{"label":"18 hrs","value":10},{"label":"19 hrs","value":3},{"label":"20 hrs","value":6},{"label":"21 hrs","value":9},{"label":"22 hrs","value":8},{"label":"23 hrs","value":3}],"supplyDx":[{"label":"","value":0}],"supplyService":[{"label":"","value":0}],"supplyBook":[{"label":"","value":0}]}]}