{"nodes":[{"layer":0,"name":"National Telephony","fill":"#8C2D04","grouping":[{"label":"National Telephony","value":2110}]},{"layer":1,"name":"Admin","fill":"#D94801","grouping":[{"label":"Admin","value":79}]},{"layer":1,"name":"CMC (Clinical Advisor)","fill":"#D94801","grouping":[{"label":"CMC (Clinical Advisor)","value":2}]},{"layer":1,"name":"Dental","fill":"#D94801","grouping":[{"label":"Dental","value":169}]},{"layer":1,"name":"Other","fill":"#D94801","grouping":[{"label":"Other","value":1780}]},{"layer":1,"name":"Star Lines","fill":"#D94801","grouping":[{"label":"Star Lines","value":37}]},{"layer":1,"name":"Worsening","fill":"#D94801","grouping":[{"label":"Worsening","value":43}]},{"layer":2,"name":"InHealth","fill":"#F16913","grouping":[{"label":"InHealth","value":783},{"label":"InHealth (Dental)","value":136}]},{"layer":2,"name":"NEL 111","fill":"#F16913","grouping":[{"label":"PRM","value":2110}]},{"layer":4,"name":"CA","fill":"#FD8D3C","grouping":[{"label":"CA","value":14}]},{"layer":4,"name":"GP","fill":"#FD8D3C","grouping":[{"label":"GP","value":14}]},{"layer":4,"name":"HA","fill":"#FD8D3C","grouping":[{"label":"HA","value":78}]},{"layer":4,"name":"SA","fill":"#FD8D3C","grouping":[{"label":"SA","value":15}]},{"layer":4,"name":"Unknown","fill":"#FD8D3C","grouping":[{"label":"Unknown","value":1}]},{"layer":5,"name":"CA","fill":"#FDAE6B","grouping":[{"label":"CA","value":30}]},{"layer":5,"name":"GP","fill":"#FDAE6B","grouping":[{"label":"GP","value":53}]},{"layer":5,"name":"HA","fill":"#FDAE6B","grouping":[{"label":"HA","value":38}]},{"layer":5,"name":"Unknown","fill":"#FDAE6B","grouping":[{"label":"Unknown","value":1}]},{"layer":7,"name":"999","fill":"#FDD0A2","grouping":[{"label":"NHS Ambulance Service","value":7}]},{"layer":7,"name":"Care Home","fill":"#FDD0A2","grouping":[{"label":"Care Home","value":16}]},{"layer":7,"name":"Dental","fill":"#FDD0A2","grouping":[{"label":"Dental Emergency","value":90},{"label":"Dental Service","value":2}]},{"layer":7,"name":"District/Community Nurse","fill":"#FDD0A2","grouping":[{"label":"District/Community Nurse","value":2}]},{"layer":7,"name":"ED","fill":"#FDD0A2","grouping":[{"label":"Emergency Department (ED)","value":74}]},{"layer":7,"name":"GP/GP Extended Hours/GP Choice/Hub","fill":"#FDD0A2","grouping":[{"label":"GP Access Hub","value":1},{"label":"GP Practice","value":152},{"label":"GP Practice Extended Hours","value":44}]},{"layer":7,"name":"IUC CAS/Calls/Treatment","fill":"#FDD0A2","grouping":[{"label":"Integrated Urgent Care (IUC) Clinical Assessment Service (CAS)","value":12},{"label":"Integrated Urgent Care (IUC) NHS 111 Call Handling Provider","value":2},{"label":"Integrated Urgent Care (IUC) Treatment Service","value":114}]},{"layer":7,"name":"Mental Health","fill":"#FDD0A2","grouping":[{"label":"Mental Health","value":5}]},{"layer":7,"name":"MIU/UTC/UCC/WiC","fill":"#FDD0A2","grouping":[]},{"layer":7,"name":"Other","fill":"#FDD0A2","grouping":[]},{"layer":7,"name":"Specialist Services","fill":"#FDD0A2","grouping":[]}],"links":[{"source":0,"target":1,"value":79,"fill":"#FB8072","supply":[{"label":"00 hrs","value":0},{"label":"01 hrs","value":2},{"label":"02 hrs","value":2},{"label":"03 hrs","value":1},{"label":"04 hrs","value":1},{"label":"05 hrs","value":0},{"label":"06 hrs","value":0},{"label":"07 hrs","value":2},{"label":"08 hrs","value":2},{"label":"09 hrs","value":4},{"label":"10 hrs","value":4},{"label":"11 hrs","value":10},{"label":"12 hrs","value":5},{"label":"13 hrs","value":8},{"label":"14 hrs","value":2},{"label":"15 hrs","value":8},{"label":"16 hrs","value":3},{"label":"17 hrs","value":3},{"label":"18 hrs","value":4},{"label":"19 hrs","value":5},{"label":"20 hrs","value":6},{"label":"21 hrs","value":3},{"label":"22 hrs","value":3},{"label":"23 hrs","value":1}]},{"source":0,"target":2,"value":2,"fill":"#FCC5C0","supply":[{"label":"00 hrs","value":0},{"label":"01 hrs","value":0},{"label":"02 hrs","value":0},{"label":"03 hrs","value":0},{"label":"04 hrs","value":0},{"label":"05 hrs","value":0},{"label":"06 hrs","value":1},{"label":"07 hrs","value":0},{"label":"08 hrs","value":0},{"label":"09 hrs","value":0},{"label":"10 hrs","value":0},{"label":"11 hrs","value":0},{"label":"12 hrs","value":0},{"label":"13 hrs","value":0},{"label":"14 hrs","value":0},{"label":"15 hrs","value":0},{"label":"16 hrs","value":0},{"label":"17 hrs","value":0},{"label":"18 hrs","value":0},{"label":"19 hrs","value":1},{"label":"20 hrs","value":0},{"label":"21 hrs","value":0},{"label":"22 hrs","value":0},{"label":"23 hrs","value":0}]},{"source":0,"target":3,"value":33,"fill":"#FF7F00","supply":[{"label":"00 hrs","value":1},{"label":"01 hrs","value":4},{"label":"02 hrs","value":4},{"label":"03 hrs","value":1},{"label":"04 hrs","value":2},{"label":"05 hrs","value":2},{"label":"06 hrs","value":2},{"label":"07 hrs","value":2},{"label":"08 hrs","value":10},{"label":"09 hrs","value":12},{"label":"10 hrs","value":15},{"label":"11 hrs","value":17},{"label":"12 hrs","value":12},{"label":"13 hrs","value":14},{"label":"14 hrs","value":7},{"label":"15 hrs","value":9},{"label":"16 hrs","value":10},{"label":"17 hrs","value":10},{"label":"18 hrs","value":8},{"label":"19 hrs","value":9},{"label":"20 hrs","value":7},{"label":"21 hrs","value":5},{"label":"22 hrs","value":5},{"label":"23 hrs","value":1}]},{"source":0,"target":4,"value":997,"fill":"#BEBADA","supply":[{"label":"00 hrs","value":46},{"label":"01 hrs","value":25},{"label":"02 hrs","value":22},{"label":"03 hrs","value":17},{"label":"04 hrs","value":23},{"label":"05 hrs","value":14},{"label":"06 hrs","value":24},{"label":"07 hrs","value":54},{"label":"08 hrs","value":81},{"label":"09 hrs","value":82},{"label":"10 hrs","value":115},{"label":"11 hrs","value":135},{"label":"12 hrs","value":128},{"label":"13 hrs","value":137},{"label":"14 hrs","value":108},{"label":"15 hrs","value":111},{"label":"16 hrs","value":102},{"label":"17 hrs","value":94},{"label":"18 hrs","value":104},{"label":"19 hrs","value":90},{"label":"20 hrs","value":81},{"label":"21 hrs","value":75},{"label":"22 hrs","value":60},{"label":"23 hrs","value":52}]},{"source":0,"target":5,"value":37,"fill":"#8DD3C7","supply":[{"label":"00 hrs","value":1},{"label":"01 hrs","value":1},{"label":"02 hrs","value":1},{"label":"03 hrs","value":2},{"label":"04 hrs","value":0},{"label":"05 hrs","value":0},{"label":"06 hrs","value":0},{"label":"07 hrs","value":1},{"label":"08 hrs","value":3},{"label":"09 hrs","value":1},{"label":"10 hrs","value":1},{"label":"11 hrs","value":1},{"label":"12 hrs","value":1},{"label":"13 hrs","value":1},{"label":"14 hrs","value":1},{"label":"15 hrs","value":1},{"label":"16 hrs","value":1},{"label":"17 hrs","value":2},{"label":"18 hrs","value":1},{"label":"19 hrs","value":2},{"label":"20 hrs","value":2},{"label":"21 hrs","value":4},{"label":"22 hrs","value":4},{"label":"23 hrs","value":5}]},{"source":0,"target":6,"value":43,"fill":"#A65628","supply":[{"label":"00 hrs","value":1},{"label":"01 hrs","value":2},{"label":"02 hrs","value":0},{"label":"03 hrs","value":2},{"label":"04 hrs","value":0},{"label":"05 hrs","value":0},{"label":"06 hrs","value":1},{"label":"07 hrs","value":0},{"label":"08 hrs","value":0},{"label":"09 hrs","value":2},{"label":"10 hrs","value":2},{"label":"11 hrs","value":2},{"label":"12 hrs","value":5},{"label":"13 hrs","value":1},{"label":"14 hrs","value":3},{"label":"15 hrs","value":1},{"label":"16 hrs","value":4},{"label":"17 hrs","value":2},{"label":"18 hrs","value":1},{"label":"19 hrs","value":3},{"label":"20 hrs","value":3},{"label":"21 hrs","value":2},{"label":"22 hrs","value":3},{"label":"23 hrs","value":3}]},{"source":1,"target":8,"value":79,"fill":"#FB8072","supply":[{"label":"00 hrs","value":0},{"label":"01 hrs","value":2},{"label":"02 hrs","value":2},{"label":"03 hrs","value":1},{"label":"04 hrs","value":1},{"label":"05 hrs","value":0},{"label":"06 hrs","value":0},{"label":"07 hrs","value":2},{"label":"08 hrs","value":2},{"label":"09 hrs","value":4},{"label":"10 hrs","value":4},{"label":"11 hrs","value":10},{"label":"12 hrs","value":5},{"label":"13 hrs","value":8},{"label":"14 hrs","value":2},{"label":"15 hrs","value":8},{"label":"16 hrs","value":3},{"label":"17 hrs","value":3},{"label":"18 hrs","value":4},{"label":"19 hrs","value":5},{"label":"20 hrs","value":6},{"label":"21 hrs","value":3},{"label":"22 hrs","value":3},{"label":"23 hrs","value":1}]},{"source":2,"target":8,"value":2,"fill":"#FCC5C0","supply":[{"label":"00 hrs","value":0},{"label":"01 hrs","value":0},{"label":"02 hrs","value":0},{"label":"03 hrs","value":0},{"label":"04 hrs","value":0},{"label":"05 hrs","value":0},{"label":"06 hrs","value":1},{"label":"07 hrs","value":0},{"label":"08 hrs","value":0},{"label":"09 hrs","value":0},{"label":"10 hrs","value":0},{"label":"11 hrs","value":0},{"label":"12 hrs","value":0},{"label":"13 hrs","value":0},{"label":"14 hrs","value":0},{"label":"15 hrs","value":0},{"label":"16 hrs","value":0},{"label":"17 hrs","value":0},{"label":"18 hrs","value":0},{"label":"19 hrs","value":1},{"label":"20 hrs","value":0},{"label":"21 hrs","value":0},{"label":"22 hrs","value":0},{"label":"23 hrs","value":0}]},{"source":3,"target":8,"value":169,"fill":"#FF7F00","supply":[{"label":"00 hrs","value":1},{"label":"01 hrs","value":4},{"label":"02 hrs","value":4},{"label":"03 hrs","value":1},{"label":"04 hrs","value":2},{"label":"05 hrs","value":2},{"label":"06 hrs","value":2},{"label":"07 hrs","value":2},{"label":"08 hrs","value":10},{"label":"09 hrs","value":12},{"label":"10 hrs","value":15},{"label":"11 hrs","value":17},{"label":"12 hrs","value":12},{"label":"13 hrs","value":14},{"label":"14 hrs","value":7},{"label":"15 hrs","value":9},{"label":"16 hrs","value":10},{"label":"17 hrs","value":10},{"label":"18 hrs","value":8},{"label":"19 hrs","value":9},{"label":"20 hrs","value":7},{"label":"21 hrs","value":5},{"label":"22 hrs","value":5},{"label":"23 hrs","value":1}]},{"source":4,"target":8,"value":1780,"fill":"#BEBADA","supply":[{"label":"00 hrs","value":46},{"label":"01 hrs","value":25},{"label":"02 hrs","value":22},{"label":"03 hrs","value":17},{"label":"04 hrs","value":23},{"label":"05 hrs","value":14},{"label":"06 hrs","value":24},{"label":"07 hrs","value":54},{"label":"08 hrs","value":81},{"label":"09 hrs","value":82},{"label":"10 hrs","value":115},{"label":"11 hrs","value":135},{"label":"12 hrs","value":128},{"label":"13 hrs","value":137},{"label":"14 hrs","value":108},{"label":"15 hrs","value":111},{"label":"16 hrs","value":102},{"label":"17 hrs","value":94},{"label":"18 hrs","value":104},{"label":"19 hrs","value":90},{"label":"20 hrs","value":81},{"label":"21 hrs","value":75},{"label":"22 hrs","value":60},{"label":"23 hrs","value":52}]},{"source":5,"target":8,"value":37,"fill":"#8DD3C7","supply":[{"label":"00 hrs","value":1},{"label":"01 hrs","value":1},{"label":"02 hrs","value":1},{"label":"03 hrs","value":2},{"label":"04 hrs","value":0},{"label":"05 hrs","value":0},{"label":"06 hrs","value":0},{"label":"07 hrs","value":1},{"label":"08 hrs","value":3},{"label":"09 hrs","value":1},{"label":"10 hrs","value":1},{"label":"11 hrs","value":1},{"label":"12 hrs","value":1},{"label":"13 hrs","value":1},{"label":"14 hrs","value":1},{"label":"15 hrs","value":1},{"label":"16 hrs","value":1},{"label":"17 hrs","value":2},{"label":"18 hrs","value":1},{"label":"19 hrs","value":2},{"label":"20 hrs","value":2},{"label":"21 hrs","value":4},{"label":"22 hrs","value":4},{"label":"23 hrs","value":5}]},{"source":6,"target":8,"value":43,"fill":"#A65628","supply":[{"label":"00 hrs","value":1},{"label":"01 hrs","value":2},{"label":"02 hrs","value":0},{"label":"03 hrs","value":2},{"label":"04 hrs","value":0},{"label":"05 hrs","value":0},{"label":"06 hrs","value":1},{"label":"07 hrs","value":0},{"label":"08 hrs","value":0},{"label":"09 hrs","value":2},{"label":"10 hrs","value":2},{"label":"11 hrs","value":2},{"label":"12 hrs","value":5},{"label":"13 hrs","value":1},{"label":"14 hrs","value":3},{"label":"15 hrs","value":1},{"label":"16 hrs","value":4},{"label":"17 hrs","value":2},{"label":"18 hrs","value":1},{"label":"19 hrs","value":3},{"label":"20 hrs","value":3},{"label":"21 hrs","value":2},{"label":"22 hrs","value":3},{"label":"23 hrs","value":3}]},{"source":4,"target":7,"value":783,"fill":"#BEBADA","supply":[{"label":"00 hrs","value":0},{"label":"01 hrs","value":0},{"label":"02 hrs","value":0},{"label":"03 hrs","value":0},{"label":"04 hrs","value":0},{"label":"05 hrs","value":0},{"label":"06 hrs","value":0},{"label":"07 hrs","value":0},{"label":"08 hrs","value":33},{"label":"09 hrs","value":42},{"label":"10 hrs","value":49},{"label":"11 hrs","value":64},{"label":"12 hrs","value":68},{"label":"13 hrs","value":57},{"label":"14 hrs","value":53},{"label":"15 hrs","value":53},{"label":"16 hrs","value":62},{"label":"17 hrs","value":47},{"label":"18 hrs","value":59},{"label":"19 hrs","value":46},{"label":"20 hrs","value":44},{"label":"21 hrs","value":37},{"label":"22 hrs","value":42},{"label":"23 hrs","value":27}]},{"source":3,"target":7,"value":136,"fill":"#FF7F00","supply":[{"label":"00 hrs","value":0},{"label":"01 hrs","value":0},{"label":"02 hrs","value":0},{"label":"03 hrs","value":0},{"label":"04 hrs","value":0},{"label":"05 hrs","value":0},{"label":"06 hrs","value":0},{"label":"07 hrs","value":0},{"label":"08 hrs","value":9},{"label":"09 hrs","value":11},{"label":"10 hrs","value":14},{"label":"11 hrs","value":16},{"label":"12 hrs","value":11},{"label":"13 hrs","value":13},{"label":"14 hrs","value":6},{"label":"15 hrs","value":7},{"label":"16 hrs","value":10},{"label":"17 hrs","value":9},{"label":"18 hrs","value":8},{"label":"19 hrs","value":7},{"label":"20 hrs","value":6},{"label":"21 hrs","value":4},{"label":"22 hrs","value":5},{"label":"23 hrs","value":0}]},{"source":8,"target":10,"value":3,"fill":"#FCC5C0","supply":[{"label":"00 hrs","value":1},{"label":"01 hrs","value":0},{"label":"02 hrs","value":0},{"label":"03 hrs","value":0},{"label":"04 hrs","value":0},{"label":"05 hrs","value":0},{"label":"06 hrs","value":0},{"label":"07 hrs","value":0},{"label":"08 hrs","value":0},{"label":"09 hrs","value":0},{"label":"10 hrs","value":0},{"label":"11 hrs","value":0},{"label":"12 hrs","value":0},{"label":"13 hrs","value":0},{"label":"14 hrs","value":0},{"label":"15 hrs","value":0},{"label":"16 hrs","value":0},{"label":"17 hrs","value":0},{"label":"18 hrs","value":0},{"label":"19 hrs","value":1},{"label":"20 hrs","value":0},{"label":"21 hrs","value":1},{"label":"22 hrs","value":0},{"label":"23 hrs","value":0}]},{"source":8,"target":11,"value":29,"fill":"#FCC5C0","supply":[{"label":"00 hrs","value":2},{"label":"01 hrs","value":1},{"label":"02 hrs","value":0},{"label":"03 hrs","value":0},{"label":"04 hrs","value":2},{"label":"05 hrs","value":0},{"label":"06 hrs","value":1},{"label":"07 hrs","value":2},{"label":"08 hrs","value":1},{"label":"09 hrs","value":1},{"label":"10 hrs","value":2},{"label":"11 hrs","value":0},{"label":"12 hrs","value":0},{"label":"13 hrs","value":0},{"label":"14 hrs","value":0},{"label":"15 hrs","value":2},{"label":"16 hrs","value":0},{"label":"17 hrs","value":2},{"label":"18 hrs","value":1},{"label":"19 hrs","value":2},{"label":"20 hrs","value":4},{"label":"21 hrs","value":2},{"label":"22 hrs","value":2},{"label":"23 hrs","value":2}]},{"source":8,"target":10,"value":1,"fill":"#8DD3C7","supply":[{"label":"00 hrs","value":0},{"label":"01 hrs","value":0},{"label":"02 hrs","value":0},{"label":"03 hrs","value":0},{"label":"04 hrs","value":0},{"label":"05 hrs","value":0},{"label":"06 hrs","value":0},{"label":"07 hrs","value":0},{"label":"08 hrs","value":0},{"label":"09 hrs","value":0},{"label":"10 hrs","value":0},{"label":"11 hrs","value":0},{"label":"12 hrs","value":0},{"label":"13 hrs","value":0},{"label":"14 hrs","value":0},{"label":"15 hrs","value":0},{"label":"16 hrs","value":0},{"label":"17 hrs","value":0},{"label":"18 hrs","value":0},{"label":"19 hrs","value":1},{"label":"20 hrs","value":0},{"label":"21 hrs","value":0},{"label":"22 hrs","value":0},{"label":"23 hrs","value":0}]},{"source":8,"target":11,"value":23,"fill":"#8DD3C7","supply":[{"label":"00 hrs","value":1},{"label":"01 hrs","value":1},{"label":"02 hrs","value":0},{"label":"03 hrs","value":1},{"label":"04 hrs","value":2},{"label":"05 hrs","value":0},{"label":"06 hrs","value":0},{"label":"07 hrs","value":0},{"label":"08 hrs","value":1},{"label":"09 hrs","value":1},{"label":"10 hrs","value":2},{"label":"11 hrs","value":0},{"label":"12 hrs","value":0},{"label":"13 hrs","value":0},{"label":"14 hrs","value":0},{"label":"15 hrs","value":1},{"label":"16 hrs","value":0},{"label":"17 hrs","value":0},{"label":"18 hrs","value":2},{"label":"19 hrs","value":3},{"label":"20 hrs","value":1},{"label":"21 hrs","value":2},{"label":"22 hrs","value":2},{"label":"23 hrs","value":3}]},{"source":8,"target":12,"value":4,"fill":"#8DD3C7","supply":[{"label":"00 hrs","value":1},{"label":"01 hrs","value":0},{"label":"02 hrs","value":0},{"label":"03 hrs","value":0},{"label":"04 hrs","value":0},{"label":"05 hrs","value":0},{"label":"06 hrs","value":0},{"label":"07 hrs","value":0},{"label":"08 hrs","value":0},{"label":"09 hrs","value":0},{"label":"10 hrs","value":0},{"label":"11 hrs","value":0},{"label":"12 hrs","value":0},{"label":"13 hrs","value":0},{"label":"14 hrs","value":0},{"label":"15 hrs","value":0},{"label":"16 hrs","value":0},{"label":"17 hrs","value":0},{"label":"18 hrs","value":0},{"label":"19 hrs","value":2},{"label":"20 hrs","value":0},{"label":"21 hrs","value":0},{"label":"22 hrs","value":1},{"label":"23 hrs","value":0}]},{"source":8,"target":9,"value":48,"fill":"#BEBADA","supply":[{"label":"00 hrs","value":0},{"label":"01 hrs","value":1},{"label":"02 hrs","value":2},{"label":"03 hrs","value":2},{"label":"04 hrs","value":1},{"label":"05 hrs","value":0},{"label":"06 hrs","value":0},{"label":"07 hrs","value":3},{"label":"08 hrs","value":2},{"label":"09 hrs","value":1},{"label":"10 hrs","value":8},{"label":"11 hrs","value":5},{"label":"12 hrs","value":1},{"label":"13 hrs","value":1},{"label":"14 hrs","value":2},{"label":"15 hrs","value":3},{"label":"16 hrs","value":0},{"label":"17 hrs","value":1},{"label":"18 hrs","value":2},{"label":"19 hrs","value":4},{"label":"20 hrs","value":2},{"label":"21 hrs","value":5},{"label":"22 hrs","value":1},{"label":"23 hrs","value":1}]},{"source":8,"target":10,"value":95,"fill":"#BEBADA","supply":[{"label":"00 hrs","value":0},{"label":"01 hrs","value":4},{"label":"02 hrs","value":4},{"label":"03 hrs","value":2},{"label":"04 hrs","value":1},{"label":"05 hrs","value":2},{"label":"06 hrs","value":4},{"label":"07 hrs","value":2},{"label":"08 hrs","value":4},{"label":"09 hrs","value":3},{"label":"10 hrs","value":5},{"label":"11 hrs","value":10},{"label":"12 hrs","value":6},{"label":"13 hrs","value":4},{"label":"14 hrs","value":8},{"label":"15 hrs","value":4},{"label":"16 hrs","value":6},{"label":"17 hrs","value":5},{"label":"18 hrs","value":5},{"label":"19 hrs","value":4},{"label":"20 hrs","value":3},{"label":"21 hrs","value":2},{"label":"22 hrs","value":5},{"label":"23 hrs","value":2}]},{"source":8,"target":11,"value":897,"fill":"#BEBADA","supply":[{"label":"00 hrs","value":28},{"label":"01 hrs","value":27},{"label":"02 hrs","value":18},{"label":"03 hrs","value":23},{"label":"04 hrs","value":17},{"label":"05 hrs","value":16},{"label":"06 hrs","value":17},{"label":"07 hrs","value":32},{"label":"08 hrs","value":21},{"label":"09 hrs","value":43},{"label":"10 hrs","value":52},{"label":"11 hrs","value":50},{"label":"12 hrs","value":60},{"label":"13 hrs","value":52},{"label":"14 hrs","value":38},{"label":"15 hrs","value":43},{"label":"16 hrs","value":57},{"label":"17 hrs","value":47},{"label":"18 hrs","value":40},{"label":"19 hrs","value":49},{"label":"20 hrs","value":54},{"label":"21 hrs","value":39},{"label":"22 hrs","value":42},{"label":"23 hrs","value":32}]},{"source":8,"target":12,"value":18,"fill":"#BEBADA","supply":[{"label":"00 hrs","value":1},{"label":"01 hrs","value":0},{"label":"02 hrs","value":0},{"label":"03 hrs","value":0},{"label":"04 hrs","value":0},{"label":"05 hrs","value":0},{"label":"06 hrs","value":0},{"label":"07 hrs","value":0},{"label":"08 hrs","value":0},{"label":"09 hrs","value":0},{"label":"10 hrs","value":0},{"label":"11 hrs","value":0},{"label":"12 hrs","value":0},{"label":"13 hrs","value":3},{"label":"14 hrs","value":2},{"label":"15 hrs","value":0},{"label":"16 hrs","value":1},{"label":"17 hrs","value":0},{"label":"18 hrs","value":3},{"label":"19 hrs","value":1},{"label":"20 hrs","value":1},{"label":"21 hrs","value":1},{"label":"22 hrs","value":4},{"label":"23 hrs","value":1}]},{"source":8,"target":13,"value":1,"fill":"#BEBADA","supply":[{"label":"00 hrs","value":0},{"label":"01 hrs","value":0},{"label":"02 hrs","value":0},{"label":"03 hrs","value":0},{"label":"04 hrs","value":0},{"label":"05 hrs","value":0},{"label":"06 hrs","value":0},{"label":"07 hrs","value":0},{"label":"08 hrs","value":0},{"label":"09 hrs","value":0},{"label":"10 hrs","value":0},{"label":"11 hrs","value":0},{"label":"12 hrs","value":0},{"label":"13 hrs","value":0},{"label":"14 hrs","value":0},{"label":"15 hrs","value":0},{"label":"16 hrs","value":0},{"label":"17 hrs","value":0},{"label":"18 hrs","value":1},{"label":"19 hrs","value":0},{"label":"20 hrs","value":0},{"label":"21 hrs","value":0},{"label":"22 hrs","value":0},{"label":"23 hrs","value":0}]},{"source":9,"target":14,"value":39,"fill":"#BEBADA","supply":[{"label":"00 hrs","value":0},{"label":"01 hrs","value":1},{"label":"02 hrs","value":1},{"label":"03 hrs","value":1},{"label":"04 hrs","value":1},{"label":"05 hrs","value":0},{"label":"06 hrs","value":0},{"label":"07 hrs","value":2},{"label":"08 hrs","value":2},{"label":"09 hrs","value":1},{"label":"10 hrs","value":6},{"label":"11 hrs","value":4},{"label":"12 hrs","value":1},{"label":"13 hrs","value":1},{"label":"14 hrs","value":2},{"label":"15 hrs","value":3},{"label":"16 hrs","value":0},{"label":"17 hrs","value":1},{"label":"18 hrs","value":2},{"label":"19 hrs","value":3},{"label":"20 hrs","value":2},{"label":"21 hrs","value":4},{"label":"22 hrs","value":1},{"label":"23 hrs","value":0}]},{"source":9,"target":15,"value":9,"fill":"#BEBADA","supply":[{"label":"00 hrs","value":0},{"label":"01 hrs","value":0},{"label":"02 hrs","value":1},{"label":"03 hrs","value":1},{"label":"04 hrs","value":0},{"label":"05 hrs","value":0},{"label":"06 hrs","value":0},{"label":"07 hrs","value":1},{"label":"08 hrs","value":0},{"label":"09 hrs","value":0},{"label":"10 hrs","value":2},{"label":"11 hrs","value":1},{"label":"12 hrs","value":0},{"label":"13 hrs","value":0},{"label":"14 hrs","value":0},{"label":"15 hrs","value":0},{"label":"16 hrs","value":0},{"label":"17 hrs","value":0},{"label":"18 hrs","value":0},{"label":"19 hrs","value":1},{"label":"20 hrs","value":0},{"label":"21 hrs","value":1},{"label":"22 hrs","value":0},{"label":"23 hrs","value":1}]},{"source":10,"target":15,"value":95,"fill":"#BEBADA","supply":[{"label":"00 hrs","value":0},{"label":"01 hrs","value":4},{"label":"02 hrs","value":4},{"label":"03 hrs","value":2},{"label":"04 hrs","value":1},{"label":"05 hrs","value":2},{"label":"06 hrs","value":4},{"label":"07 hrs","value":2},{"label":"08 hrs","value":4},{"label":"09 hrs","value":3},{"label":"10 hrs","value":5},{"label":"11 hrs","value":10},{"label":"12 hrs","value":6},{"label":"13 hrs","value":4},{"label":"14 hrs","value":8},{"label":"15 hrs","value":4},{"label":"16 hrs","value":6},{"label":"17 hrs","value":5},{"label":"18 hrs","value":5},{"label":"19 hrs","value":4},{"label":"20 hrs","value":3},{"label":"21 hrs","value":2},{"label":"22 hrs","value":5},{"label":"23 hrs","value":2}]},{"source":10,"target":15,"value":3,"fill":"#FCC5C0","supply":[{"label":"00 hrs","value":1},{"label":"01 hrs","value":0},{"label":"02 hrs","value":0},{"label":"03 hrs","value":0},{"label":"04 hrs","value":0},{"label":"05 hrs","value":0},{"label":"06 hrs","value":0},{"label":"07 hrs","value":0},{"label":"08 hrs","value":0},{"label":"09 hrs","value":0},{"label":"10 hrs","value":0},{"label":"11 hrs","value":0},{"label":"12 hrs","value":0},{"label":"13 hrs","value":0},{"label":"14 hrs","value":0},{"label":"15 hrs","value":0},{"label":"16 hrs","value":0},{"label":"17 hrs","value":0},{"label":"18 hrs","value":0},{"label":"19 hrs","value":1},{"label":"20 hrs","value":0},{"label":"21 hrs","value":1},{"label":"22 hrs","value":0},{"label":"23 hrs","value":0}]},{"source":10,"target":15,"value":1,"fill":"#8DD3C7","supply":[{"label":"00 hrs","value":0},{"label":"01 hrs","value":0},{"label":"02 hrs","value":0},{"label":"03 hrs","value":0},{"label":"04 hrs","value":0},{"label":"05 hrs","value":0},{"label":"06 hrs","value":0},{"label":"07 hrs","value":0},{"label":"08 hrs","value":0},{"label":"09 hrs","value":0},{"label":"10 hrs","value":0},{"label":"11 hrs","value":0},{"label":"12 hrs","value":0},{"label":"13 hrs","value":0},{"label":"14 hrs","value":0},{"label":"15 hrs","value":0},{"label":"16 hrs","value":0},{"label":"17 hrs","value":0},{"label":"18 hrs","value":0},{"label":"19 hrs","value":1},{"label":"20 hrs","value":0},{"label":"21 hrs","value":0},{"label":"22 hrs","value":0},{"label":"23 hrs","value":0}]},{"source":11,"target":14,"value":95,"fill":"#BEBADA","supply":[{"label":"00 hrs","value":3},{"label":"01 hrs","value":2},{"label":"02 hrs","value":1},{"label":"03 hrs","value":2},{"label":"04 hrs","value":1},{"label":"05 hrs","value":7},{"label":"06 hrs","value":2},{"label":"07 hrs","value":6},{"label":"08 hrs","value":6},{"label":"09 hrs","value":7},{"label":"10 hrs","value":4},{"label":"11 hrs","value":3},{"label":"12 hrs","value":8},{"label":"13 hrs","value":1},{"label":"14 hrs","value":5},{"label":"15 hrs","value":2},{"label":"16 hrs","value":5},{"label":"17 hrs","value":5},{"label":"18 hrs","value":5},{"label":"19 hrs","value":2},{"label":"20 hrs","value":4},{"label":"21 hrs","value":6},{"label":"22 hrs","value":6},{"label":"23 hrs","value":2}]},{"source":11,"target":14,"value":6,"fill":"#FCC5C0","supply":[{"label":"00 hrs","value":1},{"label":"01 hrs","value":0},{"label":"02 hrs","value":0},{"label":"03 hrs","value":0},{"label":"04 hrs","value":1},{"label":"05 hrs","value":0},{"label":"06 hrs","value":0},{"label":"07 hrs","value":1},{"label":"08 hrs","value":0},{"label":"09 hrs","value":0},{"label":"10 hrs","value":0},{"label":"11 hrs","value":0},{"label":"12 hrs","value":0},{"label":"13 hrs","value":0},{"label":"14 hrs","value":0},{"label":"15 hrs","value":0},{"label":"16 hrs","value":0},{"label":"17 hrs","value":0},{"label":"18 hrs","value":0},{"label":"19 hrs","value":1},{"label":"20 hrs","value":1},{"label":"21 hrs","value":1},{"label":"22 hrs","value":0},{"label":"23 hrs","value":0}]},{"source":11,"target":14,"value":3,"fill":"#8DD3C7","supply":[{"label":"00 hrs","value":1},{"label":"01 hrs","value":0},{"label":"02 hrs","value":0},{"label":"03 hrs","value":1},{"label":"04 hrs","value":1},{"label":"05 hrs","value":0},{"label":"06 hrs","value":0},{"label":"07 hrs","value":0},{"label":"08 hrs","value":0},{"label":"09 hrs","value":0},{"label":"10 hrs","value":0},{"label":"11 hrs","value":0},{"label":"12 hrs","value":0},{"label":"13 hrs","value":0},{"label":"14 hrs","value":0},{"label":"15 hrs","value":0},{"label":"16 hrs","value":0},{"label":"17 hrs","value":0},{"label":"18 hrs","value":0},{"label":"19 hrs","value":0},{"label":"20 hrs","value":0},{"label":"21 hrs","value":0},{"label":"22 hrs","value":0},{"label":"23 hrs","value":0}]},{"source":11,"target":15,"value":352,"fill":"#BEBADA","supply":[{"label":"00 hrs","value":12},{"label":"01 hrs","value":13},{"label":"02 hrs","value":11},{"label":"03 hrs","value":14},{"label":"04 hrs","value":8},{"label":"05 hrs","value":5},{"label":"06 hrs","value":7},{"label":"07 hrs","value":8},{"label":"08 hrs","value":2},{"label":"09 hrs","value":12},{"label":"10 hrs","value":21},{"label":"11 hrs","value":20},{"label":"12 hrs","value":27},{"label":"13 hrs","value":16},{"label":"14 hrs","value":8},{"label":"15 hrs","value":26},{"label":"16 hrs","value":18},{"label":"17 hrs","value":17},{"label":"18 hrs","value":13},{"label":"19 hrs","value":16},{"label":"20 hrs","value":24},{"label":"21 hrs","value":19},{"label":"22 hrs","value":22},{"label":"23 hrs","value":13}]},{"source":11,"target":15,"value":16,"fill":"#FCC5C0","supply":[{"label":"00 hrs","value":1},{"label":"01 hrs","value":0},{"label":"02 hrs","value":0},{"label":"03 hrs","value":0},{"label":"04 hrs","value":1},{"label":"05 hrs","value":0},{"label":"06 hrs","value":1},{"label":"07 hrs","value":1},{"label":"08 hrs","value":0},{"label":"09 hrs","value":0},{"label":"10 hrs","value":2},{"label":"11 hrs","value":0},{"label":"12 hrs","value":0},{"label":"13 hrs","value":0},{"label":"14 hrs","value":0},{"label":"15 hrs","value":1},{"label":"16 hrs","value":0},{"label":"17 hrs","value":0},{"label":"18 hrs","value":1},{"label":"19 hrs","value":1},{"label":"20 hrs","value":2},{"label":"21 hrs","value":1},{"label":"22 hrs","value":2},{"label":"23 hrs","value":2}]},{"source":11,"target":15,"value":15,"fill":"#8DD3C7","supply":[{"label":"00 hrs","value":0},{"label":"01 hrs","value":1},{"label":"02 hrs","value":0},{"label":"03 hrs","value":0},{"label":"04 hrs","value":1},{"label":"05 hrs","value":0},{"label":"06 hrs","value":0},{"label":"07 hrs","value":0},{"label":"08 hrs","value":1},{"label":"09 hrs","value":1},{"label":"10 hrs","value":1},{"label":"11 hrs","value":0},{"label":"12 hrs","value":0},{"label":"13 hrs","value":0},{"label":"14 hrs","value":0},{"label":"15 hrs","value":1},{"label":"16 hrs","value":0},{"label":"17 hrs","value":0},{"label":"18 hrs","value":1},{"label":"19 hrs","value":2},{"label":"20 hrs","value":1},{"label":"21 hrs","value":2},{"label":"22 hrs","value":2},{"label":"23 hrs","value":1}]},{"source":11,"target":16,"value":450,"fill":"#BEBADA","supply":[{"label":"00 hrs","value":13},{"label":"01 hrs","value":12},{"label":"02 hrs","value":6},{"label":"03 hrs","value":7},{"label":"04 hrs","value":8},{"label":"05 hrs","value":4},{"label":"06 hrs","value":8},{"label":"07 hrs","value":18},{"label":"08 hrs","value":13},{"label":"09 hrs","value":24},{"label":"10 hrs","value":27},{"label":"11 hrs","value":27},{"label":"12 hrs","value":25},{"label":"13 hrs","value":35},{"label":"14 hrs","value":25},{"label":"15 hrs","value":15},{"label":"16 hrs","value":34},{"label":"17 hrs","value":25},{"label":"18 hrs","value":22},{"label":"19 hrs","value":31},{"label":"20 hrs","value":26},{"label":"21 hrs","value":14},{"label":"22 hrs","value":14},{"label":"23 hrs","value":17}]},{"source":11,"target":16,"value":7,"fill":"#FCC5C0","supply":[{"label":"00 hrs","value":0},{"label":"01 hrs","value":1},{"label":"02 hrs","value":0},{"label":"03 hrs","value":0},{"label":"04 hrs","value":0},{"label":"05 hrs","value":0},{"label":"06 hrs","value":0},{"label":"07 hrs","value":0},{"label":"08 hrs","value":1},{"label":"09 hrs","value":1},{"label":"10 hrs","value":0},{"label":"11 hrs","value":0},{"label":"12 hrs","value":0},{"label":"13 hrs","value":0},{"label":"14 hrs","value":0},{"label":"15 hrs","value":1},{"label":"16 hrs","value":0},{"label":"17 hrs","value":2},{"label":"18 hrs","value":0},{"label":"19 hrs","value":0},{"label":"20 hrs","value":1},{"label":"21 hrs","value":0},{"label":"22 hrs","value":0},{"label":"23 hrs","value":0}]},{"source":11,"target":16,"value":5,"fill":"#8DD3C7","supply":[{"label":"00 hrs","value":0},{"label":"01 hrs","value":0},{"label":"02 hrs","value":0},{"label":"03 hrs","value":0},{"label":"04 hrs","value":0},{"label":"05 hrs","value":0},{"label":"06 hrs","value":0},{"label":"07 hrs","value":0},{"label":"08 hrs","value":0},{"label":"09 hrs","value":0},{"label":"10 hrs","value":1},{"label":"11 hrs","value":0},{"label":"12 hrs","value":0},{"label":"13 hrs","value":0},{"label":"14 hrs","value":0},{"label":"15 hrs","value":0},{"label":"16 hrs","value":0},{"label":"17 hrs","value":0},{"label":"18 hrs","value":1},{"label":"19 hrs","value":1},{"label":"20 hrs","value":0},{"label":"21 hrs","value":0},{"label":"22 hrs","value":0},{"label":"23 hrs","value":2}]},{"source":12,"target":14,"value":2,"fill":"#BEBADA","supply":[{"label":"00 hrs","value":1},{"label":"01 hrs","value":0},{"label":"02 hrs","value":0},{"label":"03 hrs","value":0},{"label":"04 hrs","value":0},{"label":"05 hrs","value":0},{"label":"06 hrs","value":0},{"label":"07 hrs","value":0},{"label":"08 hrs","value":0},{"label":"09 hrs","value":0},{"label":"10 hrs","value":0},{"label":"11 hrs","value":0},{"label":"12 hrs","value":0},{"label":"13 hrs","value":0},{"label":"14 hrs","value":0},{"label":"15 hrs","value":0},{"label":"16 hrs","value":0},{"label":"17 hrs","value":0},{"label":"18 hrs","value":0},{"label":"19 hrs","value":0},{"label":"20 hrs","value":0},{"label":"21 hrs","value":0},{"label":"22 hrs","value":1},{"label":"23 hrs","value":0}]},{"source":12,"target":15,"value":7,"fill":"#BEBADA","supply":[{"label":"00 hrs","value":0},{"label":"01 hrs","value":0},{"label":"02 hrs","value":0},{"label":"03 hrs","value":0},{"label":"04 hrs","value":0},{"label":"05 hrs","value":0},{"label":"06 hrs","value":0},{"label":"07 hrs","value":0},{"label":"08 hrs","value":0},{"label":"09 hrs","value":0},{"label":"10 hrs","value":0},{"label":"11 hrs","value":0},{"label":"12 hrs","value":0},{"label":"13 hrs","value":3},{"label":"14 hrs","value":1},{"label":"15 hrs","value":0},{"label":"16 hrs","value":0},{"label":"17 hrs","value":0},{"label":"18 hrs","value":0},{"label":"19 hrs","value":1},{"label":"20 hrs","value":0},{"label":"21 hrs","value":1},{"label":"22 hrs","value":0},{"label":"23 hrs","value":1}]},{"source":12,"target":15,"value":3,"fill":"#8DD3C7","supply":[{"label":"00 hrs","value":1},{"label":"01 hrs","value":0},{"label":"02 hrs","value":0},{"label":"03 hrs","value":0},{"label":"04 hrs","value":0},{"label":"05 hrs","value":0},{"label":"06 hrs","value":0},{"label":"07 hrs","value":0},{"label":"08 hrs","value":0},{"label":"09 hrs","value":0},{"label":"10 hrs","value":0},{"label":"11 hrs","value":0},{"label":"12 hrs","value":0},{"label":"13 hrs","value":0},{"label":"14 hrs","value":0},{"label":"15 hrs","value":0},{"label":"16 hrs","value":0},{"label":"17 hrs","value":0},{"label":"18 hrs","value":0},{"label":"19 hrs","value":1},{"label":"20 hrs","value":0},{"label":"21 hrs","value":0},{"label":"22 hrs","value":1},{"label":"23 hrs","value":0}]},{"source":12,"target":16,"value":9,"fill":"#BEBADA","supply":[{"label":"00 hrs","value":0},{"label":"01 hrs","value":0},{"label":"02 hrs","value":0},{"label":"03 hrs","value":0},{"label":"04 hrs","value":0},{"label":"05 hrs","value":0},{"label":"06 hrs","value":0},{"label":"07 hrs","value":0},{"label":"08 hrs","value":0},{"label":"09 hrs","value":0},{"label":"10 hrs","value":0},{"label":"11 hrs","value":0},{"label":"12 hrs","value":0},{"label":"13 hrs","value":0},{"label":"14 hrs","value":1},{"label":"15 hrs","value":0},{"label":"16 hrs","value":1},{"label":"17 hrs","value":0},{"label":"18 hrs","value":3},{"label":"19 hrs","value":0},{"label":"20 hrs","value":1},{"label":"21 hrs","value":0},{"label":"22 hrs","value":3},{"label":"23 hrs","value":0}]},{"source":12,"target":16,"value":1,"fill":"#8DD3C7","supply":[{"label":"00 hrs","value":0},{"label":"01 hrs","value":0},{"label":"02 hrs","value":0},{"label":"03 hrs","value":0},{"label":"04 hrs","value":0},{"label":"05 hrs","value":0},{"label":"06 hrs","value":0},{"label":"07 hrs","value":0},{"label":"08 hrs","value":0},{"label":"09 hrs","value":0},{"label":"10 hrs","value":0},{"label":"11 hrs","value":0},{"label":"12 hrs","value":0},{"label":"13 hrs","value":0},{"label":"14 hrs","value":0},{"label":"15 hrs","value":0},{"label":"16 hrs","value":0},{"label":"17 hrs","value":0},{"label":"18 hrs","value":0},{"label":"19 hrs","value":1},{"label":"20 hrs","value":0},{"label":"21 hrs","value":0},{"label":"22 hrs","value":0},{"label":"23 hrs","value":0}]},{"source":13,"target":17,"value":1,"fill":"#BEBADA","supply":[{"label":"00 hrs","value":0},{"label":"01 hrs","value":0},{"label":"02 hrs","value":0},{"label":"03 hrs","value":0},{"label":"04 hrs","value":0},{"label":"05 hrs","value":0},{"label":"06 hrs","value":0},{"label":"07 hrs","value":0},{"label":"08 hrs","value":0},{"label":"09 hrs","value":0},{"label":"10 hrs","value":0},{"label":"11 hrs","value":0},{"label":"12 hrs","value":0},{"label":"13 hrs","value":0},{"label":"14 hrs","value":0},{"label":"15 hrs","value":0},{"label":"16 hrs","value":0},{"label":"17 hrs","value":0},{"label":"18 hrs","value":1},{"label":"19 hrs","value":0},{"label":"20 hrs","value":0},{"label":"21 hrs","value":0},{"label":"22 hrs","value":0},{"label":"23 hrs","value":0}]},{"source":14,"target":20,"value":14,"fill":"#BEBADA","supply":[{"label":"00 hrs","value":0},{"label":"01 hrs","value":0},{"label":"02 hrs","value":0},{"label":"03 hrs","value":0},{"label":"04 hrs","value":0},{"label":"05 hrs","value":0},{"label":"06 hrs","value":0},{"label":"07 hrs","value":0},{"label":"08 hrs","value":1},{"label":"09 hrs","value":1},{"label":"10 hrs","value":2},{"label":"11 hrs","value":3},{"label":"12 hrs","value":1},{"label":"13 hrs","value":1},{"label":"14 hrs","value":2},{"label":"15 hrs","value":0},{"label":"16 hrs","value":0},{"label":"17 hrs","value":1},{"label":"18 hrs","value":0},{"label":"19 hrs","value":2},{"label":"20 hrs","value":0},{"label":"21 hrs","value":0},{"label":"22 hrs","value":0},{"label":"23 hrs","value":0}]},{"source":15,"target":20,"value":35,"fill":"#BEBADA","supply":[{"label":"00 hrs","value":0},{"label":"01 hrs","value":0},{"label":"02 hrs","value":0},{"label":"03 hrs","value":0},{"label":"04 hrs","value":0},{"label":"05 hrs","value":0},{"label":"06 hrs","value":0},{"label":"07 hrs","value":1},{"label":"08 hrs","value":1},{"label":"09 hrs","value":0},{"label":"10 hrs","value":2},{"label":"11 hrs","value":3},{"label":"12 hrs","value":4},{"label":"13 hrs","value":3},{"label":"14 hrs","value":5},{"label":"15 hrs","value":2},{"label":"16 hrs","value":3},{"label":"17 hrs","value":3},{"label":"18 hrs","value":2},{"label":"19 hrs","value":3},{"label":"20 hrs","value":0},{"label":"21 hrs","value":0},{"label":"22 hrs","value":2},{"label":"23 hrs","value":1}]},{"source":16,"target":20,"value":42,"fill":"#BEBADA","supply":[{"label":"00 hrs","value":0},{"label":"01 hrs","value":0},{"label":"02 hrs","value":0},{"label":"03 hrs","value":0},{"label":"04 hrs","value":0},{"label":"05 hrs","value":0},{"label":"06 hrs","value":0},{"label":"07 hrs","value":0},{"label":"08 hrs","value":0},{"label":"09 hrs","value":6},{"label":"10 hrs","value":8},{"label":"11 hrs","value":3},{"label":"12 hrs","value":0},{"label":"13 hrs","value":7},{"label":"14 hrs","value":7},{"label":"15 hrs","value":4},{"label":"16 hrs","value":4},{"label":"17 hrs","value":0},{"label":"18 hrs","value":1},{"label":"19 hrs","value":0},{"label":"20 hrs","value":1},{"label":"21 hrs","value":1},{"label":"22 hrs","value":0},{"label":"23 hrs","value":0}]},{"source":16,"target":20,"value":1,"fill":"#FCC5C0","supply":[{"label":"00 hrs","value":0},{"label":"01 hrs","value":0},{"label":"02 hrs","value":0},{"label":"03 hrs","value":0},{"label":"04 hrs","value":0},{"label":"05 hrs","value":0},{"label":"06 hrs","value":0},{"label":"07 hrs","value":0},{"label":"08 hrs","value":0},{"label":"09 hrs","value":0},{"label":"10 hrs","value":0},{"label":"11 hrs","value":0},{"label":"12 hrs","value":0},{"label":"13 hrs","value":0},{"label":"14 hrs","value":0},{"label":"15 hrs","value":1},{"label":"16 hrs","value":0},{"label":"17 hrs","value":0},{"label":"18 hrs","value":0},{"label":"19 hrs","value":0},{"label":"20 hrs","value":0},{"label":"21 hrs","value":0},{"label":"22 hrs","value":0},{"label":"23 hrs","value":0}]},{"source":14,"target":23,"value":32,"fill":"#BEBADA","supply":[{"label":"00 hrs","value":0},{"label":"01 hrs","value":0},{"label":"02 hrs","value":0},{"label":"03 hrs","value":0},{"label":"04 hrs","value":0},{"label":"05 hrs","value":0},{"label":"06 hrs","value":1},{"label":"07 hrs","value":2},{"label":"08 hrs","value":3},{"label":"09 hrs","value":2},{"label":"10 hrs","value":3},{"label":"11 hrs","value":1},{"label":"12 hrs","value":2},{"label":"13 hrs","value":1},{"label":"14 hrs","value":2},{"label":"15 hrs","value":3},{"label":"16 hrs","value":3},{"label":"17 hrs","value":2},{"label":"18 hrs","value":2},{"label":"19 hrs","value":0},{"label":"20 hrs","value":2},{"label":"21 hrs","value":2},{"label":"22 hrs","value":1},{"label":"23 hrs","value":0}]},{"source":15,"target":23,"value":57,"fill":"#BEBADA","supply":[{"label":"00 hrs","value":1},{"label":"01 hrs","value":2},{"label":"02 hrs","value":0},{"label":"03 hrs","value":1},{"label":"04 hrs","value":0},{"label":"05 hrs","value":0},{"label":"06 hrs","value":0},{"label":"07 hrs","value":0},{"label":"08 hrs","value":2},{"label":"09 hrs","value":2},{"label":"10 hrs","value":6},{"label":"11 hrs","value":8},{"label":"12 hrs","value":8},{"label":"13 hrs","value":6},{"label":"14 hrs","value":3},{"label":"15 hrs","value":6},{"label":"16 hrs","value":1},{"label":"17 hrs","value":2},{"label":"18 hrs","value":1},{"label":"19 hrs","value":1},{"label":"20 hrs","value":1},{"label":"21 hrs","value":0},{"label":"22 hrs","value":4},{"label":"23 hrs","value":2}]},{"source":15,"target":23,"value":1,"fill":"#FCC5C0","supply":[{"label":"00 hrs","value":0},{"label":"01 hrs","value":0},{"label":"02 hrs","value":0},{"label":"03 hrs","value":0},{"label":"04 hrs","value":0},{"label":"05 hrs","value":0},{"label":"06 hrs","value":0},{"label":"07 hrs","value":0},{"label":"08 hrs","value":0},{"label":"09 hrs","value":0},{"label":"10 hrs","value":1},{"label":"11 hrs","value":0},{"label":"12 hrs","value":0},{"label":"13 hrs","value":0},{"label":"14 hrs","value":0},{"label":"15 hrs","value":0},{"label":"16 hrs","value":0},{"label":"17 hrs","value":0},{"label":"18 hrs","value":0},{"label":"19 hrs","value":0},{"label":"20 hrs","value":0},{"label":"21 hrs","value":0},{"label":"22 hrs","value":0},{"label":"23 hrs","value":0}]},{"source":15,"target":23,"value":2,"fill":"#8DD3C7","supply":[{"label":"00 hrs","value":0},{"label":"01 hrs","value":0},{"label":"02 hrs","value":0},{"label":"03 hrs","value":0},{"label":"04 hrs","value":0},{"label":"05 hrs","value":0},{"label":"06 hrs","value":0},{"label":"07 hrs","value":0},{"label":"08 hrs","value":1},{"label":"09 hrs","value":0},{"label":"10 hrs","value":1},{"label":"11 hrs","value":0},{"label":"12 hrs","value":0},{"label":"13 hrs","value":0},{"label":"14 hrs","value":0},{"label":"15 hrs","value":0},{"label":"16 hrs","value":0},{"label":"17 hrs","value":0},{"label":"18 hrs","value":0},{"label":"19 hrs","value":0},{"label":"20 hrs","value":0},{"label":"21 hrs","value":0},{"label":"22 hrs","value":0},{"label":"23 hrs","value":0}]},{"source":16,"target":23,"value":105,"fill":"#BEBADA","supply":[{"label":"00 hrs","value":1},{"label":"01 hrs","value":3},{"label":"02 hrs","value":0},{"label":"03 hrs","value":1},{"label":"04 hrs","value":0},{"label":"05 hrs","value":1},{"label":"06 hrs","value":0},{"label":"07 hrs","value":10},{"label":"08 hrs","value":4},{"label":"09 hrs","value":5},{"label":"10 hrs","value":7},{"label":"11 hrs","value":8},{"label":"12 hrs","value":7},{"label":"13 hrs","value":11},{"label":"14 hrs","value":7},{"label":"15 hrs","value":3},{"label":"16 hrs","value":8},{"label":"17 hrs","value":6},{"label":"18 hrs","value":5},{"label":"19 hrs","value":8},{"label":"20 hrs","value":7},{"label":"21 hrs","value":1},{"label":"22 hrs","value":2},{"label":"23 hrs","value":0}]},{"source":14,"target":24,"value":32,"fill":"#BEBADA","supply":[{"label":"00 hrs","value":2},{"label":"01 hrs","value":3},{"label":"02 hrs","value":1},{"label":"03 hrs","value":2},{"label":"04 hrs","value":0},{"label":"05 hrs","value":4},{"label":"06 hrs","value":0},{"label":"07 hrs","value":0},{"label":"08 hrs","value":0},{"label":"09 hrs","value":0},{"label":"10 hrs","value":0},{"label":"11 hrs","value":0},{"label":"12 hrs","value":0},{"label":"13 hrs","value":0},{"label":"14 hrs","value":0},{"label":"15 hrs","value":0},{"label":"16 hrs","value":0},{"label":"17 hrs","value":0},{"label":"18 hrs","value":5},{"label":"19 hrs","value":2},{"label":"20 hrs","value":3},{"label":"21 hrs","value":6},{"label":"22 hrs","value":3},{"label":"23 hrs","value":1}]},{"source":14,"target":24,"value":2,"fill":"#FCC5C0","supply":[{"label":"00 hrs","value":1},{"label":"01 hrs","value":0},{"label":"02 hrs","value":0},{"label":"03 hrs","value":0},{"label":"04 hrs","value":0},{"label":"05 hrs","value":0},{"label":"06 hrs","value":0},{"label":"07 hrs","value":0},{"label":"08 hrs","value":0},{"label":"09 hrs","value":0},{"label":"10 hrs","value":0},{"label":"11 hrs","value":0},{"label":"12 hrs","value":0},{"label":"13 hrs","value":0},{"label":"14 hrs","value":0},{"label":"15 hrs","value":0},{"label":"16 hrs","value":0},{"label":"17 hrs","value":0},{"label":"18 hrs","value":0},{"label":"19 hrs","value":1},{"label":"20 hrs","value":0},{"label":"21 hrs","value":0},{"label":"22 hrs","value":0},{"label":"23 hrs","value":0}]},{"source":14,"target":24,"value":1,"fill":"#8DD3C7","supply":[{"label":"00 hrs","value":1},{"label":"01 hrs","value":0},{"label":"02 hrs","value":0},{"label":"03 hrs","value":0},{"label":"04 hrs","value":0},{"label":"05 hrs","value":0},{"label":"06 hrs","value":0},{"label":"07 hrs","value":0},{"label":"08 hrs","value":0},{"label":"09 hrs","value":0},{"label":"10 hrs","value":0},{"label":"11 hrs","value":0},{"label":"12 hrs","value":0},{"label":"13 hrs","value":0},{"label":"14 hrs","value":0},{"label":"15 hrs","value":0},{"label":"16 hrs","value":0},{"label":"17 hrs","value":0},{"label":"18 hrs","value":0},{"label":"19 hrs","value":0},{"label":"20 hrs","value":0},{"label":"21 hrs","value":0},{"label":"22 hrs","value":0},{"label":"23 hrs","value":0}]},{"source":15,"target":24,"value":20,"fill":"#BEBADA","supply":[{"label":"00 hrs","value":2},{"label":"01 hrs","value":3},{"label":"02 hrs","value":3},{"label":"03 hrs","value":3},{"label":"04 hrs","value":1},{"label":"05 hrs","value":0},{"label":"06 hrs","value":0},{"label":"07 hrs","value":0},{"label":"08 hrs","value":0},{"label":"09 hrs","value":0},{"label":"10 hrs","value":0},{"label":"11 hrs","value":0},{"label":"12 hrs","value":0},{"label":"13 hrs","value":0},{"label":"14 hrs","value":0},{"label":"15 hrs","value":0},{"label":"16 hrs","value":0},{"label":"17 hrs","value":0},{"label":"18 hrs","value":3},{"label":"19 hrs","value":0},{"label":"20 hrs","value":3},{"label":"21 hrs","value":0},{"label":"22 hrs","value":2},{"label":"23 hrs","value":0}]},{"source":15,"target":24,"value":5,"fill":"#FCC5C0","supply":[{"label":"00 hrs","value":0},{"label":"01 hrs","value":0},{"label":"02 hrs","value":0},{"label":"03 hrs","value":0},{"label":"04 hrs","value":0},{"label":"05 hrs","value":0},{"label":"06 hrs","value":0},{"label":"07 hrs","value":0},{"label":"08 hrs","value":0},{"label":"09 hrs","value":0},{"label":"10 hrs","value":0},{"label":"11 hrs","value":0},{"label":"12 hrs","value":0},{"label":"13 hrs","value":0},{"label":"14 hrs","value":0},{"label":"15 hrs","value":0},{"label":"16 hrs","value":0},{"label":"17 hrs","value":0},{"label":"18 hrs","value":1},{"label":"19 hrs","value":2},{"label":"20 hrs","value":0},{"label":"21 hrs","value":1},{"label":"22 hrs","value":0},{"label":"23 hrs","value":1}]},{"source":15,"target":24,"value":1,"fill":"#8DD3C7","supply":[{"label":"00 hrs","value":0},{"label":"01 hrs","value":0},{"label":"02 hrs","value":0},{"label":"03 hrs","value":0},{"label":"04 hrs","value":0},{"label":"05 hrs","value":0},{"label":"06 hrs","value":0},{"label":"07 hrs","value":0},{"label":"08 hrs","value":0},{"label":"09 hrs","value":0},{"label":"10 hrs","value":0},{"label":"11 hrs","value":0},{"label":"12 hrs","value":0},{"label":"13 hrs","value":0},{"label":"14 hrs","value":0},{"label":"15 hrs","value":0},{"label":"16 hrs","value":0},{"label":"17 hrs","value":0},{"label":"18 hrs","value":0},{"label":"19 hrs","value":0},{"label":"20 hrs","value":1},{"label":"21 hrs","value":0},{"label":"22 hrs","value":0},{"label":"23 hrs","value":0}]},{"source":16,"target":24,"value":65,"fill":"#BEBADA","supply":[{"label":"00 hrs","value":4},{"label":"01 hrs","value":4},{"label":"02 hrs","value":3},{"label":"03 hrs","value":0},{"label":"04 hrs","value":3},{"label":"05 hrs","value":1},{"label":"06 hrs","value":0},{"label":"07 hrs","value":1},{"label":"08 hrs","value":0},{"label":"09 hrs","value":2},{"label":"10 hrs","value":2},{"label":"11 hrs","value":1},{"label":"12 hrs","value":1},{"label":"13 hrs","value":2},{"label":"14 hrs","value":2},{"label":"15 hrs","value":0},{"label":"16 hrs","value":3},{"label":"17 hrs","value":5},{"label":"18 hrs","value":5},{"label":"19 hrs","value":4},{"label":"20 hrs","value":8},{"label":"21 hrs","value":5},{"label":"22 hrs","value":2},{"label":"23 hrs","value":7}]},{"source":16,"target":24,"value":3,"fill":"#8DD3C7","supply":[{"label":"00 hrs","value":0},{"label":"01 hrs","value":0},{"label":"02 hrs","value":0},{"label":"03 hrs","value":0},{"label":"04 hrs","value":0},{"label":"05 hrs","value":0},{"label":"06 hrs","value":0},{"label":"07 hrs","value":0},{"label":"08 hrs","value":0},{"label":"09 hrs","value":0},{"label":"10 hrs","value":0},{"label":"11 hrs","value":0},{"label":"12 hrs","value":0},{"label":"13 hrs","value":0},{"label":"14 hrs","value":0},{"label":"15 hrs","value":0},{"label":"16 hrs","value":0},{"label":"17 hrs","value":0},{"label":"18 hrs","value":0},{"label":"19 hrs","value":2},{"label":"20 hrs","value":0},{"label":"21 hrs","value":0},{"label":"22 hrs","value":0},{"label":"23 hrs","value":1}]},{"source":14,"target":26,"value":8,"fill":"#BEBADA","supply":[{"label":"00 hrs","value":0},{"label":"01 hrs","value":0},{"label":"02 hrs","value":0},{"label":"03 hrs","value":0},{"label":"04 hrs","value":0},{"label":"05 hrs","value":0},{"label":"06 hrs","value":1},{"label":"07 hrs","value":1},{"label":"08 hrs","value":0},{"label":"09 hrs","value":1},{"label":"10 hrs","value":1},{"label":"11 hrs","value":1},{"label":"12 hrs","value":1},{"label":"13 hrs","value":0},{"label":"14 hrs","value":0},{"label":"15 hrs","value":1},{"label":"16 hrs","value":0},{"label":"17 hrs","value":1},{"label":"18 hrs","value":0},{"label":"19 hrs","value":0},{"label":"20 hrs","value":0},{"label":"21 hrs","value":0},{"label":"22 hrs","value":0},{"label":"23 hrs","value":0}]},{"source":15,"target":26,"value":37,"fill":"#BEBADA","supply":[{"label":"00 hrs","value":0},{"label":"01 hrs","value":1},{"label":"02 hrs","value":3},{"label":"03 hrs","value":3},{"label":"04 hrs","value":1},{"label":"05 hrs","value":1},{"label":"06 hrs","value":2},{"label":"07 hrs","value":2},{"label":"08 hrs","value":0},{"label":"09 hrs","value":1},{"label":"10 hrs","value":4},{"label":"11 hrs","value":2},{"label":"12 hrs","value":1},{"label":"13 hrs","value":2},{"label":"14 hrs","value":0},{"label":"15 hrs","value":1},{"label":"16 hrs","value":1},{"label":"17 hrs","value":3},{"label":"18 hrs","value":2},{"label":"19 hrs","value":1},{"label":"20 hrs","value":3},{"label":"21 hrs","value":1},{"label":"22 hrs","value":1},{"label":"23 hrs","value":1}]},{"source":16,"target":26,"value":23,"fill":"#BEBADA","supply":[{"label":"00 hrs","value":0},{"label":"01 hrs","value":0},{"label":"02 hrs","value":0},{"label":"03 hrs","value":0},{"label":"04 hrs","value":1},{"label":"05 hrs","value":0},{"label":"06 hrs","value":3},{"label":"07 hrs","value":0},{"label":"08 hrs","value":0},{"label":"09 hrs","value":1},{"label":"10 hrs","value":1},{"label":"11 hrs","value":1},{"label":"12 hrs","value":4},{"label":"13 hrs","value":4},{"label":"14 hrs","value":0},{"label":"15 hrs","value":0},{"label":"16 hrs","value":1},{"label":"17 hrs","value":3},{"label":"18 hrs","value":0},{"label":"19 hrs","value":1},{"label":"20 hrs","value":1},{"label":"21 hrs","value":0},{"label":"22 hrs","value":1},{"label":"23 hrs","value":1}]},{"source":16,"target":26,"value":1,"fill":"#8DD3C7","supply":[{"label":"00 hrs","value":0},{"label":"01 hrs","value":0},{"label":"02 hrs","value":0},{"label":"03 hrs","value":0},{"label":"04 hrs","value":0},{"label":"05 hrs","value":0},{"label":"06 hrs","value":0},{"label":"07 hrs","value":0},{"label":"08 hrs","value":0},{"label":"09 hrs","value":0},{"label":"10 hrs","value":1},{"label":"11 hrs","value":0},{"label":"12 hrs","value":0},{"label":"13 hrs","value":0},{"label":"14 hrs","value":0},{"label":"15 hrs","value":0},{"label":"16 hrs","value":0},{"label":"17 hrs","value":0},{"label":"18 hrs","value":0},{"label":"19 hrs","value":0},{"label":"20 hrs","value":0},{"label":"21 hrs","value":0},{"label":"22 hrs","value":0},{"label":"23 hrs","value":0}]},{"source":14,"target":22,"value":12,"fill":"#BEBADA","supply":[{"label":"00 hrs","value":0},{"label":"01 hrs","value":0},{"label":"02 hrs","value":0},{"label":"03 hrs","value":0},{"label":"04 hrs","value":0},{"label":"05 hrs","value":1},{"label":"06 hrs","value":0},{"label":"07 hrs","value":3},{"label":"08 hrs","value":1},{"label":"09 hrs","value":2},{"label":"10 hrs","value":0},{"label":"11 hrs","value":0},{"label":"12 hrs","value":0},{"label":"13 hrs","value":0},{"label":"14 hrs","value":3},{"label":"15 hrs","value":0},{"label":"16 hrs","value":1},{"label":"17 hrs","value":0},{"label":"18 hrs","value":0},{"label":"19 hrs","value":0},{"label":"20 hrs","value":0},{"label":"21 hrs","value":1},{"label":"22 hrs","value":0},{"label":"23 hrs","value":0}]},{"source":15,"target":22,"value":36,"fill":"#BEBADA","supply":[{"label":"00 hrs","value":0},{"label":"01 hrs","value":1},{"label":"02 hrs","value":0},{"label":"03 hrs","value":0},{"label":"04 hrs","value":0},{"label":"05 hrs","value":1},{"label":"06 hrs","value":0},{"label":"07 hrs","value":0},{"label":"08 hrs","value":0},{"label":"09 hrs","value":0},{"label":"10 hrs","value":2},{"label":"11 hrs","value":1},{"label":"12 hrs","value":3},{"label":"13 hrs","value":1},{"label":"14 hrs","value":1},{"label":"15 hrs","value":0},{"label":"16 hrs","value":1},{"label":"17 hrs","value":1},{"label":"18 hrs","value":3},{"label":"19 hrs","value":7},{"label":"20 hrs","value":2},{"label":"21 hrs","value":3},{"label":"22 hrs","value":3},{"label":"23 hrs","value":6}]},{"source":15,"target":22,"value":1,"fill":"#8DD3C7","supply":[{"label":"00 hrs","value":0},{"label":"01 hrs","value":0},{"label":"02 hrs","value":0},{"label":"03 hrs","value":0},{"label":"04 hrs","value":0},{"label":"05 hrs","value":0},{"label":"06 hrs","value":0},{"label":"07 hrs","value":0},{"label":"08 hrs","value":0},{"label":"09 hrs","value":0},{"label":"10 hrs","value":0},{"label":"11 hrs","value":0},{"label":"12 hrs","value":0},{"label":"13 hrs","value":0},{"label":"14 hrs","value":0},{"label":"15 hrs","value":0},{"label":"16 hrs","value":0},{"label":"17 hrs","value":0},{"label":"18 hrs","value":0},{"label":"19 hrs","value":0},{"label":"20 hrs","value":0},{"label":"21 hrs","value":1},{"label":"22 hrs","value":0},{"label":"23 hrs","value":0}]},{"source":16,"target":22,"value":25,"fill":"#BEBADA","supply":[{"label":"00 hrs","value":2},{"label":"01 hrs","value":0},{"label":"02 hrs","value":0},{"label":"03 hrs","value":0},{"label":"04 hrs","value":0},{"label":"05 hrs","value":0},{"label":"06 hrs","value":0},{"label":"07 hrs","value":1},{"label":"08 hrs","value":0},{"label":"09 hrs","value":0},{"label":"10 hrs","value":1},{"label":"11 hrs","value":4},{"label":"12 hrs","value":1},{"label":"13 hrs","value":0},{"label":"14 hrs","value":1},{"label":"15 hrs","value":2},{"label":"16 hrs","value":4},{"label":"17 hrs","value":2},{"label":"18 hrs","value":1},{"label":"19 hrs","value":1},{"label":"20 hrs","value":2},{"label":"21 hrs","value":1},{"label":"22 hrs","value":2},{"label":"23 hrs","value":0}]},{"source":14,"target":28,"value":2,"fill":"#BEBADA","supply":[{"label":"00 hrs","value":0},{"label":"01 hrs","value":0},{"label":"02 hrs","value":0},{"label":"03 hrs","value":0},{"label":"04 hrs","value":0},{"label":"05 hrs","value":0},{"label":"06 hrs","value":0},{"label":"07 hrs","value":0},{"label":"08 hrs","value":0},{"label":"09 hrs","value":0},{"label":"10 hrs","value":0},{"label":"11 hrs","value":0},{"label":"12 hrs","value":2},{"label":"13 hrs","value":0},{"label":"14 hrs","value":0},{"label":"15 hrs","value":0},{"label":"16 hrs","value":0},{"label":"17 hrs","value":0},{"label":"18 hrs","value":0},{"label":"19 hrs","value":0},{"label":"20 hrs","value":0},{"label":"21 hrs","value":0},{"label":"22 hrs","value":0},{"label":"23 hrs","value":0}]},{"source":15,"target":28,"value":2,"fill":"#BEBADA","supply":[{"label":"00 hrs","value":1},{"label":"01 hrs","value":0},{"label":"02 hrs","value":0},{"label":"03 hrs","value":0},{"label":"04 hrs","value":0},{"label":"05 hrs","value":0},{"label":"06 hrs","value":0},{"label":"07 hrs","value":0},{"label":"08 hrs","value":0},{"label":"09 hrs","value":0},{"label":"10 hrs","value":0},{"label":"11 hrs","value":1},{"label":"12 hrs","value":0},{"label":"13 hrs","value":0},{"label":"14 hrs","value":0},{"label":"15 hrs","value":0},{"label":"16 hrs","value":0},{"label":"17 hrs","value":0},{"label":"18 hrs","value":0},{"label":"19 hrs","value":0},{"label":"20 hrs","value":0},{"label":"21 hrs","value":0},{"label":"22 hrs","value":0},{"label":"23 hrs","value":0}]},{"source":16,"target":28,"value":24,"fill":"#BEBADA","supply":[{"label":"00 hrs","value":0},{"label":"01 hrs","value":0},{"label":"02 hrs","value":2},{"label":"03 hrs","value":1},{"label":"04 hrs","value":0},{"label":"05 hrs","value":0},{"label":"06 hrs","value":1},{"label":"07 hrs","value":2},{"label":"08 hrs","value":0},{"label":"09 hrs","value":2},{"label":"10 hrs","value":0},{"label":"11 hrs","value":2},{"label":"12 hrs","value":2},{"label":"13 hrs","value":2},{"label":"14 hrs","value":4},{"label":"15 hrs","value":0},{"label":"16 hrs","value":0},{"label":"17 hrs","value":0},{"label":"18 hrs","value":3},{"label":"19 hrs","value":2},{"label":"20 hrs","value":0},{"label":"21 hrs","value":0},{"label":"22 hrs","value":1},{"label":"23 hrs","value":0}]},{"source":14,"target":19,"value":3,"fill":"#BEBADA","supply":[{"label":"00 hrs","value":0},{"label":"01 hrs","value":0},{"label":"02 hrs","value":1},{"label":"03 hrs","value":0},{"label":"04 hrs","value":0},{"label":"05 hrs","value":0},{"label":"06 hrs","value":0},{"label":"07 hrs","value":0},{"label":"08 hrs","value":0},{"label":"09 hrs","value":0},{"label":"10 hrs","value":0},{"label":"11 hrs","value":0},{"label":"12 hrs","value":0},{"label":"13 hrs","value":0},{"label":"14 hrs","value":0},{"label":"15 hrs","value":0},{"label":"16 hrs","value":0},{"label":"17 hrs","value":0},{"label":"18 hrs","value":0},{"label":"19 hrs","value":0},{"label":"20 hrs","value":0},{"label":"21 hrs","value":0},{"label":"22 hrs","value":1},{"label":"23 hrs","value":1}]},{"source":14,"target":19,"value":1,"fill":"#FCC5C0","supply":[{"label":"00 hrs","value":0},{"label":"01 hrs","value":0},{"label":"02 hrs","value":0},{"label":"03 hrs","value":0},{"label":"04 hrs","value":1},{"label":"05 hrs","value":0},{"label":"06 hrs","value":0},{"label":"07 hrs","value":0},{"label":"08 hrs","value":0},{"label":"09 hrs","value":0},{"label":"10 hrs","value":0},{"label":"11 hrs","value":0},{"label":"12 hrs","value":0},{"label":"13 hrs","value":0},{"label":"14 hrs","value":0},{"label":"15 hrs","value":0},{"label":"16 hrs","value":0},{"label":"17 hrs","value":0},{"label":"18 hrs","value":0},{"label":"19 hrs","value":0},{"label":"20 hrs","value":0},{"label":"21 hrs","value":0},{"label":"22 hrs","value":0},{"label":"23 hrs","value":0}]},{"source":14,"target":19,"value":2,"fill":"#8DD3C7","supply":[{"label":"00 hrs","value":0},{"label":"01 hrs","value":0},{"label":"02 hrs","value":0},{"label":"03 hrs","value":1},{"label":"04 hrs","value":1},{"label":"05 hrs","value":0},{"label":"06 hrs","value":0},{"label":"07 hrs","value":0},{"label":"08 hrs","value":0},{"label":"09 hrs","value":0},{"label":"10 hrs","value":0},{"label":"11 hrs","value":0},{"label":"12 hrs","value":0},{"label":"13 hrs","value":0},{"label":"14 hrs","value":0},{"label":"15 hrs","value":0},{"label":"16 hrs","value":0},{"label":"17 hrs","value":0},{"label":"18 hrs","value":0},{"label":"19 hrs","value":0},{"label":"20 hrs","value":0},{"label":"21 hrs","value":0},{"label":"22 hrs","value":0},{"label":"23 hrs","value":0}]},{"source":15,"target":19,"value":5,"fill":"#BEBADA","supply":[{"label":"00 hrs","value":1},{"label":"01 hrs","value":0},{"label":"02 hrs","value":0},{"label":"03 hrs","value":0},{"label":"04 hrs","value":0},{"label":"05 hrs","value":0},{"label":"06 hrs","value":0},{"label":"07 hrs","value":0},{"label":"08 hrs","value":0},{"label":"09 hrs","value":0},{"label":"10 hrs","value":0},{"label":"11 hrs","value":0},{"label":"12 hrs","value":0},{"label":"13 hrs","value":0},{"label":"14 hrs","value":0},{"label":"15 hrs","value":0},{"label":"16 hrs","value":0},{"label":"17 hrs","value":0},{"label":"18 hrs","value":1},{"label":"19 hrs","value":1},{"label":"20 hrs","value":1},{"label":"21 hrs","value":0},{"label":"22 hrs","value":1},{"label":"23 hrs","value":0}]},{"source":15,"target":19,"value":1,"fill":"#FCC5C0","supply":[{"label":"00 hrs","value":0},{"label":"01 hrs","value":0},{"label":"02 hrs","value":0},{"label":"03 hrs","value":0},{"label":"04 hrs","value":0},{"label":"05 hrs","value":0},{"label":"06 hrs","value":0},{"label":"07 hrs","value":0},{"label":"08 hrs","value":0},{"label":"09 hrs","value":0},{"label":"10 hrs","value":0},{"label":"11 hrs","value":0},{"label":"12 hrs","value":0},{"label":"13 hrs","value":0},{"label":"14 hrs","value":0},{"label":"15 hrs","value":0},{"label":"16 hrs","value":0},{"label":"17 hrs","value":0},{"label":"18 hrs","value":0},{"label":"19 hrs","value":0},{"label":"20 hrs","value":0},{"label":"21 hrs","value":0},{"label":"22 hrs","value":0},{"label":"23 hrs","value":1}]},{"source":15,"target":19,"value":2,"fill":"#8DD3C7","supply":[{"label":"00 hrs","value":0},{"label":"01 hrs","value":0},{"label":"02 hrs","value":0},{"label":"03 hrs","value":0},{"label":"04 hrs","value":0},{"label":"05 hrs","value":0},{"label":"06 hrs","value":0},{"label":"07 hrs","value":0},{"label":"08 hrs","value":0},{"label":"09 hrs","value":0},{"label":"10 hrs","value":0},{"label":"11 hrs","value":0},{"label":"12 hrs","value":0},{"label":"13 hrs","value":0},{"label":"14 hrs","value":0},{"label":"15 hrs","value":0},{"label":"16 hrs","value":0},{"label":"17 hrs","value":0},{"label":"18 hrs","value":0},{"label":"19 hrs","value":1},{"label":"20 hrs","value":0},{"label":"21 hrs","value":0},{"label":"22 hrs","value":0},{"label":"23 hrs","value":1}]},{"source":16,"target":19,"value":2,"fill":"#BEBADA","supply":[{"label":"00 hrs","value":1},{"label":"01 hrs","value":0},{"label":"02 hrs","value":0},{"label":"03 hrs","value":0},{"label":"04 hrs","value":0},{"label":"05 hrs","value":0},{"label":"06 hrs","value":0},{"label":"07 hrs","value":0},{"label":"08 hrs","value":0},{"label":"09 hrs","value":0},{"label":"10 hrs","value":0},{"label":"11 hrs","value":0},{"label":"12 hrs","value":0},{"label":"13 hrs","value":0},{"label":"14 hrs","value":0},{"label":"15 hrs","value":0},{"label":"16 hrs","value":0},{"label":"17 hrs","value":0},{"label":"18 hrs","value":0},{"label":"19 hrs","value":1},{"label":"20 hrs","value":0},{"label":"21 hrs","value":0},{"label":"22 hrs","value":0},{"label":"23 hrs","value":0}]},{"source":16,"target":19,"value":1,"fill":"#FCC5C0","supply":[{"label":"00 hrs","value":0},{"label":"01 hrs","value":1},{"label":"02 hrs","value":0},{"label":"03 hrs","value":0},{"label":"04 hrs","value":0},{"label":"05 hrs","value":0},{"label":"06 hrs","value":0},{"label":"07 hrs","value":0},{"label":"08 hrs","value":0},{"label":"09 hrs","value":0},{"label":"10 hrs","value":0},{"label":"11 hrs","value":0},{"label":"12 hrs","value":0},{"label":"13 hrs","value":0},{"label":"14 hrs","value":0},{"label":"15 hrs","value":0},{"label":"16 hrs","value":0},{"label":"17 hrs","value":0},{"label":"18 hrs","value":0},{"label":"19 hrs","value":0},{"label":"20 hrs","value":0},{"label":"21 hrs","value":0},{"label":"22 hrs","value":0},{"label":"23 hrs","value":0}]},{"source":15,"target":21,"value":2,"fill":"#BEBADA","supply":[{"label":"00 hrs","value":0},{"label":"01 hrs","value":0},{"label":"02 hrs","value":0},{"label":"03 hrs","value":0},{"label":"04 hrs","value":0},{"label":"05 hrs","value":0},{"label":"06 hrs","value":0},{"label":"07 hrs","value":0},{"label":"08 hrs","value":0},{"label":"09 hrs","value":0},{"label":"10 hrs","value":0},{"label":"11 hrs","value":1},{"label":"12 hrs","value":0},{"label":"13 hrs","value":0},{"label":"14 hrs","value":0},{"label":"15 hrs","value":0},{"label":"16 hrs","value":0},{"label":"17 hrs","value":0},{"label":"18 hrs","value":0},{"label":"19 hrs","value":0},{"label":"20 hrs","value":0},{"label":"21 hrs","value":0},{"label":"22 hrs","value":0},{"label":"23 hrs","value":1}]},{"source":15,"target":27,"value":1,"fill":"#BEBADA","supply":[{"label":"00 hrs","value":0},{"label":"01 hrs","value":0},{"label":"02 hrs","value":0},{"label":"03 hrs","value":0},{"label":"04 hrs","value":0},{"label":"05 hrs","value":0},{"label":"06 hrs","value":0},{"label":"07 hrs","value":0},{"label":"08 hrs","value":0},{"label":"09 hrs","value":0},{"label":"10 hrs","value":0},{"label":"11 hrs","value":0},{"label":"12 hrs","value":0},{"label":"13 hrs","value":1},{"label":"14 hrs","value":0},{"label":"15 hrs","value":0},{"label":"16 hrs","value":0},{"label":"17 hrs","value":0},{"label":"18 hrs","value":0},{"label":"19 hrs","value":0},{"label":"20 hrs","value":0},{"label":"21 hrs","value":0},{"label":"22 hrs","value":0},{"label":"23 hrs","value":0}]},{"source":16,"target":25,"value":5,"fill":"#BEBADA","supply":[{"label":"00 hrs","value":0},{"label":"01 hrs","value":0},{"label":"02 hrs","value":0},{"label":"03 hrs","value":0},{"label":"04 hrs","value":0},{"label":"05 hrs","value":1},{"label":"06 hrs","value":0},{"label":"07 hrs","value":0},{"label":"08 hrs","value":0},{"label":"09 hrs","value":1},{"label":"10 hrs","value":0},{"label":"11 hrs","value":0},{"label":"12 hrs","value":0},{"label":"13 hrs","value":0},{"label":"14 hrs","value":0},{"label":"15 hrs","value":0},{"label":"16 hrs","value":0},{"label":"17 hrs","value":0},{"label":"18 hrs","value":0},{"label":"19 hrs","value":0},{"label":"20 hrs","value":2},{"label":"21 hrs","value":0},{"label":"22 hrs","value":1},{"label":"23 hrs","value":0}]},{"source":16,"target":18,"value":7,"fill":"#BEBADA","supply":[{"label":"00 hrs","value":1},{"label":"01 hrs","value":0},{"label":"02 hrs","value":0},{"label":"03 hrs","value":2},{"label":"04 hrs","value":0},{"label":"05 hrs","value":0},{"label":"06 hrs","value":0},{"label":"07 hrs","value":0},{"label":"08 hrs","value":1},{"label":"09 hrs","value":0},{"label":"10 hrs","value":1},{"label":"11 hrs","value":0},{"label":"12 hrs","value":0},{"label":"13 hrs","value":0},{"label":"14 hrs","value":0},{"label":"15 hrs","value":0},{"label":"16 hrs","value":0},{"label":"17 hrs","value":0},{"label":"18 hrs","value":2},{"label":"19 hrs","value":0},{"label":"20 hrs","value":0},{"label":"21 hrs","value":0},{"label":"22 hrs","value":0},{"label":"23 hrs","value":0}]}]}