{
  "nodes": [
    {"layer": 1,"name": "Health Advisor  HA ","fill": "#8C2D04"},
    {"layer": 1,"name": "Clinical Advisor  CA ","fill": "#8C2D04"},
    {"layer": 1,"name": "LAS 999 Callers  HCP5 ","fill": "#8C2D04"},
    {"layer": 1,"name": "Care Home Callers  HCP6 ","fill": "#8C2D04"},
    {"layer": 1,"name": "Rapid Response  HCP7 ","fill": "#8C2D04"},
    {"layer": 1,"name": "Worsening  HAW ","fill": "#8C2D04"},
    {"layer": 1,"name": "Admin","fill": "#8C2D04"},
    {"layer": 1,"name": "Dental","fill": "#8C2D04"},
    {"layer": 1,"name": "No Destination Call Type","fill": "#8C2D04"},
    {"layer": 1,"name": "Other","fill": "#8C2D04"},
    {"layer": 1,"name": "Dental","fill": "#8C2D04"},
    {"layer": 2,"name": "InHealth","fill": "#D94801"},
    {"layer": 2,"name": "NEL 111","fill": "#D94801"},
    {"layer": 1,"name": "111 Online","fill": "#D94801"},
    {"layer": 3,"name": "Health Advisor","fill": "#F16913"},
    {"layer": 3,"name": "Pathways GP/OLC Clinician","fill": "#F16913"},
    {"layer": 3,"name": "Service Advisor","fill": "#F16913"},
    {"layer": 3,"name": "Pathways Clinician","fill": "#F16913"},
    {"layer": 5,"name": "Health Advisor","fill": "#FD8D3C"},
    {"layer": 5,"name": "Pathways Clinician","fill": "#FD8D3C"},
    {"layer": 5,"name": "Pathways GP/OLC Clinician","fill": "#FD8D3C"},
    {"layer": 5,"name": "Service Advisor","fill": "#FD8D3C"},
    {"layer": 6,"name": "999","fill": "#FDAE6B"},
    {"layer": 6,"name": "Care Home","fill": "#FDAE6B"},
    {"layer": 6,"name": "Dental","fill": "#FDAE6B"},
    {"layer": 6,"name": "District/Community Nurse","fill": "#FDAE6B"},
    {"layer": 6,"name": "ED","fill": "#FDAE6B"},
    {"layer": 6,"name": "GP/GP Extended Hours/GP Choice/Hub","fill": "#FDAE6B"},
    {"layer": 6,"name": "IUC CAS/Calls/Treatment","fill": "#FDAE6B"},
    {"layer": 6,"name": "Mental Health","fill": "#FDAE6B"},
    {"layer": 6,"name": "MIU/UTC/UCC/WiC","fill": "#FDAE6B"},
    {"layer": 6,"name": "Other","fill": "#FDAE6B"},
    {"layer": 6,"name": "Specialist Services","fill": "#FDAE6B"}
  ],
  "links": [{"source": 0,"target": 12,"value": 1201,"fill": "#BEBADA","supply": [{"label": "00 hrs","value": 13}, {"label": "01 hrs","value": 23}, {"label": "02 hrs","value": 21}, {"label": "03 hrs","value": 13}, {"label": "04 hrs","value": 18}, {"label": "05 hrs","value": 21}, {"label": "06 hrs","value": 16}, {"label": "07 hrs","value": 35}, {"label": "08 hrs","value": 54}, {"label": "09 hrs","value": 73}, {"label": "10 hrs","value": 94}, {"label": "11 hrs","value": 97}, {"label": "12 hrs","value": 62}, {"label": "13 hrs","value": 76}, {"label": "14 hrs","value": 77}, {"label": "15 hrs","value": 61}, {"label": "16 hrs","value": 78}, {"label": "17 hrs","value": 63}, {"label": "18 hrs","value": 65}, {"label": "19 hrs","value": 65}, {"label": "20 hrs","value": 54}, {"label": "21 hrs","value": 45}, {"label": "22 hrs","value": 51}, {"label": "23 hrs","value": 26}],"supplyDx": [{"label": "","value": 0}],"supplyService": [{"label": "","value": 0}],"supplyBook": [{"label": "","value": 0}]}, {"source": 1,"target": 12,"value": 11,"fill": "#FCC5C0","supply": [{"label": "00 hrs","value": 0}, {"label": "01 hrs","value": 1}, {"label": "02 hrs","value": 0}, {"label": "03 hrs","value": 0}, {"label": "04 hrs","value": 0}, {"label": "05 hrs","value": 0}, {"label": "06 hrs","value": 1}, {"label": "07 hrs","value": 0}, {"label": "08 hrs","value": 0}, {"label": "09 hrs","value": 0}, {"label": "10 hrs","value": 0}, {"label": "11 hrs","value": 0}, {"label": "12 hrs","value": 1}, {"label": "13 hrs","value": 2}, {"label": "14 hrs","value": 0}, {"label": "15 hrs","value": 0}, {"label": "16 hrs","value": 1}, {"label": "17 hrs","value": 0}, {"label": "18 hrs","value": 2}, {"label": "19 hrs","value": 0}, {"label": "20 hrs","value": 2}, {"label": "21 hrs","value": 1}, {"label": "22 hrs","value": 0}, {"label": "23 hrs","value": 0}],"supplyDx": [{"label": "","value": 0}],"supplyService": [{"label": "","value": 0}],"supplyBook": [{"label": "","value": 0}]}, {"source": 2,"target": 12,"value": 10,"fill": "#8DD3C7","supply": [{"label": "00 hrs","value": 0}, {"label": "01 hrs","value": 0}, {"label": "02 hrs","value": 0}, {"label": "03 hrs","value": 0}, {"label": "04 hrs","value": 2}, {"label": "05 hrs","value": 0}, {"label": "06 hrs","value": 0}, {"label": "07 hrs","value": 0}, {"label": "08 hrs","value": 0}, {"label": "09 hrs","value": 0}, {"label": "10 hrs","value": 0}, {"label": "11 hrs","value": 0}, {"label": "12 hrs","value": 0}, {"label": "13 hrs","value": 0}, {"label": "14 hrs","value": 1}, {"label": "15 hrs","value": 2}, {"label": "16 hrs","value": 0}, {"label": "17 hrs","value": 0}, {"label": "18 hrs","value": 0}, {"label": "19 hrs","value": 1}, {"label": "20 hrs","value": 1}, {"label": "21 hrs","value": 1}, {"label": "22 hrs","value": 1}, {"label": "23 hrs","value": 1}],"supplyDx": [{"label": "","value": 0}],"supplyService": [{"label": "","value": 0}],"supplyBook": [{"label": "","value": 0}]}, {"source": 3,"target": 12,"value": 11,"fill": "#8DD3C7","supply": [{"label": "00 hrs","value": 0}, {"label": "01 hrs","value": 0}, {"label": "02 hrs","value": 2}, {"label": "03 hrs","value": 1}, {"label": "04 hrs","value": 1}, {"label": "05 hrs","value": 0}, {"label": "06 hrs","value": 0}, {"label": "07 hrs","value": 0}, {"label": "08 hrs","value": 0}, {"label": "09 hrs","value": 0}, {"label": "10 hrs","value": 1}, {"label": "11 hrs","value": 0}, {"label": "12 hrs","value": 0}, {"label": "13 hrs","value": 0}, {"label": "14 hrs","value": 0}, {"label": "15 hrs","value": 0}, {"label": "16 hrs","value": 0}, {"label": "17 hrs","value": 0}, {"label": "18 hrs","value": 0}, {"label": "19 hrs","value": 1}, {"label": "20 hrs","value": 3}, {"label": "21 hrs","value": 2}, {"label": "22 hrs","value": 0}, {"label": "23 hrs","value": 0}],"supplyDx": [{"label": "","value": 0}],"supplyService": [{"label": "","value": 0}],"supplyBook": [{"label": "","value": 0}]}, {"source": 4,"target": 12,"value": 1,"fill": "#8DD3C7","supply": [{"label": "00 hrs","value": 0}, {"label": "01 hrs","value": 0}, {"label": "02 hrs","value": 0}, {"label": "03 hrs","value": 0}, {"label": "04 hrs","value": 0}, {"label": "05 hrs","value": 0}, {"label": "06 hrs","value": 0}, {"label": "07 hrs","value": 0}, {"label": "08 hrs","value": 0}, {"label": "09 hrs","value": 0}, {"label": "10 hrs","value": 0}, {"label": "11 hrs","value": 0}, {"label": "12 hrs","value": 0}, {"label": "13 hrs","value": 0}, {"label": "14 hrs","value": 0}, {"label": "15 hrs","value": 0}, {"label": "16 hrs","value": 0}, {"label": "17 hrs","value": 0}, {"label": "18 hrs","value": 0}, {"label": "19 hrs","value": 0}, {"label": "20 hrs","value": 0}, {"label": "21 hrs","value": 0}, {"label": "22 hrs","value": 0}, {"label": "23 hrs","value": 1}],"supplyDx": [{"label": "","value": 0}],"supplyService": [{"label": "","value": 0}],"supplyBook": [{"label": "","value": 0}]}, {"source": 5,"target": 12,"value": 65,"fill": "#A65628","supply": [{"label": "00 hrs","value": 1}, {"label": "01 hrs","value": 1}, {"label": "02 hrs","value": 2}, {"label": "03 hrs","value": 2}, {"label": "04 hrs","value": 1}, {"label": "05 hrs","value": 5}, {"label": "06 hrs","value": 1}, {"label": "07 hrs","value": 1}, {"label": "08 hrs","value": 1}, {"label": "09 hrs","value": 6}, {"label": "10 hrs","value": 5}, {"label": "11 hrs","value": 1}, {"label": "12 hrs","value": 3}, {"label": "13 hrs","value": 9}, {"label": "14 hrs","value": 0}, {"label": "15 hrs","value": 3}, {"label": "16 hrs","value": 7}, {"label": "17 hrs","value": 1}, {"label": "18 hrs","value": 4}, {"label": "19 hrs","value": 2}, {"label": "20 hrs","value": 0}, {"label": "21 hrs","value": 7}, {"label": "22 hrs","value": 1}, {"label": "23 hrs","value": 1}],"supplyDx": [{"label": "","value": 0}],"supplyService": [{"label": "","value": 0}],"supplyBook": [{"label": "","value": 0}]}, {"source": 6,"target": 12,"value": 108,"fill": "#FB8072","supply": [{"label": "00 hrs","value": 0}, {"label": "01 hrs","value": 0}, {"label": "02 hrs","value": 4}, {"label": "03 hrs","value": 1}, {"label": "04 hrs","value": 0}, {"label": "05 hrs","value": 2}, {"label": "06 hrs","value": 0}, {"label": "07 hrs","value": 1}, {"label": "08 hrs","value": 0}, {"label": "09 hrs","value": 6}, {"label": "10 hrs","value": 13}, {"label": "11 hrs","value": 11}, {"label": "12 hrs","value": 10}, {"label": "13 hrs","value": 6}, {"label": "14 hrs","value": 10}, {"label": "15 hrs","value": 6}, {"label": "16 hrs","value": 8}, {"label": "17 hrs","value": 7}, {"label": "18 hrs","value": 6}, {"label": "19 hrs","value": 4}, {"label": "20 hrs","value": 6}, {"label": "21 hrs","value": 3}, {"label": "22 hrs","value": 3}, {"label": "23 hrs","value": 1}],"supplyDx": [{"label": "","value": 0}],"supplyService": [{"label": "","value": 0}],"supplyBook": [{"label": "","value": 0}]}, {"source": 7,"target": 12,"value": 87,"fill": "#FF7F00","supply": [{"label": "00 hrs","value": 0}, {"label": "01 hrs","value": 0}, {"label": "02 hrs","value": 3}, {"label": "03 hrs","value": 2}, {"label": "04 hrs","value": 2}, {"label": "05 hrs","value": 2}, {"label": "06 hrs","value": 0}, {"label": "07 hrs","value": 1}, {"label": "08 hrs","value": 2}, {"label": "09 hrs","value": 4}, {"label": "10 hrs","value": 7}, {"label": "11 hrs","value": 4}, {"label": "12 hrs","value": 4}, {"label": "13 hrs","value": 2}, {"label": "14 hrs","value": 7}, {"label": "15 hrs","value": 2}, {"label": "16 hrs","value": 1}, {"label": "17 hrs","value": 10}, {"label": "18 hrs","value": 12}, {"label": "19 hrs","value": 7}, {"label": "20 hrs","value": 5}, {"label": "21 hrs","value": 2}, {"label": "22 hrs","value": 4}, {"label": "23 hrs","value": 4}],"supplyDx": [{"label": "","value": 0}],"supplyService": [{"label": "","value": 0}],"supplyBook": [{"label": "","value": 0}]}, {"source": 8,"target": 12,"value": 940,"fill": "#BEBADA","supply": [{"label": "00 hrs","value": 28}, {"label": "01 hrs","value": 7}, {"label": "02 hrs","value": 4}, {"label": "03 hrs","value": 6}, {"label": "04 hrs","value": 8}, {"label": "05 hrs","value": 4}, {"label": "06 hrs","value": 11}, {"label": "07 hrs","value": 14}, {"label": "08 hrs","value": 53}, {"label": "09 hrs","value": 108}, {"label": "10 hrs","value": 106}, {"label": "11 hrs","value": 75}, {"label": "12 hrs","value": 85}, {"label": "13 hrs","value": 72}, {"label": "14 hrs","value": 81}, {"label": "15 hrs","value": 71}, {"label": "16 hrs","value": 34}, {"label": "17 hrs","value": 38}, {"label": "18 hrs","value": 26}, {"label": "19 hrs","value": 27}, {"label": "20 hrs","value": 22}, {"label": "21 hrs","value": 26}, {"label": "22 hrs","value": 22}, {"label": "23 hrs","value": 12}],"supplyDx": [{"label": "","value": 0}],"supplyService": [{"label": "","value": 0}],"supplyBook": [{"label": "","value": 0}]}, {"source": 9,"target": 11,"value": 878,"fill": "#BEBADA","supply": [{"label": "00 hrs","value": 0}, {"label": "01 hrs","value": 0}, {"label": "02 hrs","value": 0}, {"label": "03 hrs","value": 0}, {"label": "04 hrs","value": 0}, {"label": "05 hrs","value": 0}, {"label": "06 hrs","value": 0}, {"label": "07 hrs","value": 0}, {"label": "08 hrs","value": 29}, {"label": "09 hrs","value": 63}, {"label": "10 hrs","value": 82}, {"label": "11 hrs","value": 84}, {"label": "12 hrs","value": 56}, {"label": "13 hrs","value": 66}, {"label": "14 hrs","value": 63}, {"label": "15 hrs","value": 59}, {"label": "16 hrs","value": 63}, {"label": "17 hrs","value": 56}, {"label": "18 hrs","value": 54}, {"label": "19 hrs","value": 53}, {"label": "20 hrs","value": 46}, {"label": "21 hrs","value": 42}, {"label": "22 hrs","value": 45}, {"label": "23 hrs","value": 17}],"supplyDx": [{"label": "","value": 0}],"supplyService": [{"label": "","value": 0}],"supplyBook": [{"label": "","value": 0}]}, {"source": 10,"target": 11,"value": 57,"fill": "#FF7F00","supply": [{"label": "00 hrs","value": 0}, {"label": "01 hrs","value": 0}, {"label": "02 hrs","value": 0}, {"label": "03 hrs","value": 0}, {"label": "04 hrs","value": 0}, {"label": "05 hrs","value": 0}, {"label": "06 hrs","value": 0}, {"label": "07 hrs","value": 0}, {"label": "08 hrs","value": 0}, {"label": "09 hrs","value": 0}, {"label": "10 hrs","value": 0}, {"label": "11 hrs","value": 2}, {"label": "12 hrs","value": 4}, {"label": "13 hrs","value": 2}, {"label": "14 hrs","value": 6}, {"label": "15 hrs","value": 3}, {"label": "16 hrs","value": 1}, {"label": "17 hrs","value": 8}, {"label": "18 hrs","value": 11}, {"label": "19 hrs","value": 6}, {"label": "20 hrs","value": 3}, {"label": "21 hrs","value": 3}, {"label": "22 hrs","value": 3}, {"label": "23 hrs","value": 5}],"supplyDx": [{"label": "","value": 0}],"supplyService": [{"label": "","value": 0}],"supplyBook": [{"label": "","value": 0}]}, {"source": 13,"target": 12,"value": 110,"fill": "#BEBADA","supply": [{"label": "00 hrs","value": 2}, {"label": "01 hrs","value": 1}, {"label": "02 hrs","value": 1}, {"label": "06 hrs","value": 1}, {"label": "07 hrs","value": 3}, {"label": "08 hrs","value": 6}, {"label": "09 hrs","value": 14}, {"label": "10 hrs","value": 15}, {"label": "11 hrs","value": 7}, {"label": "12 hrs","value": 11}, {"label": "13 hrs","value": 5}, {"label": "14 hrs","value": 7}, {"label": "15 hrs","value": 4}, {"label": "16 hrs","value": 11}, {"label": "17 hrs","value": 3}, {"label": "18 hrs","value": 8}, {"label": "19 hrs","value": 5}, {"label": "21 hrs","value": 2}, {"label": "22 hrs","value": 2}, {"label": "23 hrs","value": 2}],"supplyDx": [{"label": "","value": 2}, {"label": "Dx06","value": 2}],"supplyService": [{"label": "Dental Emergency","value": 2}, {"label": "Integrated Urgent Care (IUC) Treatment Service","value": 1}, {"label": "Walk-In Centre (WIC)","value": 1}],"supplyBook": [{"label": "FALSE","value": 2}, {"label": "TRUE","value": 2}]}, {"source": 12,"target": 14,"value": 25,"fill": "#FCC5C0","supply": [{"label": "01 hrs","value": 2}, {"label": "02 hrs","value": 1}, {"label": "11 hrs","value": 1}, {"label": "13 hrs","value": 4}, {"label": "16 hrs","value": 1}, {"label": "18 hrs","value": 2}, {"label": "19 hrs","value": 2}, {"label": "20 hrs","value": 5}, {"label": "21 hrs","value": 4}, {"label": "23 hrs","value": 3}],"supplyDx": [{"label": "Dx01121","value": 1}, {"label": "Dx0114","value": 1}, {"label": "Dx012","value": 1}, {"label": "Dx108","value": 4}, {"label": "Dx116","value": 2}, {"label": "Dx32","value": 2}, {"label": "Dx333","value": 1}, {"label": "Dx335","value": 10}, {"label": "Dx76","value": 1}, {"label": "Dx77","value": 1}, {"label": "Dx85","value": 1}],"supplyService": [{"label": "","value": 16}, {"label": "(Capacity) Burns (B)","value": 1}, {"label": "Care Home","value": 1}, {"label": "GP Practice","value": 1}, {"label": "Integrated Urgent Care (IUC) Treatment Service","value": 5}, {"label": "Pharmacy","value": 1}],"supplyBook": [{"label": "FALSE","value": 21}, {"label": "TRUE","value": 4}]}, {"source": 12,"target": 17,"value": 1,"fill": "#FCC5C0","supply": [{"label": "13 hrs","value": 1}],"supplyDx": [{"label": "","value": 1}],"supplyService": [{"label": "District/Community Nurse","value": 1}],"supplyBook": [{"label": "FALSE","value": 1}]}, {"source": 12,"target": 16,"value": 1,"fill": "#FCC5C0","supply": [{"label": "05 hrs","value": 1}],"supplyDx": [{"label": "","value": 1}],"supplyService": [{"label": "","value": 1}],"supplyBook": [{"label": "FALSE","value": 1}]}, {"source": 12,"target": 14,"value": 30,"fill": "#8DD3C7","supply": [{"label": "00 hrs","value": 1}, {"label": "01 hrs","value": 1}, {"label": "02 hrs","value": 1}, {"label": "04 hrs","value": 3}, {"label": "05 hrs","value": 2}, {"label": "06 hrs","value": 2}, {"label": "07 hrs","value": 2}, {"label": "09 hrs","value": 1}, {"label": "12 hrs","value": 1}, {"label": "16 hrs","value": 2}, {"label": "19 hrs","value": 2}, {"label": "20 hrs","value": 3}, {"label": "21 hrs","value": 6}, {"label": "22 hrs","value": 1}, {"label": "23 hrs","value": 2}],"supplyDx": [{"label": "Dx0117","value": 1}, {"label": "Dx108","value": 1}, {"label": "Dx1113","value": 1}, {"label": "Dx116","value": 7}, {"label": "Dx32","value": 1}, {"label": "Dx325","value": 1}, {"label": "Dx335","value": 2}, {"label": "Dx336","value": 10}, {"label": "Dx391","value": 1}, {"label": "Dx76","value": 3}, {"label": "Dx77","value": 2}],"supplyService": [{"label": "","value": 11}, {"label": "Care Home","value": 5}, {"label": "GP Practice","value": 6}, {"label": "Integrated Urgent Care (IUC) Clinical Assessment Service (CAS)","value": 3}, {"label": "Integrated Urgent Care (IUC) Treatment Service","value": 3}, {"label": "Urgent Treatment Centre (UTC)","value": 2}],"supplyBook": [{"label": "FALSE","value": 28}, {"label": "TRUE","value": 2}]}, {"source": 12,"target": 14,"value": 986,"fill": "#BEBADA","supply": [{"label": "00 hrs","value": 31}, {"label": "01 hrs","value": 19}, {"label": "02 hrs","value": 26}, {"label": "03 hrs","value": 20}, {"label": "04 hrs","value": 13}, {"label": "05 hrs","value": 18}, {"label": "06 hrs","value": 17}, {"label": "07 hrs","value": 20}, {"label": "08 hrs","value": 30}, {"label": "09 hrs","value": 53}, {"label": "10 hrs","value": 57}, {"label": "11 hrs","value": 63}, {"label": "12 hrs","value": 58}, {"label": "13 hrs","value": 64}, {"label": "14 hrs","value": 55}, {"label": "15 hrs","value": 56}, {"label": "16 hrs","value": 47}, {"label": "17 hrs","value": 62}, {"label": "18 hrs","value": 50}, {"label": "19 hrs","value": 57}, {"label": "20 hrs","value": 44}, {"label": "21 hrs","value": 49}, {"label": "22 hrs","value": 42}, {"label": "23 hrs","value": 35}],"supplyDx": [{"label": "","value": 5}, {"label": "Dx0101","value": 1}, {"label": "Dx01010","value": 1}, {"label": "Dx0111","value": 1}, {"label": "Dx0112","value": 23}, {"label": "Dx01121","value": 3}, {"label": "Dx01125","value": 7}, {"label": "Dx0113","value": 2}, {"label": "Dx0114","value": 3}, {"label": "Dx0116","value": 4}, {"label": "Dx0117","value": 3}, {"label": "Dx0119","value": 2}, {"label": "Dx0124","value": 1}, {"label": "Dx014","value": 1}, {"label": "Dx02","value": 26}, {"label": "Dx03","value": 10}, {"label": "Dx05","value": 74}, {"label": "Dx06","value": 38}, {"label": "Dx07","value": 29}, {"label": "Dx08","value": 36}, {"label": "Dx09","value": 4}, {"label": "Dx10","value": 2}, {"label": "Dx106","value": 1}, {"label": "Dx108","value": 61}, {"label": "Dx11","value": 31}, {"label": "Dx1112","value": 7}, {"label": "Dx1113","value": 24}, {"label": "Dx1114","value": 21}, {"label": "Dx1115","value": 39}, {"label": "Dx1116","value": 15}, {"label": "Dx116","value": 5}, {"label": "Dx12","value": 5}, {"label": "Dx13","value": 1}, {"label": "Dx15","value": 5}, {"label": "Dx16","value": 5}, {"label": "Dx18","value": 3}, {"label": "Dx19","value": 2}, {"label": "Dx20","value": 15}, {"label": "Dx21","value": 34}, {"label": "Dx22","value": 6}, {"label": "Dx28","value": 7}, {"label": "Dx31","value": 1}, {"label": "Dx32","value": 20}, {"label": "Dx321","value": 3}, {"label": "Dx322","value": 6}, {"label": "Dx323","value": 4}, {"label": "Dx324","value": 3}, {"label": "Dx325","value": 8}, {"label": "Dx333","value": 111}, {"label": "Dx334","value": 40}, {"label": "Dx335","value": 69}, {"label": "Dx336","value": 1}, {"label": "Dx337","value": 2}, {"label": "Dx339","value": 12}, {"label": "Dx35","value": 15}, {"label": "Dx38","value": 14}, {"label": "Dx391","value": 38}, {"label": "Dx46","value": 3}, {"label": "Dx75","value": 13}, {"label": "Dx76","value": 2}, {"label": "Dx77","value": 18}, {"label": "Dx78","value": 1}, {"label": "Dx81","value": 2}, {"label": "Dx82","value": 4}, {"label": "Dx85","value": 17}, {"label": "Dx86","value": 3}, {"label": "Dx92","value": 2}, {"label": "Dx93","value": 4}, {"label": "Dx96","value": 7}],"supplyService": [{"label": "","value": 353}, {"label": "(Capacity) Burns (B)","value": 9}, {"label": "Care Home","value": 12}, {"label": "Dental Emergency","value": 58}, {"label": "Dental Service","value": 5}, {"label": "District/Community Nurse","value": 1}, {"label": "Emergency Department (ED)","value": 49}, {"label": "Emergency Department (ED) Specialist","value": 1}, {"label": "GP Practice","value": 151}, {"label": "GP Practice Extended Hours","value": 65}, {"label": "Integrated Urgent Care (IUC) Clinical Assessment Service (CAS)","value": 7}, {"label": "Integrated Urgent Care (IUC) NHS 111 Call Handling Provider","value": 4}, {"label": "Integrated Urgent Care (IUC) Treatment Service","value": 130}, {"label": "Intermediate Care","value": 1}, {"label": "Mental Health","value": 3}, {"label": "NHS Ambulance Service","value": 8}, {"label": "Optician Enhanced Service","value": 2}, {"label": "Pharmacy","value": 20}, {"label": "Pharmacy Enhanced Service","value": 2}, {"label": "Safeguarding","value": 1}, {"label": "Sexual Health","value": 1}, {"label": "Urgent Care Centre (UCC)","value": 17}, {"label": "Urgent Treatment Centre (UTC)","value": 21}, {"label": "Walk-In Centre (WIC)","value": 65}],"supplyBook": [{"label": "FALSE","value": 745}, {"label": "TRUE","value": 241}]}, {"source": 12,"target": 17,"value": 79,"fill": "#BEBADA","supply": [{"label": "00 hrs","value": 1}, {"label": "01 hrs","value": 1}, {"label": "02 hrs","value": 1}, {"label": "03 hrs","value": 1}, {"label": "06 hrs","value": 1}, {"label": "07 hrs","value": 5}, {"label": "08 hrs","value": 6}, {"label": "09 hrs","value": 11}, {"label": "10 hrs","value": 10}, {"label": "11 hrs","value": 5}, {"label": "12 hrs","value": 7}, {"label": "13 hrs","value": 2}, {"label": "14 hrs","value": 1}, {"label": "15 hrs","value": 4}, {"label": "16 hrs","value": 6}, {"label": "17 hrs","value": 1}, {"label": "18 hrs","value": 2}, {"label": "20 hrs","value": 2}, {"label": "21 hrs","value": 5}, {"label": "22 hrs","value": 4}, {"label": "23 hrs","value": 3}],"supplyDx": [{"label": "","value": 72}, {"label": "Dx05","value": 3}, {"label": "Dx06","value": 2}, {"label": "Dx25","value": 2}],"supplyService": [{"label": "","value": 15}, {"label": "Dental Emergency","value": 22}, {"label": "District/Community Nurse","value": 2}, {"label": "Emergency Department (ED)","value": 1}, {"label": "GP Practice","value": 2}, {"label": "GP Practice Extended Hours","value": 2}, {"label": "Integrated Urgent Care (IUC) Clinical Assessment Service (CAS)","value": 1}, {"label": "Integrated Urgent Care (IUC) Treatment Service","value": 12}, {"label": "Mental Health","value": 1}, {"label": "Urgent Treatment Centre (UTC)","value": 1}, {"label": "Walk-In Centre (WIC)","value": 20}],"supplyBook": [{"label": "FALSE","value": 48}, {"label": "TRUE","value": 31}]}, {"source": 12,"target": 15,"value": 90,"fill": "#BEBADA","supply": [{"label": "00 hrs","value": 3}, {"label": "02 hrs","value": 1}, {"label": "04 hrs","value": 1}, {"label": "07 hrs","value": 3}, {"label": "09 hrs","value": 6}, {"label": "10 hrs","value": 8}, {"label": "11 hrs","value": 3}, {"label": "12 hrs","value": 6}, {"label": "13 hrs","value": 5}, {"label": "14 hrs","value": 9}, {"label": "15 hrs","value": 7}, {"label": "16 hrs","value": 10}, {"label": "17 hrs","value": 5}, {"label": "18 hrs","value": 10}, {"label": "19 hrs","value": 7}, {"label": "21 hrs","value": 2}, {"label": "22 hrs","value": 1}, {"label": "23 hrs","value": 3}],"supplyDx": [{"label": "Dx011","value": 2}, {"label": "Dx012","value": 1}, {"label": "Dx01214","value": 1}, {"label": "Dx02","value": 1}, {"label": "Dx03","value": 1}, {"label": "Dx05","value": 3}, {"label": "Dx06","value": 12}, {"label": "Dx07","value": 3}, {"label": "Dx08","value": 1}, {"label": "Dx108","value": 4}, {"label": "Dx11","value": 2}, {"label": "Dx118","value": 9}, {"label": "Dx13","value": 1}, {"label": "Dx18","value": 7}, {"label": "Dx19","value": 6}, {"label": "Dx20","value": 3}, {"label": "Dx25","value": 9}, {"label": "Dx391","value": 6}, {"label": "Dx88","value": 18}],"supplyService": [{"label": "","value": 27}, {"label": "Dental Emergency","value": 39}, {"label": "Dental Service","value": 4}, {"label": "GP Practice","value": 4}, {"label": "GP Practice Extended Hours","value": 3}, {"label": "Integrated Urgent Care (IUC) Treatment Service","value": 6}, {"label": "Urgent Care Centre (UCC)","value": 2}, {"label": "Urgent Treatment Centre (UTC)","value": 1}, {"label": "Walk-In Centre (WIC)","value": 4}],"supplyBook": [{"label": "FALSE","value": 76}, {"label": "TRUE","value": 14}]}, {"source": 12,"target": 16,"value": 33,"fill": "#BEBADA","supply": [{"label": "00 hrs","value": 3}, {"label": "01 hrs","value": 2}, {"label": "03 hrs","value": 1}, {"label": "07 hrs","value": 1}, {"label": "08 hrs","value": 1}, {"label": "09 hrs","value": 2}, {"label": "10 hrs","value": 1}, {"label": "11 hrs","value": 2}, {"label": "12 hrs","value": 4}, {"label": "13 hrs","value": 2}, {"label": "14 hrs","value": 3}, {"label": "15 hrs","value": 1}, {"label": "16 hrs","value": 2}, {"label": "17 hrs","value": 2}, {"label": "18 hrs","value": 3}, {"label": "19 hrs","value": 1}, {"label": "20 hrs","value": 1}, {"label": "21 hrs","value": 1}],"supplyDx": [{"label": "","value": 5}, {"label": "Dx011","value": 1}, {"label": "Dx0112","value": 1}, {"label": "Dx01214","value": 2}, {"label": "Dx06","value": 2}, {"label": "Dx108","value": 2}, {"label": "Dx1113","value": 1}, {"label": "Dx1115","value": 1}, {"label": "Dx20","value": 1}, {"label": "Dx32","value": 1}, {"label": "Dx391","value": 1}, {"label": "Dx77","value": 14}, {"label": "Dx82","value": 1}],"supplyService": [{"label": "","value": 13}, {"label": "(Capacity) Burns (B)","value": 9}, {"label": "Dental Emergency","value": 1}, {"label": "GP Practice","value": 1}, {"label": "GP Practice Extended Hours","value": 2}, {"label": "Integrated Urgent Care (IUC) Treatment Service","value": 1}, {"label": "NHS Ambulance Service","value": 5}, {"label": "Walk-In Centre (WIC)","value": 1}],"supplyBook": [{"label": "FALSE","value": 30}, {"label": "TRUE","value": 3}]}, {"source": 14,"target": 18,"value": 9,"fill": "#FCC5C0","supply": [{"label": "01 hrs","value": 1}, {"label": "11 hrs","value": 1}, {"label": "13 hrs","value": 2}, {"label": "16 hrs","value": 1}, {"label": "18 hrs","value": 1}, {"label": "19 hrs","value": 1}, {"label": "20 hrs","value": 2}],"supplyDx": [{"label": "Dx01121","value": 1}, {"label": "Dx0114","value": 1}, {"label": "Dx012","value": 1}, {"label": "Dx108","value": 4}, {"label": "Dx77","value": 1}, {"label": "Dx85","value": 1}],"supplyService": [{"label": "","value": 7}, {"label": "(Capacity) Burns (B)","value": 1}, {"label": "Pharmacy","value": 1}],"supplyBook": [{"label": "FALSE","value": 9}]}, {"source": 14,"target": 18,"value": 2,"fill": "#FCC5C0","supply": [{"label": "21 hrs","value": 1}, {"label": "23 hrs","value": 1}],"supplyDx": [{"label": "Dx06","value": 2}],"supplyService": [{"label": "Care Home","value": 1}, {"label": "Integrated Urgent Care (IUC) Treatment Service","value": 1}],"supplyBook": [{"label": "FALSE","value": 1}, {"label": "TRUE","value": 1}]}, {"source": 17,"target": 19,"value": 1,"fill": "#FCC5C0","supply": [{"label": "01 hrs","value": 1}, {"label": "02 hrs","value": 1}, {"label": "13 hrs","value": 2}, {"label": "18 hrs","value": 1}, {"label": "19 hrs","value": 1}, {"label": "20 hrs","value": 3}, {"label": "21 hrs","value": 3}, {"label": "23 hrs","value": 2}],"supplyDx": [{"label": "Dx012","value": 1}, {"label": "Dx05","value": 1}, {"label": "Dx06","value": 3}, {"label": "Dx108","value": 3}, {"label": "Dx110","value": 1}, {"label": "Dx16","value": 1}, {"label": "Dx25","value": 2}, {"label": "Dx391","value": 2}],"supplyService": [{"label": "","value": 9}, {"label": "GP Practice","value": 1}, {"label": "Integrated Urgent Care (IUC) Treatment Service","value": 4}],"supplyBook": [{"label": "FALSE","value": 11}, {"label": "TRUE","value": 3}]}, {"source": 16,"target": 20,"value": 1,"fill": "#FCC5C0","supply": [{"label": "13 hrs","value": 1}],"supplyDx": [{"label": "Dx06","value": 1}],"supplyService": [{"label": "District/Community Nurse","value": 1}],"supplyBook": [{"label": "FALSE","value": 1}]}, {"source": 14,"target": 18,"value": 14,"fill": "#FCC5C0","supply": [{"label": "05 hrs","value": 1}],"supplyDx": [{"label": "Dx25","value": 1}],"supplyService": [{"label": "","value": 1}],"supplyBook": [{"label": "FALSE","value": 1}]}, {"source": 14,"target": 18,"value": 9,"fill": "#8DD3C7","supply": [{"label": "04 hrs","value": 1}, {"label": "05 hrs","value": 1}, {"label": "06 hrs","value": 1}, {"label": "07 hrs","value": 1}, {"label": "19 hrs","value": 1}, {"label": "20 hrs","value": 1}, {"label": "21 hrs","value": 1}, {"label": "23 hrs","value": 2}],"supplyDx": [{"label": "Dx0117","value": 1}, {"label": "Dx108","value": 1}, {"label": "Dx1113","value": 1}, {"label": "Dx116","value": 2}, {"label": "Dx336","value": 2}, {"label": "Dx391","value": 1}, {"label": "Dx76","value": 1}],"supplyService": [{"label": "","value": 3}, {"label": "GP Practice","value": 1}, {"label": "Integrated Urgent Care (IUC) Clinical Assessment Service (CAS)","value": 3}, {"label": "Integrated Urgent Care (IUC) Treatment Service","value": 2}],"supplyBook": [{"label": "FALSE","value": 9}]}, {"source": 14,"target": 19,"value": 4,"fill": "#8DD3C7","supply": [{"label": "00 hrs","value": 1}, {"label": "02 hrs","value": 1}, {"label": "04 hrs","value": 1}, {"label": "21 hrs","value": 1}],"supplyDx": [{"label": "Dx05","value": 1}, {"label": "Dx06","value": 3}],"supplyService": [{"label": "Care Home","value": 3}, {"label": "Integrated Urgent Care (IUC) Treatment Service","value": 1}],"supplyBook": [{"label": "FALSE","value": 4}]}, {"source": 14,"target": 20,"value": 17,"fill": "#8DD3C7","supply": [{"label": "01 hrs","value": 1}, {"label": "04 hrs","value": 1}, {"label": "05 hrs","value": 1}, {"label": "06 hrs","value": 1}, {"label": "07 hrs","value": 1}, {"label": "09 hrs","value": 1}, {"label": "12 hrs","value": 1}, {"label": "16 hrs","value": 2}, {"label": "19 hrs","value": 1}, {"label": "20 hrs","value": 2}, {"label": "21 hrs","value": 4}, {"label": "22 hrs","value": 1}],"supplyDx": [{"label": "Dx01125","value": 1}, {"label": "Dx01214","value": 1}, {"label": "Dx02","value": 1}, {"label": "Dx05","value": 3}, {"label": "Dx06","value": 1}, {"label": "Dx07","value": 2}, {"label": "Dx08","value": 2}, {"label": "Dx108","value": 2}, {"label": "Dx25","value": 3}, {"label": "Dx391","value": 1}],"supplyService": [{"label": "","value": 8}, {"label": "Care Home","value": 2}, {"label": "GP Practice","value": 5}, {"label": "Urgent Treatment Centre (UTC)","value": 2}],"supplyBook": [{"label": "FALSE","value": 15}, {"label": "TRUE","value": 2}]}, {"source": 14,"target": 18,"value": 534,"fill": "#BEBADA","supply": [{"label": "00 hrs","value": 18}, {"label": "01 hrs","value": 7}, {"label": "02 hrs","value": 11}, {"label": "03 hrs","value": 6}, {"label": "04 hrs","value": 5}, {"label": "05 hrs","value": 8}, {"label": "06 hrs","value": 5}, {"label": "07 hrs","value": 11}, {"label": "08 hrs","value": 19}, {"label": "09 hrs","value": 30}, {"label": "10 hrs","value": 37}, {"label": "11 hrs","value": 36}, {"label": "12 hrs","value": 33}, {"label": "13 hrs","value": 33}, {"label": "14 hrs","value": 34}, {"label": "15 hrs","value": 33}, {"label": "16 hrs","value": 30}, {"label": "17 hrs","value": 32}, {"label": "18 hrs","value": 29}, {"label": "19 hrs","value": 34}, {"label": "20 hrs","value": 26}, {"label": "21 hrs","value": 20}, {"label": "22 hrs","value": 20}, {"label": "23 hrs","value": 17}],"supplyDx": [{"label": "","value": 5}, {"label": "Dx0101","value": 1}, {"label": "Dx01010","value": 1}, {"label": "Dx0111","value": 1}, {"label": "Dx0112","value": 23}, {"label": "Dx01121","value": 3}, {"label": "Dx01125","value": 7}, {"label": "Dx0113","value": 2}, {"label": "Dx0114","value": 3}, {"label": "Dx0116","value": 4}, {"label": "Dx0117","value": 3}, {"label": "Dx0119","value": 2}, {"label": "Dx0124","value": 1}, {"label": "Dx014","value": 1}, {"label": "Dx02","value": 26}, {"label": "Dx03","value": 9}, {"label": "Dx05","value": 70}, {"label": "Dx06","value": 36}, {"label": "Dx07","value": 20}, {"label": "Dx08","value": 33}, {"label": "Dx09","value": 4}, {"label": "Dx10","value": 2}, {"label": "Dx108","value": 61}, {"label": "Dx11","value": 4}, {"label": "Dx1112","value": 3}, {"label": "Dx1113","value": 5}, {"label": "Dx1114","value": 11}, {"label": "Dx1115","value": 13}, {"label": "Dx1116","value": 8}, {"label": "Dx15","value": 3}, {"label": "Dx16","value": 5}, {"label": "Dx18","value": 3}, {"label": "Dx19","value": 2}, {"label": "Dx20","value": 15}, {"label": "Dx21","value": 34}, {"label": "Dx22","value": 6}, {"label": "Dx28","value": 7}, {"label": "Dx31","value": 1}, {"label": "Dx335","value": 1}, {"label": "Dx391","value": 38}, {"label": "Dx46","value": 2}, {"label": "Dx75","value": 13}, {"label": "Dx77","value": 18}, {"label": "Dx81","value": 2}, {"label": "Dx82","value": 3}, {"label": "Dx85","value": 14}, {"label": "Dx86","value": 2}, {"label": "Dx92","value": 2}, {"label": "Dx96","value": 1}],"supplyService": [{"label": "","value": 172}, {"label": "(Capacity) Burns (B)","value": 9}, {"label": "Care Home","value": 5}, {"label": "Dental Emergency","value": 54}, {"label": "Dental Service","value": 5}, {"label": "District/Community Nurse","value": 1}, {"label": "Emergency Department (ED)","value": 22}, {"label": "Emergency Department (ED) Specialist","value": 1}, {"label": "GP Practice","value": 93}, {"label": "GP Practice Extended Hours","value": 30}, {"label": "Integrated Urgent Care (IUC) Clinical Assessment Service (CAS)","value": 5}, {"label": "Integrated Urgent Care (IUC) NHS 111 Call Handling Provider","value": 4}, {"label": "Integrated Urgent Care (IUC) Treatment Service","value": 67}, {"label": "Intermediate Care","value": 1}, {"label": "Mental Health","value": 2}, {"label": "NHS Ambulance Service","value": 8}, {"label": "Optician Enhanced Service","value": 2}, {"label": "Pharmacy","value": 20}, {"label": "Pharmacy Enhanced Service","value": 1}, {"label": "Sexual Health","value": 1}, {"label": "Urgent Care Centre (UCC)","value": 11}, {"label": "Urgent Treatment Centre (UTC)","value": 10}, {"label": "Walk-In Centre (WIC)","value": 10}],"supplyBook": [{"label": "FALSE","value": 449}, {"label": "TRUE","value": 85}]}, {"source": 16,"target": 21,"value": 19,"fill": "#BEBADA","supply": [{"label": "00 hrs","value": 3}, {"label": "01 hrs","value": 2}, {"label": "02 hrs","value": 5}, {"label": "03 hrs","value": 3}, {"label": "04 hrs","value": 1}, {"label": "05 hrs","value": 1}, {"label": "06 hrs","value": 6}, {"label": "07 hrs","value": 2}, {"label": "08 hrs","value": 7}, {"label": "09 hrs","value": 13}, {"label": "10 hrs","value": 8}, {"label": "11 hrs","value": 11}, {"label": "12 hrs","value": 13}, {"label": "13 hrs","value": 11}, {"label": "14 hrs","value": 7}, {"label": "15 hrs","value": 6}, {"label": "16 hrs","value": 3}, {"label": "17 hrs","value": 8}, {"label": "18 hrs","value": 5}, {"label": "19 hrs","value": 6}, {"label": "20 hrs","value": 3}, {"label": "21 hrs","value": 8}, {"label": "22 hrs","value": 6}, {"label": "23 hrs","value": 4}],"supplyDx": [{"label": "Dx011","value": 1}, {"label": "Dx012","value": 3}, {"label": "Dx0121","value": 1}, {"label": "Dx017","value": 1}, {"label": "Dx02","value": 8}, {"label": "Dx03","value": 2}, {"label": "Dx05","value": 59}, {"label": "Dx06","value": 44}, {"label": "Dx07","value": 4}, {"label": "Dx08","value": 3}, {"label": "Dx108","value": 7}, {"label": "Dx11","value": 1}, {"label": "Dx15","value": 1}, {"label": "Dx19","value": 1}, {"label": "Dx25","value": 4}, {"label": "Dx391","value": 1}, {"label": "Dx75","value": 1}],"supplyService": [{"label": "","value": 25}, {"label": "Care Home","value": 5}, {"label": "Dental Emergency","value": 1}, {"label": "Emergency Department (ED)","value": 7}, {"label": "GP Practice","value": 12}, {"label": "GP Practice Extended Hours","value": 24}, {"label": "Integrated Urgent Care (IUC) Clinical Assessment Service (CAS)","value": 2}, {"label": "Integrated Urgent Care (IUC) Treatment Service","value": 18}, {"label": "Urgent Care Centre (UCC)","value": 2}, {"label": "Walk-In Centre (WIC)","value": 46}],"supplyBook": [{"label": "FALSE","value": 50}, {"label": "TRUE","value": 92}]}, {"source": 14,"target": 18,"value": 142,"fill": "#BEBADA","supply": [{"label": "00 hrs","value": 10}, {"label": "01 hrs","value": 10}, {"label": "02 hrs","value": 10}, {"label": "03 hrs","value": 11}, {"label": "04 hrs","value": 7}, {"label": "05 hrs","value": 9}, {"label": "06 hrs","value": 6}, {"label": "07 hrs","value": 7}, {"label": "08 hrs","value": 4}, {"label": "09 hrs","value": 10}, {"label": "10 hrs","value": 12}, {"label": "11 hrs","value": 16}, {"label": "12 hrs","value": 12}, {"label": "13 hrs","value": 20}, {"label": "14 hrs","value": 14}, {"label": "15 hrs","value": 17}, {"label": "16 hrs","value": 14}, {"label": "17 hrs","value": 22}, {"label": "18 hrs","value": 16}, {"label": "19 hrs","value": 17}, {"label": "20 hrs","value": 15}, {"label": "21 hrs","value": 21}, {"label": "22 hrs","value": 16}, {"label": "23 hrs","value": 14}],"supplyDx": [{"label": "Dx010","value": 1}, {"label": "Dx011","value": 15}, {"label": "Dx0112","value": 1}, {"label": "Dx01125","value": 5}, {"label": "Dx012","value": 12}, {"label": "Dx01214","value": 4}, {"label": "Dx016","value": 1}, {"label": "Dx02","value": 27}, {"label": "Dx03","value": 5}, {"label": "Dx05","value": 41}, {"label": "Dx06","value": 58}, {"label": "Dx07","value": 15}, {"label": "Dx08","value": 2}, {"label": "Dx10","value": 1}, {"label": "Dx108","value": 20}, {"label": "Dx11","value": 1}, {"label": "Dx1116","value": 1}, {"label": "Dx118","value": 1}, {"label": "Dx12","value": 1}, {"label": "Dx13","value": 4}, {"label": "Dx16","value": 1}, {"label": "Dx25","value": 63}, {"label": "Dx32","value": 1}, {"label": "Dx391","value": 22}, {"label": "Dx404","value": 1}, {"label": "Dx46","value": 1}, {"label": "Dx73","value": 1}, {"label": "Dx81","value": 1}, {"label": "Dx88","value": 2}, {"label": "Dx92","value": 1}],"supplyService": [{"label": "","value": 156}, {"label": "Care Home","value": 2}, {"label": "Dental Emergency","value": 3}, {"label": "Emergency Department (ED)","value": 20}, {"label": "GP Practice","value": 46}, {"label": "GP Practice Extended Hours","value": 11}, {"label": "Integrated Urgent Care (IUC) Treatment Service","value": 45}, {"label": "Mental Health","value": 1}, {"label": "Pharmacy Enhanced Service","value": 1}, {"label": "Safeguarding","value": 1}, {"label": "Urgent Care Centre (UCC)","value": 4}, {"label": "Urgent Treatment Centre (UTC)","value": 11}, {"label": "Walk-In Centre (WIC)","value": 9}],"supplyBook": [{"label": "FALSE","value": 246}, {"label": "TRUE","value": 64}]}, {"source": 17,"target": 19,"value": 68,"fill": "#BEBADA","supply": [{"label": "00 hrs","value": 1}, {"label": "01 hrs","value": 1}, {"label": "03 hrs","value": 1}, {"label": "06 hrs","value": 1}, {"label": "07 hrs","value": 4}, {"label": "08 hrs","value": 6}, {"label": "09 hrs","value": 10}, {"label": "10 hrs","value": 9}, {"label": "11 hrs","value": 5}, {"label": "12 hrs","value": 7}, {"label": "13 hrs","value": 1}, {"label": "14 hrs","value": 1}, {"label": "15 hrs","value": 4}, {"label": "16 hrs","value": 6}, {"label": "17 hrs","value": 1}, {"label": "18 hrs","value": 2}, {"label": "20 hrs","value": 2}, {"label": "21 hrs","value": 2}, {"label": "22 hrs","value": 2}, {"label": "23 hrs","value": 2}],"supplyDx": [{"label": "Dx0113","value": 1}, {"label": "Dx017","value": 1}, {"label": "Dx02","value": 3}, {"label": "Dx05","value": 13}, {"label": "Dx06","value": 22}, {"label": "Dx07","value": 1}, {"label": "Dx108","value": 5}, {"label": "Dx17","value": 12}, {"label": "Dx18","value": 5}, {"label": "Dx19","value": 1}, {"label": "Dx21","value": 2}, {"label": "Dx391","value": 1}, {"label": "Dx92","value": 1}],"supplyService": [{"label": "","value": 11}, {"label": "Dental Emergency","value": 20}, {"label": "District/Community Nurse","value": 2}, {"label": "Emergency Department (ED)","value": 1}, {"label": "GP Practice","value": 2}, {"label": "GP Practice Extended Hours","value": 2}, {"label": "Integrated Urgent Care (IUC) Treatment Service","value": 9}, {"label": "Mental Health","value": 1}, {"label": "Urgent Treatment Centre (UTC)","value": 1}, {"label": "Walk-In Centre (WIC)","value": 19}],"supplyBook": [{"label": "FALSE","value": 40}, {"label": "TRUE","value": 28}]}, {"source": 16,"target": 21,"value": 4,"fill": "#BEBADA","supply": [{"label": "02 hrs","value": 1}, {"label": "07 hrs","value": 1}, {"label": "09 hrs","value": 1}, {"label": "10 hrs","value": 1}, {"label": "13 hrs","value": 1}, {"label": "21 hrs","value": 3}, {"label": "22 hrs","value": 2}, {"label": "23 hrs","value": 1}],"supplyDx": [{"label": "Dx05","value": 3}, {"label": "Dx06","value": 3}, {"label": "Dx17","value": 2}, {"label": "Dx25","value": 3}],"supplyService": [{"label": "","value": 4}, {"label": "Dental Emergency","value": 2}, {"label": "Integrated Urgent Care (IUC) Clinical Assessment Service (CAS)","value": 1}, {"label": "Integrated Urgent Care (IUC) Treatment Service","value": 3}, {"label": "Walk-In Centre (WIC)","value": 1}],"supplyBook": [{"label": "FALSE","value": 8}, {"label": "TRUE","value": 3}]}, {"source": 14,"target": 18,"value": 310,"fill": "#BEBADA","supply": [{"label": "00 hrs","value": 3}, {"label": "02 hrs","value": 1}, {"label": "04 hrs","value": 1}, {"label": "07 hrs","value": 3}, {"label": "09 hrs","value": 6}, {"label": "10 hrs","value": 8}, {"label": "11 hrs","value": 3}, {"label": "12 hrs","value": 6}, {"label": "13 hrs","value": 5}, {"label": "14 hrs","value": 9}, {"label": "15 hrs","value": 7}, {"label": "16 hrs","value": 10}, {"label": "17 hrs","value": 5}, {"label": "18 hrs","value": 10}, {"label": "19 hrs","value": 7}, {"label": "21 hrs","value": 2}, {"label": "22 hrs","value": 1}, {"label": "23 hrs","value": 3}],"supplyDx": [{"label": "Dx011","value": 2}, {"label": "Dx012","value": 1}, {"label": "Dx01214","value": 1}, {"label": "Dx02","value": 1}, {"label": "Dx03","value": 1}, {"label": "Dx05","value": 3}, {"label": "Dx06","value": 12}, {"label": "Dx07","value": 3}, {"label": "Dx08","value": 1}, {"label": "Dx108","value": 4}, {"label": "Dx11","value": 2}, {"label": "Dx118","value": 9}, {"label": "Dx13","value": 1}, {"label": "Dx18","value": 7}, {"label": "Dx19","value": 6}, {"label": "Dx20","value": 3}, {"label": "Dx25","value": 9}, {"label": "Dx391","value": 6}, {"label": "Dx88","value": 18}],"supplyService": [{"label": "","value": 27}, {"label": "Dental Emergency","value": 39}, {"label": "Dental Service","value": 4}, {"label": "GP Practice","value": 4}, {"label": "GP Practice Extended Hours","value": 3}, {"label": "Integrated Urgent Care (IUC) Treatment Service","value": 6}, {"label": "Urgent Care Centre (UCC)","value": 2}, {"label": "Urgent Treatment Centre (UTC)","value": 1}, {"label": "Walk-In Centre (WIC)","value": 4}],"supplyBook": [{"label": "FALSE","value": 76}, {"label": "TRUE","value": 14}]}, {"source": 17,"target": 19,"value": 11,"fill": "#BEBADA","supply": [{"label": "00 hrs","value": 2}, {"label": "01 hrs","value": 1}, {"label": "03 hrs","value": 1}, {"label": "08 hrs","value": 1}, {"label": "09 hrs","value": 2}, {"label": "10 hrs","value": 1}, {"label": "11 hrs","value": 2}, {"label": "12 hrs","value": 3}, {"label": "13 hrs","value": 1}, {"label": "15 hrs","value": 1}, {"label": "16 hrs","value": 1}, {"label": "17 hrs","value": 1}, {"label": "18 hrs","value": 2}],"supplyDx": [{"label": "","value": 1}, {"label": "Dx0112","value": 1}, {"label": "Dx108","value": 1}, {"label": "Dx20","value": 1}, {"label": "Dx391","value": 1}, {"label": "Dx77","value": 14}],"supplyService": [{"label": "","value": 4}, {"label": "(Capacity) Burns (B)","value": 9}, {"label": "Dental Emergency","value": 1}, {"label": "NHS Ambulance Service","value": 5}],"supplyBook": [{"label": "FALSE","value": 19}]}, {"source": 15,"target": 20,"value": 90,"fill": "#BEBADA","supply": [{"label": "00 hrs","value": 1}, {"label": "01 hrs","value": 1}, {"label": "17 hrs","value": 1}, {"label": "19 hrs","value": 1}],"supplyDx": [{"label": "Dx01121","value": 1}, {"label": "Dx05","value": 2}, {"label": "Dx06","value": 1}],"supplyService": [{"label": "","value": 1}, {"label": "GP Practice Extended Hours","value": 2}, {"label": "Integrated Urgent Care (IUC) Treatment Service","value": 1}],"supplyBook": [{"label": "FALSE","value": 2}, {"label": "TRUE","value": 2}]}, {"source": 16,"target": 21,"value": 9,"fill": "#BEBADA","supply": [{"label": "07 hrs","value": 1}, {"label": "13 hrs","value": 1}, {"label": "14 hrs","value": 3}, {"label": "16 hrs","value": 1}, {"label": "18 hrs","value": 1}, {"label": "20 hrs","value": 1}, {"label": "21 hrs","value": 1}],"supplyDx": [{"label": "","value": 1}, {"label": "Dx011","value": 1}, {"label": "Dx01214","value": 2}, {"label": "Dx06","value": 2}, {"label": "Dx108","value": 1}, {"label": "Dx25","value": 1}, {"label": "Dx391","value": 1}],"supplyService": [{"label": "","value": 7}, {"label": "GP Practice","value": 1}, {"label": "Walk-In Centre (WIC)","value": 1}],"supplyBook": [{"label": "FALSE","value": 8}, {"label": "TRUE","value": 1}]}, {"source": 16,"target": 21,"value": 1,"fill": "#BEBADA","supply": [{"label": "12 hrs","value": 1}],"supplyDx": [{"label": "","value": 1}],"supplyService": [{"label": "","value": 1}],"supplyBook": [{"label": "FALSE","value": 1}]}, {"source": 18,"target": 32,"value": 2,"fill": "#FCC5C0","supply": [{"label": "11 hrs","value": 1}, {"label": "16 hrs","value": 1}],"supplyDx": [{"label": "Dx77","value": 1}, {"label": "Dx85","value": 1}],"supplyService": [{"label": "(Capacity) Burns (B)","value": 1}, {"label": "Pharmacy","value": 1}],"supplyBook": [{"label": "FALSE","value": 2}]}, {"source": 19,"target": 23,"value": 1,"fill": "#FCC5C0","supply": [{"label": "21 hrs","value": 1}],"supplyDx": [{"label": "Dx06","value": 1}],"supplyService": [{"label": "Care Home","value": 1}],"supplyBook": [{"label": "FALSE","value": 1}]}, {"source": 19,"target": 25,"value": 1,"fill": "#FCC5C0","supply": [{"label": "13 hrs","value": 1}],"supplyDx": [{"label": "Dx06","value": 1}],"supplyService": [{"label": "District/Community Nurse","value": 1}],"supplyBook": [{"label": "FALSE","value": 1}]}, {"source": 19,"target": 28,"value": 1,"fill": "#FCC5C0","supply": [{"label": "23 hrs","value": 1}],"supplyDx": [{"label": "Dx06","value": 1}],"supplyService": [{"label": "Integrated Urgent Care (IUC) Treatment Service","value": 1}],"supplyBook": [{"label": "TRUE","value": 1}]}, {"source": 20,"target": 27,"value": 1,"fill": "#FCC5C0","supply": [{"label": "20 hrs","value": 1}],"supplyDx": [{"label": "Dx16","value": 1}],"supplyService": [{"label": "GP Practice","value": 1}],"supplyBook": [{"label": "FALSE","value": 1}]}, {"source": 20,"target": 28,"value": 4,"fill": "#FCC5C0","supply": [{"label": "19 hrs","value": 1}, {"label": "20 hrs","value": 1}, {"label": "23 hrs","value": 2}],"supplyDx": [{"label": "Dx05","value": 1}, {"label": "Dx06","value": 3}],"supplyService": [{"label": "Integrated Urgent Care (IUC) Treatment Service","value": 4}],"supplyBook": [{"label": "FALSE","value": 1}, {"label": "TRUE","value": 3}]}, {"source": 18,"target": 27,"value": 1,"fill": "#8DD3C7","supply": [{"label": "04 hrs","value": 1}],"supplyDx": [{"label": "Dx116","value": 1}],"supplyService": [{"label": "GP Practice","value": 1}],"supplyBook": [{"label": "FALSE","value": 1}]}, {"source": 18,"target": 28,"value": 5,"fill": "#8DD3C7","supply": [{"label": "06 hrs","value": 1}, {"label": "07 hrs","value": 1}, {"label": "20 hrs","value": 1}, {"label": "23 hrs","value": 2}],"supplyDx": [{"label": "Dx1113","value": 1}, {"label": "Dx116","value": 1}, {"label": "Dx336","value": 2}, {"label": "Dx76","value": 1}],"supplyService": [{"label": "Integrated Urgent Care (IUC) Clinical Assessment Service (CAS)","value": 3}, {"label": "Integrated Urgent Care (IUC) Treatment Service","value": 2}],"supplyBook": [{"label": "FALSE","value": 5}]}, {"source": 19,"target": 23,"value": 3,"fill": "#8DD3C7","supply": [{"label": "02 hrs","value": 1}, {"label": "04 hrs","value": 1}, {"label": "21 hrs","value": 1}],"supplyDx": [{"label": "Dx06","value": 3}],"supplyService": [{"label": "Care Home","value": 3}],"supplyBook": [{"label": "FALSE","value": 3}]}, {"source": 19,"target": 28,"value": 1,"fill": "#8DD3C7","supply": [{"label": "00 hrs","value": 1}],"supplyDx": [{"label": "Dx05","value": 1}],"supplyService": [{"label": "Integrated Urgent Care (IUC) Treatment Service","value": 1}],"supplyBook": [{"label": "FALSE","value": 1}]}, {"source": 20,"target": 23,"value": 2,"fill": "#8DD3C7","supply": [{"label": "04 hrs","value": 1}, {"label": "21 hrs","value": 1}],"supplyDx": [{"label": "Dx05","value": 2}],"supplyService": [{"label": "Care Home","value": 2}],"supplyBook": [{"label": "FALSE","value": 2}]}, {"source": 20,"target": 27,"value": 5,"fill": "#8DD3C7","supply": [{"label": "01 hrs","value": 1}, {"label": "05 hrs","value": 1}, {"label": "09 hrs","value": 1}, {"label": "20 hrs","value": 1}, {"label": "21 hrs","value": 1}],"supplyDx": [{"label": "Dx06","value": 1}, {"label": "Dx07","value": 2}, {"label": "Dx08","value": 2}],"supplyService": [{"label": "GP Practice","value": 5}],"supplyBook": [{"label": "FALSE","value": 3}, {"label": "TRUE","value": 2}]}, {"source": 20,"target": 30,"value": 2,"fill": "#8DD3C7","supply": [{"label": "19 hrs","value": 1}, {"label": "20 hrs","value": 1}],"supplyDx": [{"label": "Dx02","value": 1}, {"label": "Dx05","value": 1}],"supplyService": [{"label": "Urgent Treatment Centre (UTC)","value": 2}],"supplyBook": [{"label": "FALSE","value": 2}]}, {"source": 18,"target": 22,"value": 13,"fill": "#BEBADA","supply": [{"label": "00 hrs","value": 1}, {"label": "08 hrs","value": 1}, {"label": "10 hrs","value": 1}, {"label": "11 hrs","value": 1}, {"label": "12 hrs","value": 1}, {"label": "15 hrs","value": 2}, {"label": "16 hrs","value": 1}, {"label": "18 hrs","value": 2}, {"label": "19 hrs","value": 1}, {"label": "22 hrs","value": 1}, {"label": "23 hrs","value": 1}],"supplyDx": [{"label": "Dx77","value": 13}],"supplyService": [{"label": "NHS Ambulance Service","value": 13}],"supplyBook": [{"label": "FALSE","value": 13}]}, {"source": 18,"target": 23,"value": 5,"fill": "#BEBADA","supply": [{"label": "00 hrs","value": 3}, {"label": "06 hrs","value": 1}, {"label": "22 hrs","value": 1}],"supplyDx": [{"label": "Dx05","value": 2}, {"label": "Dx06","value": 3}],"supplyService": [{"label": "Care Home","value": 5}],"supplyBook": [{"label": "FALSE","value": 2}, {"label": "TRUE","value": 3}]}, {"source": 18,"target": 24,"value": 60,"fill": "#BEBADA","supply": [{"label": "00 hrs","value": 1}, {"label": "02 hrs","value": 1}, {"label": "07 hrs","value": 2}, {"label": "08 hrs","value": 1}, {"label": "09 hrs","value": 8}, {"label": "10 hrs","value": 9}, {"label": "11 hrs","value": 5}, {"label": "12 hrs","value": 7}, {"label": "13 hrs","value": 2}, {"label": "14 hrs","value": 5}, {"label": "15 hrs","value": 4}, {"label": "16 hrs","value": 6}, {"label": "17 hrs","value": 3}, {"label": "18 hrs","value": 1}, {"label": "19 hrs","value": 2}, {"label": "20 hrs","value": 2}, {"label": "23 hrs","value": 1}],"supplyDx": [{"label": "Dx18","value": 3}, {"label": "Dx19","value": 2}, {"label": "Dx20","value": 16}, {"label": "Dx21","value": 34}, {"label": "Dx22","value": 5}],"supplyService": [{"label": "Dental Emergency","value": 55}, {"label": "Dental Service","value": 5}],"supplyBook": [{"label": "FALSE","value": 60}]}, {"source": 18,"target": 25,"value": 1,"fill": "#BEBADA","supply": [{"label": "22 hrs","value": 1}],"supplyDx": [{"label": "Dx05","value": 1}],"supplyService": [{"label": "District/Community Nurse","value": 1}],"supplyBook": [{"label": "FALSE","value": 1}]}, {"source": 18,"target": 26,"value": 23,"fill": "#BEBADA","supply": [{"label": "00 hrs","value": 1}, {"label": "08 hrs","value": 2}, {"label": "09 hrs","value": 3}, {"label": "12 hrs","value": 2}, {"label": "15 hrs","value": 2}, {"label": "16 hrs","value": 1}, {"label": "17 hrs","value": 2}, {"label": "18 hrs","value": 1}, {"label": "19 hrs","value": 2}, {"label": "20 hrs","value": 1}, {"label": "21 hrs","value": 2}, {"label": "22 hrs","value": 1}, {"label": "23 hrs","value": 3}],"supplyDx": [{"label": "Dx02","value": 18}, {"label": "Dx03","value": 5}],"supplyService": [{"label": "Emergency Department (ED)","value": 22}, {"label": "Emergency Department (ED) Specialist","value": 1}],"supplyBook": [{"label": "FALSE","value": 23}]}, {"source": 18,"target": 27,"value": 123,"fill": "#BEBADA","supply": [{"label": "00 hrs","value": 2}, {"label": "01 hrs","value": 1}, {"label": "02 hrs","value": 1}, {"label": "03 hrs","value": 1}, {"label": "04 hrs","value": 1}, {"label": "05 hrs","value": 2}, {"label": "07 hrs","value": 4}, {"label": "08 hrs","value": 3}, {"label": "09 hrs","value": 7}, {"label": "10 hrs","value": 14}, {"label": "11 hrs","value": 7}, {"label": "12 hrs","value": 12}, {"label": "13 hrs","value": 11}, {"label": "14 hrs","value": 8}, {"label": "15 hrs","value": 7}, {"label": "16 hrs","value": 5}, {"label": "17 hrs","value": 12}, {"label": "18 hrs","value": 9}, {"label": "19 hrs","value": 6}, {"label": "20 hrs","value": 6}, {"label": "21 hrs","value": 2}, {"label": "22 hrs","value": 1}, {"label": "23 hrs","value": 1}],"supplyDx": [{"label": "Dx05","value": 28}, {"label": "Dx06","value": 22}, {"label": "Dx07","value": 16}, {"label": "Dx08","value": 23}, {"label": "Dx09","value": 4}, {"label": "Dx10","value": 2}, {"label": "Dx11","value": 1}, {"label": "Dx1113","value": 2}, {"label": "Dx1114","value": 1}, {"label": "Dx1115","value": 2}, {"label": "Dx1116","value": 2}, {"label": "Dx15","value": 1}, {"label": "Dx16","value": 4}, {"label": "Dx75","value": 9}, {"label": "Dx81","value": 1}, {"label": "Dx82","value": 1}, {"label": "Dx85","value": 2}, {"label": "Dx86","value": 1}, {"label": "Dx96","value": 1}],"supplyService": [{"label": "GP Practice","value": 93}, {"label": "GP Practice Extended Hours","value": 30}],"supplyBook": [{"label": "FALSE","value": 82}, {"label": "TRUE","value": 41}]}, {"source": 18,"target": 28,"value": 76,"fill": "#BEBADA","supply": [{"label": "00 hrs","value": 4}, {"label": "01 hrs","value": 4}, {"label": "02 hrs","value": 3}, {"label": "03 hrs","value": 4}, {"label": "04 hrs","value": 1}, {"label": "06 hrs","value": 2}, {"label": "07 hrs","value": 2}, {"label": "08 hrs","value": 3}, {"label": "09 hrs","value": 3}, {"label": "10 hrs","value": 2}, {"label": "11 hrs","value": 5}, {"label": "12 hrs","value": 1}, {"label": "13 hrs","value": 1}, {"label": "14 hrs","value": 2}, {"label": "15 hrs","value": 1}, {"label": "16 hrs","value": 1}, {"label": "17 hrs","value": 2}, {"label": "18 hrs","value": 3}, {"label": "19 hrs","value": 7}, {"label": "20 hrs","value": 7}, {"label": "21 hrs","value": 7}, {"label": "22 hrs","value": 6}, {"label": "23 hrs","value": 5}],"supplyDx": [{"label": "Dx05","value": 27}, {"label": "Dx06","value": 7}, {"label": "Dx07","value": 2}, {"label": "Dx08","value": 3}, {"label": "Dx11","value": 3}, {"label": "Dx1112","value": 3}, {"label": "Dx1113","value": 3}, {"label": "Dx1114","value": 10}, {"label": "Dx1115","value": 10}, {"label": "Dx1116","value": 6}, {"label": "Dx15","value": 1}, {"label": "Dx77","value": 1}],"supplyService": [{"label": "Integrated Urgent Care (IUC) Clinical Assessment Service (CAS)","value": 5}, {"label": "Integrated Urgent Care (IUC) NHS 111 Call Handling Provider","value": 4}, {"label": "Integrated Urgent Care (IUC) Treatment Service","value": 67}],"supplyBook": [{"label": "FALSE","value": 45}, {"label": "TRUE","value": 31}]}, {"source": 18,"target": 29,"value": 2,"fill": "#BEBADA","supply": [{"label": "07 hrs","value": 1}, {"label": "21 hrs","value": 1}],"supplyDx": [{"label": "Dx92","value": 2}],"supplyService": [{"label": "Mental Health","value": 2}],"supplyBook": [{"label": "FALSE","value": 2}]}, {"source": 18,"target": 30,"value": 31,"fill": "#BEBADA","supply": [{"label": "05 hrs","value": 1}, {"label": "08 hrs","value": 1}, {"label": "09 hrs","value": 3}, {"label": "10 hrs","value": 1}, {"label": "11 hrs","value": 3}, {"label": "12 hrs","value": 2}, {"label": "13 hrs","value": 2}, {"label": "14 hrs","value": 2}, {"label": "15 hrs","value": 3}, {"label": "16 hrs","value": 3}, {"label": "17 hrs","value": 6}, {"label": "19 hrs","value": 2}, {"label": "20 hrs","value": 1}, {"label": "22 hrs","value": 1}],"supplyDx": [{"label": "Dx02","value": 7}, {"label": "Dx03","value": 4}, {"label": "Dx05","value": 11}, {"label": "Dx06","value": 3}, {"label": "Dx07","value": 1}, {"label": "Dx08","value": 5}],"supplyService": [{"label": "Urgent Care Centre (UCC)","value": 11}, {"label": "Urgent Treatment Centre (UTC)","value": 10}, {"label": "Walk-In Centre (WIC)","value": 10}],"supplyBook": [{"label": "FALSE","value": 21}, {"label": "TRUE","value": 10}]}, {"source": 18,"target": 32,"value": 43,"fill": "#BEBADA","supply": [{"label": "00 hrs","value": 1}, {"label": "01 hrs","value": 1}, {"label": "03 hrs","value": 1}, {"label": "05 hrs","value": 2}, {"label": "08 hrs","value": 2}, {"label": "09 hrs","value": 3}, {"label": "10 hrs","value": 1}, {"label": "11 hrs","value": 3}, {"label": "12 hrs","value": 3}, {"label": "13 hrs","value": 3}, {"label": "14 hrs","value": 1}, {"label": "15 hrs","value": 3}, {"label": "16 hrs","value": 1}, {"label": "17 hrs","value": 1}, {"label": "18 hrs","value": 3}, {"label": "19 hrs","value": 5}, {"label": "20 hrs","value": 5}, {"label": "22 hrs","value": 3}, {"label": "23 hrs","value": 1}],"supplyDx": [{"label": "Dx08","value": 1}, {"label": "Dx1115","value": 1}, {"label": "Dx28","value": 6}, {"label": "Dx31","value": 1}, {"label": "Dx75","value": 2}, {"label": "Dx77","value": 18}, {"label": "Dx82","value": 2}, {"label": "Dx85","value": 11}, {"label": "Dx86","value": 1}],"supplyService": [{"label": "(Capacity) Burns (B)","value": 18}, {"label": "Intermediate Care","value": 1}, {"label": "Optician Enhanced Service","value": 2}, {"label": "Pharmacy","value": 20}, {"label": "Pharmacy Enhanced Service","value": 1}, {"label": "Sexual Health","value": 1}],"supplyBook": [{"label": "FALSE","value": 43}]}, {"source": 19,"target": 23,"value": 5,"fill": "#BEBADA","supply": [{"label": "00 hrs","value": 1}, {"label": "02 hrs","value": 2}, {"label": "05 hrs","value": 1}, {"label": "23 hrs","value": 1}],"supplyDx": [{"label": "Dx05","value": 2}, {"label": "Dx06","value": 3}],"supplyService": [{"label": "Care Home","value": 5}],"supplyBook": [{"label": "FALSE","value": 4}, {"label": "TRUE","value": 1}]}, {"source": 19,"target": 24,"value": 21,"fill": "#BEBADA","supply": [{"label": "06 hrs","value": 1}, {"label": "07 hrs","value": 1}, {"label": "08 hrs","value": 1}, {"label": "09 hrs","value": 7}, {"label": "10 hrs","value": 5}, {"label": "11 hrs","value": 1}, {"label": "12 hrs","value": 2}, {"label": "16 hrs","value": 2}, {"label": "21 hrs","value": 1}],"supplyDx": [{"label": "Dx17","value": 12}, {"label": "Dx18","value": 5}, {"label": "Dx19","value": 2}, {"label": "Dx21","value": 2}],"supplyService": [{"label": "Dental Emergency","value": 21}],"supplyBook": [{"label": "FALSE","value": 21}]}, {"source": 19,"target": 25,"value": 2,"fill": "#BEBADA","supply": [{"label": "00 hrs","value": 1}, {"label": "18 hrs","value": 1}],"supplyDx": [{"label": "Dx05","value": 1}, {"label": "Dx07","value": 1}],"supplyService": [{"label": "District/Community Nurse","value": 2}],"supplyBook": [{"label": "FALSE","value": 2}]}, {"source": 19,"target": 26,"value": 8,"fill": "#BEBADA","supply": [{"label": "00 hrs","value": 1}, {"label": "03 hrs","value": 1}, {"label": "06 hrs","value": 1}, {"label": "08 hrs","value": 1}, {"label": "19 hrs","value": 1}, {"label": "22 hrs","value": 2}, {"label": "23 hrs","value": 1}],"supplyDx": [{"label": "Dx02","value": 7}, {"label": "Dx03","value": 1}],"supplyService": [{"label": "Emergency Department (ED)","value": 8}],"supplyBook": [{"label": "FALSE","value": 8}]}, {"source": 19,"target": 27,"value": 42,"fill": "#BEBADA","supply": [{"label": "02 hrs","value": 1}, {"label": "07 hrs","value": 2}, {"label": "08 hrs","value": 1}, {"label": "09 hrs","value": 2}, {"label": "10 hrs","value": 2}, {"label": "11 hrs","value": 4}, {"label": "12 hrs","value": 2}, {"label": "13 hrs","value": 3}, {"label": "14 hrs","value": 2}, {"label": "15 hrs","value": 3}, {"label": "16 hrs","value": 1}, {"label": "17 hrs","value": 4}, {"label": "18 hrs","value": 3}, {"label": "19 hrs","value": 6}, {"label": "20 hrs","value": 1}, {"label": "21 hrs","value": 2}, {"label": "22 hrs","value": 3}],"supplyDx": [{"label": "Dx05","value": 23}, {"label": "Dx06","value": 11}, {"label": "Dx07","value": 3}, {"label": "Dx08","value": 3}, {"label": "Dx15","value": 1}, {"label": "Dx75","value": 1}],"supplyService": [{"label": "GP Practice","value": 14}, {"label": "GP Practice Extended Hours","value": 28}],"supplyBook": [{"label": "FALSE","value": 7}, {"label": "TRUE","value": 35}]}, {"source": 19,"target": 28,"value": 30,"fill": "#BEBADA","supply": [{"label": "01 hrs","value": 3}, {"label": "03 hrs","value": 3}, {"label": "04 hrs","value": 1}, {"label": "06 hrs","value": 2}, {"label": "10 hrs","value": 3}, {"label": "16 hrs","value": 1}, {"label": "17 hrs","value": 1}, {"label": "18 hrs","value": 3}, {"label": "20 hrs","value": 2}, {"label": "21 hrs","value": 7}, {"label": "22 hrs","value": 2}, {"label": "23 hrs","value": 2}],"supplyDx": [{"label": "Dx05","value": 16}, {"label": "Dx06","value": 12}, {"label": "Dx07","value": 1}, {"label": "Dx11","value": 1}],"supplyService": [{"label": "Integrated Urgent Care (IUC) Clinical Assessment Service (CAS)","value": 2}, {"label": "Integrated Urgent Care (IUC) Treatment Service","value": 28}],"supplyBook": [{"label": "FALSE","value": 9}, {"label": "TRUE","value": 21}]}, {"source": 19,"target": 29,"value": 1,"fill": "#BEBADA","supply": [{"label": "11 hrs","value": 1}],"supplyDx": [{"label": "Dx92","value": 1}],"supplyService": [{"label": "Mental Health","value": 1}],"supplyBook": [{"label": "FALSE","value": 1}]}, {"source": 19,"target": 30,"value": 68,"fill": "#BEBADA","supply": [{"label": "06 hrs","value": 3}, {"label": "08 hrs","value": 7}, {"label": "09 hrs","value": 9}, {"label": "10 hrs","value": 4}, {"label": "11 hrs","value": 6}, {"label": "12 hrs","value": 12}, {"label": "13 hrs","value": 8}, {"label": "14 hrs","value": 4}, {"label": "15 hrs","value": 7}, {"label": "16 hrs","value": 4}, {"label": "17 hrs","value": 3}, {"label": "20 hrs","value": 1}],"supplyDx": [{"label": "Dx03","value": 1}, {"label": "Dx05","value": 29}, {"label": "Dx06","value": 38}],"supplyService": [{"label": "Urgent Care Centre (UCC)","value": 2}, {"label": "Urgent Treatment Centre (UTC)","value": 1}, {"label": "Walk-In Centre (WIC)","value": 65}],"supplyBook": [{"label": "FALSE","value": 3}, {"label": "TRUE","value": 65}]}, {"source": 20,"target": 23,"value": 2,"fill": "#BEBADA","supply": [{"label": "04 hrs","value": 1}, {"label": "19 hrs","value": 1}],"supplyDx": [{"label": "Dx05","value": 1}, {"label": "Dx06","value": 1}],"supplyService": [{"label": "Care Home","value": 2}],"supplyBook": [{"label": "FALSE","value": 1}, {"label": "TRUE","value": 1}]}, {"source": 20,"target": 24,"value": 48,"fill": "#BEBADA","supply": [{"label": "09 hrs","value": 5}, {"label": "10 hrs","value": 7}, {"label": "11 hrs","value": 2}, {"label": "12 hrs","value": 4}, {"label": "13 hrs","value": 2}, {"label": "14 hrs","value": 6}, {"label": "15 hrs","value": 3}, {"label": "16 hrs","value": 3}, {"label": "17 hrs","value": 4}, {"label": "18 hrs","value": 6}, {"label": "19 hrs","value": 4}, {"label": "21 hrs","value": 1}, {"label": "22 hrs","value": 1}],"supplyDx": [{"label": "Dx118","value": 10}, {"label": "Dx17","value": 2}, {"label": "Dx18","value": 7}, {"label": "Dx19","value": 6}, {"label": "Dx20","value": 3}, {"label": "Dx88","value": 20}],"supplyService": [{"label": "Dental Emergency","value": 44}, {"label": "Dental Service","value": 4}],"supplyBook": [{"label": "FALSE","value": 48}]}, {"source": 20,"target": 26,"value": 20,"fill": "#BEBADA","supply": [{"label": "00 hrs","value": 2}, {"label": "01 hrs","value": 1}, {"label": "03 hrs","value": 1}, {"label": "05 hrs","value": 1}, {"label": "06 hrs","value": 1}, {"label": "10 hrs","value": 1}, {"label": "13 hrs","value": 2}, {"label": "16 hrs","value": 1}, {"label": "17 hrs","value": 2}, {"label": "18 hrs","value": 1}, {"label": "20 hrs","value": 1}, {"label": "21 hrs","value": 4}, {"label": "23 hrs","value": 2}],"supplyDx": [{"label": "Dx02","value": 18}, {"label": "Dx03","value": 1}, {"label": "Dx108","value": 1}],"supplyService": [{"label": "Emergency Department (ED)","value": 20}],"supplyBook": [{"label": "FALSE","value": 20}]}, {"source": 20,"target": 27,"value": 65,"fill": "#BEBADA","supply": [{"label": "00 hrs","value": 1}, {"label": "01 hrs","value": 2}, {"label": "02 hrs","value": 2}, {"label": "03 hrs","value": 1}, {"label": "05 hrs","value": 1}, {"label": "06 hrs","value": 3}, {"label": "07 hrs","value": 1}, {"label": "08 hrs","value": 1}, {"label": "09 hrs","value": 4}, {"label": "10 hrs","value": 4}, {"label": "11 hrs","value": 5}, {"label": "12 hrs","value": 1}, {"label": "13 hrs","value": 7}, {"label": "14 hrs","value": 2}, {"label": "15 hrs","value": 5}, {"label": "16 hrs","value": 4}, {"label": "17 hrs","value": 9}, {"label": "18 hrs","value": 1}, {"label": "19 hrs","value": 2}, {"label": "20 hrs","value": 4}, {"label": "21 hrs","value": 3}, {"label": "22 hrs","value": 2}],"supplyDx": [{"label": "Dx01125","value": 1}, {"label": "Dx05","value": 11}, {"label": "Dx06","value": 25}, {"label": "Dx07","value": 16}, {"label": "Dx08","value": 2}, {"label": "Dx10","value": 1}, {"label": "Dx11","value": 1}, {"label": "Dx12","value": 1}, {"label": "Dx13","value": 5}, {"label": "Dx16","value": 1}, {"label": "Dx46","value": 1}],"supplyService": [{"label": "GP Practice","value": 51}, {"label": "GP Practice Extended Hours","value": 14}],"supplyBook": [{"label": "FALSE","value": 48}, {"label": "TRUE","value": 17}]}, {"source": 20,"target": 28,"value": 55,"fill": "#BEBADA","supply": [{"label": "00 hrs","value": 3}, {"label": "01 hrs","value": 3}, {"label": "02 hrs","value": 3}, {"label": "04 hrs","value": 1}, {"label": "05 hrs","value": 1}, {"label": "07 hrs","value": 1}, {"label": "14 hrs","value": 1}, {"label": "15 hrs","value": 1}, {"label": "16 hrs","value": 1}, {"label": "17 hrs","value": 1}, {"label": "18 hrs","value": 8}, {"label": "19 hrs","value": 4}, {"label": "20 hrs","value": 4}, {"label": "21 hrs","value": 11}, {"label": "22 hrs","value": 7}, {"label": "23 hrs","value": 5}],"supplyDx": [{"label": "Dx05","value": 24}, {"label": "Dx06","value": 30}, {"label": "Dx11","value": 1}],"supplyService": [{"label": "Integrated Urgent Care (IUC) Clinical Assessment Service (CAS)","value": 1}, {"label": "Integrated Urgent Care (IUC) Treatment Service","value": 54}],"supplyBook": [{"label": "FALSE","value": 8}, {"label": "TRUE","value": 47}]}, {"source": 20,"target": 29,"value": 1,"fill": "#BEBADA","supply": [{"label": "20 hrs","value": 1}],"supplyDx": [{"label": "Dx92","value": 1}],"supplyService": [{"label": "Mental Health","value": 1}],"supplyBook": [{"label": "FALSE","value": 1}]}, {"source": 20,"target": 30,"value": 33,"fill": "#BEBADA","supply": [{"label": "00 hrs","value": 1}, {"label": "02 hrs","value": 1}, {"label": "03 hrs","value": 2}, {"label": "07 hrs","value": 8}, {"label": "09 hrs","value": 1}, {"label": "10 hrs","value": 1}, {"label": "11 hrs","value": 1}, {"label": "13 hrs","value": 4}, {"label": "14 hrs","value": 2}, {"label": "15 hrs","value": 5}, {"label": "16 hrs","value": 2}, {"label": "17 hrs","value": 2}, {"label": "20 hrs","value": 2}, {"label": "22 hrs","value": 1}],"supplyDx": [{"label": "Dx02","value": 5}, {"label": "Dx03","value": 4}, {"label": "Dx05","value": 8}, {"label": "Dx06","value": 14}, {"label": "Dx07","value": 1}, {"label": "Dx08","value": 1}],"supplyService": [{"label": "Urgent Care Centre (UCC)","value": 6}, {"label": "Urgent Treatment Centre (UTC)","value": 12}, {"label": "Walk-In Centre (WIC)","value": 15}],"supplyBook": [{"label": "FALSE","value": 16}, {"label": "TRUE","value": 17}]}, {"source": 20,"target": 31,"value": 1,"fill": "#BEBADA","supply": [{"label": "11 hrs","value": 1}],"supplyDx": [{"label": "Dx73","value": 1}],"supplyService": [{"label": "Safeguarding","value": 1}],"supplyBook": [{"label": "FALSE","value": 1}]}, {"source": 20,"target": 32,"value": 1,"fill": "#BEBADA","supply": [{"label": "12 hrs","value": 1}],"supplyDx": [{"label": "Dx06","value": 1}],"supplyService": [{"label": "Pharmacy Enhanced Service","value": 1}],"supplyBook": [{"label": "FALSE","value": 1}]}]}