{"nodes":[{"layer":1,"name":"Health Advisor  HA ","fill":"#8C2D04","grouping":[{"label":"Health Advisor  HA ","value":1}]},{"layer":1,"name":"Clinical Advisor  CA ","fill":"#8C2D04","grouping":[{"label":"Clinical Advisor  CA ","value":1}]},{"layer":1,"name":"LAS 999 Callers  HCP5 ","fill":"#8C2D04","grouping":[{"label":"LAS 999 Callers  HCP5 ","value":1}]},{"layer":1,"name":"Care Home Callers  HCP6 ","fill":"#8C2D04","grouping":[{"label":"Care Home Callers  HCP6 ","value":1}]},{"layer":1,"name":"Pharmacy Callers  HCP8 ","fill":"#8C2D04","grouping":[{"label":"Pharmacy Callers  HCP8 ","value":1}]},{"layer":1,"name":"Worsening  HAW ","fill":"#8C2D04","grouping":[{"label":"Worsening  HAW ","value":1}]},{"layer":1,"name":"Admin","fill":"#8C2D04","grouping":[{"label":"Admin","value":1}]},{"layer":1,"name":"Dental","fill":"#8C2D04","grouping":[{"label":"Dental","value":1}]},{"layer":1,"name":"National Contingency","fill":"#8C2D04","grouping":[{"label":"National Contingency","value":1}]},{"layer":1,"name":"No Destination Call Type","fill":"#8C2D04","grouping":[{"label":"No Destination Call Type","value":1}]},{"layer":1,"name":"Other","fill":"#8C2D04","grouping":[{"label":"Other","value":1}]},{"layer":1,"name":"Dental","fill":"#8C2D04","grouping":[{"label":"Dental","value":1}]},{"layer":2,"name":"InHealth","fill":"#D94801","grouping":[{"label":"InHealth","value":1}]},{"layer":2,"name":"NEL 111","fill":"#D94801","grouping":[{"label":"PRM","value":1}]}],"links":[{"source":0,"target":13,"value":1032,"fill":"#BEBADA","supply":[{"label":"00 hrs","value":9},{"label":"01 hrs","value":25},{"label":"02 hrs","value":17},{"label":"03 hrs","value":16},{"label":"04 hrs","value":15},{"label":"05 hrs","value":9},{"label":"06 hrs","value":23},{"label":"07 hrs","value":29},{"label":"08 hrs","value":41},{"label":"09 hrs","value":45},{"label":"10 hrs","value":51},{"label":"11 hrs","value":52},{"label":"12 hrs","value":51},{"label":"13 hrs","value":56},{"label":"14 hrs","value":48},{"label":"15 hrs","value":60},{"label":"16 hrs","value":66},{"label":"17 hrs","value":48},{"label":"18 hrs","value":84},{"label":"19 hrs","value":88},{"label":"20 hrs","value":66},{"label":"21 hrs","value":55},{"label":"22 hrs","value":38},{"label":"23 hrs","value":40}],"supplyDx":[{"label":"","value":0}],"supplyService":[{"label":"","value":0}],"supplyBook":[{"label":"","value":0}]},{"source":1,"target":13,"value":9,"fill":"#FCC5C0","supply":[{"label":"00 hrs","value":0},{"label":"01 hrs","value":1},{"label":"02 hrs","value":0},{"label":"03 hrs","value":0},{"label":"04 hrs","value":0},{"label":"05 hrs","value":0},{"label":"06 hrs","value":0},{"label":"07 hrs","value":0},{"label":"08 hrs","value":0},{"label":"09 hrs","value":0},{"label":"10 hrs","value":0},{"label":"11 hrs","value":0},{"label":"12 hrs","value":0},{"label":"13 hrs","value":0},{"label":"14 hrs","value":0},{"label":"15 hrs","value":0},{"label":"16 hrs","value":2},{"label":"17 hrs","value":1},{"label":"18 hrs","value":3},{"label":"19 hrs","value":2},{"label":"20 hrs","value":0},{"label":"21 hrs","value":0},{"label":"22 hrs","value":0},{"label":"23 hrs","value":0}],"supplyDx":[{"label":"","value":0}],"supplyService":[{"label":"","value":0}],"supplyBook":[{"label":"","value":0}]},{"source":2,"target":13,"value":13,"fill":"#8DD3C7","supply":[{"label":"00 hrs","value":0},{"label":"01 hrs","value":1},{"label":"02 hrs","value":0},{"label":"03 hrs","value":2},{"label":"04 hrs","value":0},{"label":"05 hrs","value":1},{"label":"06 hrs","value":0},{"label":"07 hrs","value":0},{"label":"08 hrs","value":0},{"label":"09 hrs","value":0},{"label":"10 hrs","value":0},{"label":"11 hrs","value":0},{"label":"12 hrs","value":0},{"label":"13 hrs","value":1},{"label":"14 hrs","value":0},{"label":"15 hrs","value":0},{"label":"16 hrs","value":1},{"label":"17 hrs","value":2},{"label":"18 hrs","value":1},{"label":"19 hrs","value":1},{"label":"20 hrs","value":1},{"label":"21 hrs","value":1},{"label":"22 hrs","value":0},{"label":"23 hrs","value":1}],"supplyDx":[{"label":"","value":0}],"supplyService":[{"label":"","value":0}],"supplyBook":[{"label":"","value":0}]},{"source":3,"target":13,"value":11,"fill":"#8DD3C7","supply":[{"label":"00 hrs","value":0},{"label":"01 hrs","value":0},{"label":"02 hrs","value":0},{"label":"03 hrs","value":2},{"label":"04 hrs","value":1},{"label":"05 hrs","value":0},{"label":"06 hrs","value":0},{"label":"07 hrs","value":0},{"label":"08 hrs","value":0},{"label":"09 hrs","value":0},{"label":"10 hrs","value":0},{"label":"11 hrs","value":0},{"label":"12 hrs","value":1},{"label":"13 hrs","value":0},{"label":"14 hrs","value":2},{"label":"15 hrs","value":0},{"label":"16 hrs","value":0},{"label":"17 hrs","value":1},{"label":"18 hrs","value":1},{"label":"19 hrs","value":0},{"label":"20 hrs","value":1},{"label":"21 hrs","value":0},{"label":"22 hrs","value":1},{"label":"23 hrs","value":1}],"supplyDx":[{"label":"","value":0}],"supplyService":[{"label":"","value":0}],"supplyBook":[{"label":"","value":0}]},{"source":4,"target":13,"value":1,"fill":"#8DD3C7","supply":[{"label":"00 hrs","value":0},{"label":"01 hrs","value":0},{"label":"02 hrs","value":0},{"label":"03 hrs","value":0},{"label":"04 hrs","value":0},{"label":"05 hrs","value":0},{"label":"06 hrs","value":0},{"label":"07 hrs","value":0},{"label":"08 hrs","value":0},{"label":"09 hrs","value":0},{"label":"10 hrs","value":0},{"label":"11 hrs","value":0},{"label":"12 hrs","value":0},{"label":"13 hrs","value":0},{"label":"14 hrs","value":0},{"label":"15 hrs","value":0},{"label":"16 hrs","value":1},{"label":"17 hrs","value":0},{"label":"18 hrs","value":0},{"label":"19 hrs","value":0},{"label":"20 hrs","value":0},{"label":"21 hrs","value":0},{"label":"22 hrs","value":0},{"label":"23 hrs","value":0}],"supplyDx":[{"label":"","value":0}],"supplyService":[{"label":"","value":0}],"supplyBook":[{"label":"","value":0}]},{"source":5,"target":13,"value":44,"fill":"#A65628","supply":[{"label":"00 hrs","value":1},{"label":"01 hrs","value":1},{"label":"02 hrs","value":2},{"label":"03 hrs","value":0},{"label":"04 hrs","value":0},{"label":"05 hrs","value":0},{"label":"06 hrs","value":0},{"label":"07 hrs","value":1},{"label":"08 hrs","value":1},{"label":"09 hrs","value":2},{"label":"10 hrs","value":2},{"label":"11 hrs","value":3},{"label":"12 hrs","value":1},{"label":"13 hrs","value":2},{"label":"14 hrs","value":4},{"label":"15 hrs","value":4},{"label":"16 hrs","value":4},{"label":"17 hrs","value":1},{"label":"18 hrs","value":2},{"label":"19 hrs","value":2},{"label":"20 hrs","value":4},{"label":"21 hrs","value":3},{"label":"22 hrs","value":1},{"label":"23 hrs","value":3}],"supplyDx":[{"label":"","value":0}],"supplyService":[{"label":"","value":0}],"supplyBook":[{"label":"","value":0}]},{"source":6,"target":13,"value":78,"fill":"#FB8072","supply":[{"label":"00 hrs","value":3},{"label":"01 hrs","value":1},{"label":"02 hrs","value":0},{"label":"03 hrs","value":1},{"label":"04 hrs","value":2},{"label":"05 hrs","value":1},{"label":"06 hrs","value":0},{"label":"07 hrs","value":7},{"label":"08 hrs","value":3},{"label":"09 hrs","value":1},{"label":"10 hrs","value":4},{"label":"11 hrs","value":8},{"label":"12 hrs","value":7},{"label":"13 hrs","value":1},{"label":"14 hrs","value":6},{"label":"15 hrs","value":7},{"label":"16 hrs","value":4},{"label":"17 hrs","value":4},{"label":"18 hrs","value":4},{"label":"19 hrs","value":2},{"label":"20 hrs","value":7},{"label":"21 hrs","value":1},{"label":"22 hrs","value":3},{"label":"23 hrs","value":1}],"supplyDx":[{"label":"","value":0}],"supplyService":[{"label":"","value":0}],"supplyBook":[{"label":"","value":0}]},{"source":7,"target":13,"value":186,"fill":"#FF7F00","supply":[{"label":"00 hrs","value":1},{"label":"01 hrs","value":1},{"label":"02 hrs","value":2},{"label":"03 hrs","value":0},{"label":"04 hrs","value":1},{"label":"05 hrs","value":1},{"label":"06 hrs","value":2},{"label":"07 hrs","value":1},{"label":"08 hrs","value":4},{"label":"09 hrs","value":21},{"label":"10 hrs","value":17},{"label":"11 hrs","value":19},{"label":"12 hrs","value":16},{"label":"13 hrs","value":11},{"label":"14 hrs","value":9},{"label":"15 hrs","value":12},{"label":"16 hrs","value":13},{"label":"17 hrs","value":9},{"label":"18 hrs","value":9},{"label":"19 hrs","value":6},{"label":"20 hrs","value":12},{"label":"21 hrs","value":7},{"label":"22 hrs","value":7},{"label":"23 hrs","value":5}],"supplyDx":[{"label":"","value":0}],"supplyService":[{"label":"","value":0}],"supplyBook":[{"label":"","value":0}]},{"source":8,"target":13,"value":50,"fill":"#BEBADA","supply":[{"label":"00 hrs","value":0},{"label":"01 hrs","value":0},{"label":"02 hrs","value":0},{"label":"03 hrs","value":0},{"label":"04 hrs","value":0},{"label":"05 hrs","value":0},{"label":"06 hrs","value":0},{"label":"07 hrs","value":0},{"label":"08 hrs","value":0},{"label":"09 hrs","value":0},{"label":"10 hrs","value":0},{"label":"11 hrs","value":0},{"label":"12 hrs","value":0},{"label":"13 hrs","value":0},{"label":"14 hrs","value":0},{"label":"15 hrs","value":0},{"label":"16 hrs","value":2},{"label":"17 hrs","value":12},{"label":"18 hrs","value":2},{"label":"19 hrs","value":7},{"label":"20 hrs","value":11},{"label":"21 hrs","value":7},{"label":"22 hrs","value":5},{"label":"23 hrs","value":4}],"supplyDx":[{"label":"","value":0}],"supplyService":[{"label":"","value":0}],"supplyBook":[{"label":"","value":0}]},{"source":9,"target":13,"value":549,"fill":"#BEBADA","supply":[{"label":"00 hrs","value":23},{"label":"01 hrs","value":8},{"label":"02 hrs","value":1},{"label":"03 hrs","value":3},{"label":"04 hrs","value":6},{"label":"05 hrs","value":4},{"label":"06 hrs","value":7},{"label":"07 hrs","value":8},{"label":"08 hrs","value":33},{"label":"09 hrs","value":52},{"label":"10 hrs","value":60},{"label":"11 hrs","value":51},{"label":"12 hrs","value":56},{"label":"13 hrs","value":36},{"label":"14 hrs","value":41},{"label":"15 hrs","value":55},{"label":"16 hrs","value":32},{"label":"17 hrs","value":37},{"label":"18 hrs","value":10},{"label":"19 hrs","value":8},{"label":"20 hrs","value":7},{"label":"21 hrs","value":6},{"label":"22 hrs","value":2},{"label":"23 hrs","value":3}],"supplyDx":[{"label":"","value":0}],"supplyService":[{"label":"","value":0}],"supplyBook":[{"label":"","value":0}]},{"source":10,"target":12,"value":751,"fill":"#BEBADA","supply":[{"label":"00 hrs","value":0},{"label":"01 hrs","value":0},{"label":"02 hrs","value":0},{"label":"03 hrs","value":0},{"label":"04 hrs","value":0},{"label":"05 hrs","value":0},{"label":"06 hrs","value":0},{"label":"07 hrs","value":0},{"label":"08 hrs","value":32},{"label":"09 hrs","value":43},{"label":"10 hrs","value":42},{"label":"11 hrs","value":40},{"label":"12 hrs","value":39},{"label":"13 hrs","value":47},{"label":"14 hrs","value":43},{"label":"15 hrs","value":53},{"label":"16 hrs","value":57},{"label":"17 hrs","value":36},{"label":"18 hrs","value":67},{"label":"19 hrs","value":75},{"label":"20 hrs","value":59},{"label":"21 hrs","value":51},{"label":"22 hrs","value":33},{"label":"23 hrs","value":34}],"supplyDx":[{"label":"","value":0}],"supplyService":[{"label":"","value":0}],"supplyBook":[{"label":"","value":0}]},{"source":11,"target":12,"value":167,"fill":"#FF7F00","supply":[{"label":"00 hrs","value":0},{"label":"01 hrs","value":0},{"label":"02 hrs","value":0},{"label":"03 hrs","value":0},{"label":"04 hrs","value":0},{"label":"05 hrs","value":0},{"label":"06 hrs","value":0},{"label":"07 hrs","value":0},{"label":"08 hrs","value":4},{"label":"09 hrs","value":18},{"label":"10 hrs","value":15},{"label":"11 hrs","value":20},{"label":"12 hrs","value":16},{"label":"13 hrs","value":11},{"label":"14 hrs","value":9},{"label":"15 hrs","value":11},{"label":"16 hrs","value":13},{"label":"17 hrs","value":8},{"label":"18 hrs","value":8},{"label":"19 hrs","value":6},{"label":"20 hrs","value":11},{"label":"21 hrs","value":7},{"label":"22 hrs","value":6},{"label":"23 hrs","value":4}],"supplyDx":[{"label":"","value":0}],"supplyService":[{"label":"","value":0}],"supplyBook":[{"label":"","value":0}]}]}