{
  "nodes": [
    {"layer": 1,"name": "Health Advisor  HA ","fill": "#8C2D04"},
    {"layer": 1,"name": "Clinical Advisor  CA ","fill": "#8C2D04"},
    {"layer": 1,"name": "LAS 999 Callers  HCP5 ","fill": "#8C2D04"},
    {"layer": 1,"name": "Care Home Callers  HCP6 ","fill": "#8C2D04"},
    {"layer": 1,"name": "Pharmacy Callers  HCP8 ","fill": "#8C2D04"},
    {"layer": 1,"name": "Worsening  HAW ","fill": "#8C2D04"},
    {"layer": 1,"name": "Admin","fill": "#8C2D04"},
    {"layer": 1,"name": "Dental","fill": "#8C2D04"},
    {"layer": 1,"name": "No Destination Call Type","fill": "#8C2D04"},
    {"layer": 1,"name": "Other","fill": "#8C2D04"},
    {"layer": 1,"name": "Dental","fill": "#8C2D04"},
    {"layer": 2,"name": "InHealth","fill": "#D94801"},
    {"layer": 2,"name": "NEL 111","fill": "#D94801"}
  ],
  "links": [{"source": 0,"target": 12,"value": 1059,"fill": "#BEBADA","supply": [{"label": "00 hrs","value": 10}, {"label": "01 hrs","value": 15}, {"label": "02 hrs","value": 12}, {"label": "03 hrs","value": 15}, {"label": "04 hrs","value": 18}, {"label": "05 hrs","value": 14}, {"label": "06 hrs","value": 16}, {"label": "07 hrs","value": 31}, {"label": "08 hrs","value": 42}, {"label": "09 hrs","value": 49}, {"label": "10 hrs","value": 62}, {"label": "11 hrs","value": 85}, {"label": "12 hrs","value": 75}, {"label": "13 hrs","value": 68}, {"label": "14 hrs","value": 59}, {"label": "15 hrs","value": 57}, {"label": "16 hrs","value": 70}, {"label": "17 hrs","value": 56}, {"label": "18 hrs","value": 68}, {"label": "19 hrs","value": 60}, {"label": "20 hrs","value": 54}, {"label": "21 hrs","value": 39}, {"label": "22 hrs","value": 49}, {"label": "23 hrs","value": 35}],"supplyDx": [{"label": "","value": 0}],"supplyService": [{"label": "","value": 0}],"supplyBook": [{"label": "","value": 0}]  }, {"source": 1,"target": 12,"value": 2,"fill": "#FCC5C0","supply": [{"label": "00 hrs","value": 0}, {"label": "01 hrs","value": 0}, {"label": "02 hrs","value": 0}, {"label": "03 hrs","value": 0}, {"label": "04 hrs","value": 0}, {"label": "05 hrs","value": 0}, {"label": "06 hrs","value": 1}, {"label": "07 hrs","value": 0}, {"label": "08 hrs","value": 0}, {"label": "09 hrs","value": 0}, {"label": "10 hrs","value": 0}, {"label": "11 hrs","value": 0}, {"label": "12 hrs","value": 0}, {"label": "13 hrs","value": 0}, {"label": "14 hrs","value": 0}, {"label": "15 hrs","value": 0}, {"label": "16 hrs","value": 0}, {"label": "17 hrs","value": 0}, {"label": "18 hrs","value": 0}, {"label": "19 hrs","value": 1}, {"label": "20 hrs","value": 0}, {"label": "21 hrs","value": 0}, {"label": "22 hrs","value": 0}, {"label": "23 hrs","value": 0}],"supplyDx": [{"label": "","value": 0}],"supplyService": [{"label": "","value": 0}],"supplyBook": [{"label": "","value": 0}]  }, {"source": 2,"target": 12,"value": 22,"fill": "#8DD3C7","supply": [{"label": "00 hrs","value": 1}, {"label": "01 hrs","value": 0}, {"label": "02 hrs","value": 0}, {"label": "03 hrs","value": 1}, {"label": "04 hrs","value": 0}, {"label": "05 hrs","value": 0}, {"label": "06 hrs","value": 0}, {"label": "07 hrs","value": 1}, {"label": "08 hrs","value": 2}, {"label": "09 hrs","value": 0}, {"label": "10 hrs","value": 0}, {"label": "11 hrs","value": 0}, {"label": "12 hrs","value": 0}, {"label": "13 hrs","value": 1}, {"label": "14 hrs","value": 1}, {"label": "15 hrs","value": 0}, {"label": "16 hrs","value": 1}, {"label": "17 hrs","value": 1}, {"label": "18 hrs","value": 1}, {"label": "19 hrs","value": 2}, {"label": "20 hrs","value": 1}, {"label": "21 hrs","value": 4}, {"label": "22 hrs","value": 1}, {"label": "23 hrs","value": 4}],"supplyDx": [{"label": "","value": 0}],"supplyService": [{"label": "","value": 0}],"supplyBook": [{"label": "","value": 0}]  }, {"source": 3,"target": 12,"value": 14,"fill": "#8DD3C7","supply": [{"label": "00 hrs","value": 0}, {"label": "01 hrs","value": 1}, {"label": "02 hrs","value": 1}, {"label": "03 hrs","value": 1}, {"label": "04 hrs","value": 0}, {"label": "05 hrs","value": 0}, {"label": "06 hrs","value": 0}, {"label": "07 hrs","value": 0}, {"label": "08 hrs","value": 1}, {"label": "09 hrs","value": 1}, {"label": "10 hrs","value": 0}, {"label": "11 hrs","value": 1}, {"label": "12 hrs","value": 1}, {"label": "13 hrs","value": 0}, {"label": "14 hrs","value": 0}, {"label": "15 hrs","value": 1}, {"label": "16 hrs","value": 0}, {"label": "17 hrs","value": 1}, {"label": "18 hrs","value": 0}, {"label": "19 hrs","value": 0}, {"label": "20 hrs","value": 1}, {"label": "21 hrs","value": 0}, {"label": "22 hrs","value": 3}, {"label": "23 hrs","value": 1}],"supplyDx": [{"label": "","value": 0}],"supplyService": [{"label": "","value": 0}],"supplyBook": [{"label": "","value": 0}]  }, {"source": 4,"target": 12,"value": 1,"fill": "#8DD3C7","supply": [{"label": "00 hrs","value": 0}, {"label": "01 hrs","value": 0}, {"label": "02 hrs","value": 0}, {"label": "03 hrs","value": 0}, {"label": "04 hrs","value": 0}, {"label": "05 hrs","value": 0}, {"label": "06 hrs","value": 0}, {"label": "07 hrs","value": 0}, {"label": "08 hrs","value": 0}, {"label": "09 hrs","value": 0}, {"label": "10 hrs","value": 1}, {"label": "11 hrs","value": 0}, {"label": "12 hrs","value": 0}, {"label": "13 hrs","value": 0}, {"label": "14 hrs","value": 0}, {"label": "15 hrs","value": 0}, {"label": "16 hrs","value": 0}, {"label": "17 hrs","value": 0}, {"label": "18 hrs","value": 0}, {"label": "19 hrs","value": 0}, {"label": "20 hrs","value": 0}, {"label": "21 hrs","value": 0}, {"label": "22 hrs","value": 0}, {"label": "23 hrs","value": 0}],"supplyDx": [{"label": "","value": 0}],"supplyService": [{"label": "","value": 0}],"supplyBook": [{"label": "","value": 0}]  }, {"source": 5,"target": 12,"value": 43,"fill": "#A65628","supply": [{"label": "00 hrs","value": 1}, {"label": "01 hrs","value": 2}, {"label": "02 hrs","value": 0}, {"label": "03 hrs","value": 2}, {"label": "04 hrs","value": 0}, {"label": "05 hrs","value": 0}, {"label": "06 hrs","value": 1}, {"label": "07 hrs","value": 0}, {"label": "08 hrs","value": 0}, {"label": "09 hrs","value": 2}, {"label": "10 hrs","value": 2}, {"label": "11 hrs","value": 2}, {"label": "12 hrs","value": 5}, {"label": "13 hrs","value": 1}, {"label": "14 hrs","value": 3}, {"label": "15 hrs","value": 1}, {"label": "16 hrs","value": 4}, {"label": "17 hrs","value": 2}, {"label": "18 hrs","value": 1}, {"label": "19 hrs","value": 3}, {"label": "20 hrs","value": 3}, {"label": "21 hrs","value": 2}, {"label": "22 hrs","value": 3}, {"label": "23 hrs","value": 3}],"supplyDx": [{"label": "","value": 0}],"supplyService": [{"label": "","value": 0}],"supplyBook": [{"label": "","value": 0}]  }, {"source": 6,"target": 12,"value": 79,"fill": "#FB8072","supply": [{"label": "00 hrs","value": 0}, {"label": "01 hrs","value": 2}, {"label": "02 hrs","value": 2}, {"label": "03 hrs","value": 1}, {"label": "04 hrs","value": 1}, {"label": "05 hrs","value": 0}, {"label": "06 hrs","value": 0}, {"label": "07 hrs","value": 2}, {"label": "08 hrs","value": 2}, {"label": "09 hrs","value": 4}, {"label": "10 hrs","value": 4}, {"label": "11 hrs","value": 10}, {"label": "12 hrs","value": 5}, {"label": "13 hrs","value": 8}, {"label": "14 hrs","value": 2}, {"label": "15 hrs","value": 8}, {"label": "16 hrs","value": 3}, {"label": "17 hrs","value": 3}, {"label": "18 hrs","value": 4}, {"label": "19 hrs","value": 5}, {"label": "20 hrs","value": 6}, {"label": "21 hrs","value": 3}, {"label": "22 hrs","value": 3}, {"label": "23 hrs","value": 1}],"supplyDx": [{"label": "","value": 0}],"supplyService": [{"label": "","value": 0}],"supplyBook": [{"label": "","value": 0}]  }, {"source": 7,"target": 12,"value": 169,"fill": "#FF7F00","supply": [{"label": "00 hrs","value": 1}, {"label": "01 hrs","value": 4}, {"label": "02 hrs","value": 4}, {"label": "03 hrs","value": 1}, {"label": "04 hrs","value": 2}, {"label": "05 hrs","value": 2}, {"label": "06 hrs","value": 2}, {"label": "07 hrs","value": 2}, {"label": "08 hrs","value": 10}, {"label": "09 hrs","value": 12}, {"label": "10 hrs","value": 15}, {"label": "11 hrs","value": 17}, {"label": "12 hrs","value": 12}, {"label": "13 hrs","value": 14}, {"label": "14 hrs","value": 7}, {"label": "15 hrs","value": 9}, {"label": "16 hrs","value": 10}, {"label": "17 hrs","value": 10}, {"label": "18 hrs","value": 8}, {"label": "19 hrs","value": 9}, {"label": "20 hrs","value": 7}, {"label": "21 hrs","value": 5}, {"label": "22 hrs","value": 5}, {"label": "23 hrs","value": 1}],"supplyDx": [{"label": "","value": 0}],"supplyService": [{"label": "","value": 0}],"supplyBook": [{"label": "","value": 0}]  }, {"source": 8,"target": 12,"value": 721,"fill": "#BEBADA","supply": [{"label": "00 hrs","value": 36}, {"label": "01 hrs","value": 10}, {"label": "02 hrs","value": 10}, {"label": "03 hrs","value": 2}, {"label": "04 hrs","value": 5}, {"label": "05 hrs","value": 0}, {"label": "06 hrs","value": 8}, {"label": "07 hrs","value": 23}, {"label": "08 hrs","value": 39}, {"label": "09 hrs","value": 33}, {"label": "10 hrs","value": 53}, {"label": "11 hrs","value": 50}, {"label": "12 hrs","value": 53}, {"label": "13 hrs","value": 69}, {"label": "14 hrs","value": 49}, {"label": "15 hrs","value": 54}, {"label": "16 hrs","value": 32}, {"label": "17 hrs","value": 38}, {"label": "18 hrs","value": 36}, {"label": "19 hrs","value": 30}, {"label": "20 hrs","value": 27}, {"label": "21 hrs","value": 36}, {"label": "22 hrs","value": 11}, {"label": "23 hrs","value": 17}],"supplyDx": [{"label": "","value": 0}],"supplyService": [{"label": "","value": 0}],"supplyBook": [{"label": "","value": 0}]  }, {"source": 9,"target": 11,"value": 783,"fill": "#BEBADA","supply": [{"label": "00 hrs","value": 0}, {"label": "01 hrs","value": 0}, {"label": "02 hrs","value": 0}, {"label": "03 hrs","value": 0}, {"label": "04 hrs","value": 0}, {"label": "05 hrs","value": 0}, {"label": "06 hrs","value": 0}, {"label": "07 hrs","value": 0}, {"label": "08 hrs","value": 33}, {"label": "09 hrs","value": 42}, {"label": "10 hrs","value": 49}, {"label": "11 hrs","value": 64}, {"label": "12 hrs","value": 68}, {"label": "13 hrs","value": 57}, {"label": "14 hrs","value": 53}, {"label": "15 hrs","value": 53}, {"label": "16 hrs","value": 62}, {"label": "17 hrs","value": 47}, {"label": "18 hrs","value": 59}, {"label": "19 hrs","value": 46}, {"label": "20 hrs","value": 44}, {"label": "21 hrs","value": 37}, {"label": "22 hrs","value": 42}, {"label": "23 hrs","value": 27}],"supplyDx": [{"label": "","value": 0}],"supplyService": [{"label": "","value": 0}],"supplyBook": [{"label": "","value": 0}]  }, {"source": 10,"target": 11,"value": 136,"fill": "#FF7F00","supply": [{"label": "00 hrs","value": 0}, {"label": "01 hrs","value": 0}, {"label": "02 hrs","value": 0}, {"label": "03 hrs","value": 0}, {"label": "04 hrs","value": 0}, {"label": "05 hrs","value": 0}, {"label": "06 hrs","value": 0}, {"label": "07 hrs","value": 0}, {"label": "08 hrs","value": 9}, {"label": "09 hrs","value": 11}, {"label": "10 hrs","value": 14}, {"label": "11 hrs","value": 16}, {"label": "12 hrs","value": 11}, {"label": "13 hrs","value": 13}, {"label": "14 hrs","value": 6}, {"label": "15 hrs","value": 7}, {"label": "16 hrs","value": 10}, {"label": "17 hrs","value": 9}, {"label": "18 hrs","value": 8}, {"label": "19 hrs","value": 7}, {"label": "20 hrs","value": 6}, {"label": "21 hrs","value": 4}, {"label": "22 hrs","value": 5}, {"label": "23 hrs","value": 0}],"supplyDx": [{"label": "","value": 0}],"supplyService": [{"label": "","value": 0}],"supplyBook": [{"label": "","value": 0}]  }]}