{"nodes":[{"layer":0,"name":"National Telephony","fill":"#8C2D04","grouping":[{"label":"National Telephony","value":2636}]},{"layer":1,"name":"Admin","fill":"#D94801","grouping":[{"label":"Admin","value":147}]},{"layer":1,"name":"CMC (Clinical Advisor)","fill":"#D94801","grouping":[{"label":"CMC (Clinical Advisor)","value":5}]},{"layer":1,"name":"Dental","fill":"#D94801","grouping":[{"label":"Dental","value":225}]},{"layer":1,"name":"Other","fill":"#D94801","grouping":[{"label":"Other","value":2151}]},{"layer":1,"name":"Star Lines","fill":"#D94801","grouping":[{"label":"Star Lines","value":53}]},{"layer":1,"name":"Worsening","fill":"#D94801","grouping":[{"label":"Worsening","value":55}]},{"layer":2,"name":"InHealth","fill":"#F16913","grouping":[{"label":"InHealth","value":1342},{"label":"InHealth (Dental)","value":199}]},{"layer":2,"name":"NEL 111","fill":"#F16913","grouping":[{"label":"PRM","value":2636}]},{"layer":4,"name":"CA","fill":"#FD8D3C","grouping":[{"label":"CA","value":16}]},{"layer":4,"name":"GP","fill":"#FD8D3C","grouping":[{"label":"GP","value":16}]},{"layer":4,"name":"HA","fill":"#FD8D3C","grouping":[{"label":"HA","value":100}]},{"layer":4,"name":"SA","fill":"#FD8D3C","grouping":[{"label":"SA","value":25}]},{"layer":5,"name":"CA","fill":"#FDAE6B","grouping":[{"label":"CA","value":45}]},{"layer":5,"name":"GP","fill":"#FDAE6B","grouping":[{"label":"GP","value":64}]},{"layer":5,"name":"HA","fill":"#FDAE6B","grouping":[{"label":"HA","value":48}]},{"layer":7,"name":"999","fill":"#FDD0A2","grouping":[{"label":"NHS Ambulance Service","value":4}]},{"layer":7,"name":"Care Home","fill":"#FDD0A2","grouping":[{"label":"Care Home","value":58}]},{"layer":7,"name":"Dental","fill":"#FDD0A2","grouping":[{"label":"Dental Emergency","value":62},{"label":"Dental Service","value":2}]},{"layer":7,"name":"District/Community Nurse","fill":"#FDD0A2","grouping":[{"label":"District/Community Nurse","value":7}]},{"layer":7,"name":"ED","fill":"#FDD0A2","grouping":[{"label":"Emergency Department (ED)","value":73},{"label":"Emergency Department (ED) Eye Casualty","value":1}]},{"layer":7,"name":"GP/GP Extended Hours/GP Choice/Hub","fill":"#FDD0A2","grouping":[{"label":"GP Access Hub","value":2},{"label":"GP Practice","value":45},{"label":"GP Practice Extended Hours","value":255}]},{"layer":7,"name":"IUC CAS/Calls/Treatment","fill":"#FDD0A2","grouping":[{"label":"Integrated Urgent Care (IUC) Clinical Assessment Service (CAS)","value":22},{"label":"Integrated Urgent Care (IUC) NHS 111 Call Handling Provider","value":5},{"label":"Integrated Urgent Care (IUC) Treatment Service","value":429}]},{"layer":7,"name":"Mental Health","fill":"#FDD0A2","grouping":[{"label":"Mental Health","value":7}]},{"layer":7,"name":"MIU/UTC/UCC/WiC","fill":"#FDD0A2","grouping":[]},{"layer":7,"name":"Other","fill":"#FDD0A2","grouping":[]},{"layer":7,"name":"Specialist Services","fill":"#FDD0A2","grouping":[]}],"links":[{"source":0,"target":1,"value":147,"fill":"#FB8072","supply":[{"label":"00 hrs","value":1},{"label":"01 hrs","value":2},{"label":"02 hrs","value":2},{"label":"03 hrs","value":2},{"label":"04 hrs","value":1},{"label":"05 hrs","value":1},{"label":"06 hrs","value":4},{"label":"07 hrs","value":4},{"label":"08 hrs","value":7},{"label":"09 hrs","value":9},{"label":"10 hrs","value":5},{"label":"11 hrs","value":16},{"label":"12 hrs","value":13},{"label":"13 hrs","value":7},{"label":"14 hrs","value":9},{"label":"15 hrs","value":13},{"label":"16 hrs","value":6},{"label":"17 hrs","value":9},{"label":"18 hrs","value":11},{"label":"19 hrs","value":7},{"label":"20 hrs","value":6},{"label":"21 hrs","value":6},{"label":"22 hrs","value":3},{"label":"23 hrs","value":3}]},{"source":0,"target":2,"value":5,"fill":"#FCC5C0","supply":[{"label":"00 hrs","value":0},{"label":"01 hrs","value":0},{"label":"02 hrs","value":0},{"label":"03 hrs","value":0},{"label":"04 hrs","value":0},{"label":"05 hrs","value":0},{"label":"06 hrs","value":0},{"label":"07 hrs","value":0},{"label":"08 hrs","value":0},{"label":"09 hrs","value":2},{"label":"10 hrs","value":0},{"label":"11 hrs","value":0},{"label":"12 hrs","value":1},{"label":"13 hrs","value":0},{"label":"14 hrs","value":0},{"label":"15 hrs","value":2},{"label":"16 hrs","value":0},{"label":"17 hrs","value":0},{"label":"18 hrs","value":0},{"label":"19 hrs","value":0},{"label":"20 hrs","value":0},{"label":"21 hrs","value":0},{"label":"22 hrs","value":0},{"label":"23 hrs","value":0}]},{"source":0,"target":3,"value":26,"fill":"#FF7F00","supply":[{"label":"00 hrs","value":0},{"label":"01 hrs","value":1},{"label":"02 hrs","value":3},{"label":"03 hrs","value":0},{"label":"04 hrs","value":0},{"label":"05 hrs","value":3},{"label":"06 hrs","value":3},{"label":"07 hrs","value":2},{"label":"08 hrs","value":7},{"label":"09 hrs","value":27},{"label":"10 hrs","value":21},{"label":"11 hrs","value":17},{"label":"12 hrs","value":16},{"label":"13 hrs","value":19},{"label":"14 hrs","value":21},{"label":"15 hrs","value":19},{"label":"16 hrs","value":10},{"label":"17 hrs","value":11},{"label":"18 hrs","value":12},{"label":"19 hrs","value":4},{"label":"20 hrs","value":7},{"label":"21 hrs","value":9},{"label":"22 hrs","value":9},{"label":"23 hrs","value":4}]},{"source":0,"target":4,"value":809,"fill":"#BEBADA","supply":[{"label":"00 hrs","value":30},{"label":"01 hrs","value":29},{"label":"02 hrs","value":28},{"label":"03 hrs","value":19},{"label":"04 hrs","value":25},{"label":"05 hrs","value":22},{"label":"06 hrs","value":22},{"label":"07 hrs","value":53},{"label":"08 hrs","value":79},{"label":"09 hrs","value":160},{"label":"10 hrs","value":168},{"label":"11 hrs","value":173},{"label":"12 hrs","value":181},{"label":"13 hrs","value":145},{"label":"14 hrs","value":147},{"label":"15 hrs","value":129},{"label":"16 hrs","value":129},{"label":"17 hrs","value":123},{"label":"18 hrs","value":107},{"label":"19 hrs","value":119},{"label":"20 hrs","value":98},{"label":"21 hrs","value":83},{"label":"22 hrs","value":48},{"label":"23 hrs","value":34}]},{"source":0,"target":5,"value":53,"fill":"#8DD3C7","supply":[{"label":"00 hrs","value":0},{"label":"01 hrs","value":1},{"label":"02 hrs","value":1},{"label":"03 hrs","value":1},{"label":"04 hrs","value":1},{"label":"05 hrs","value":0},{"label":"06 hrs","value":2},{"label":"07 hrs","value":0},{"label":"08 hrs","value":3},{"label":"09 hrs","value":3},{"label":"10 hrs","value":2},{"label":"11 hrs","value":5},{"label":"12 hrs","value":6},{"label":"13 hrs","value":4},{"label":"14 hrs","value":1},{"label":"15 hrs","value":5},{"label":"16 hrs","value":2},{"label":"17 hrs","value":1},{"label":"18 hrs","value":3},{"label":"19 hrs","value":2},{"label":"20 hrs","value":3},{"label":"21 hrs","value":2},{"label":"22 hrs","value":4},{"label":"23 hrs","value":1}]},{"source":0,"target":6,"value":55,"fill":"#A65628","supply":[{"label":"00 hrs","value":1},{"label":"01 hrs","value":0},{"label":"02 hrs","value":2},{"label":"03 hrs","value":1},{"label":"04 hrs","value":1},{"label":"05 hrs","value":1},{"label":"06 hrs","value":2},{"label":"07 hrs","value":2},{"label":"08 hrs","value":0},{"label":"09 hrs","value":0},{"label":"10 hrs","value":1},{"label":"11 hrs","value":0},{"label":"12 hrs","value":7},{"label":"13 hrs","value":5},{"label":"14 hrs","value":1},{"label":"15 hrs","value":2},{"label":"16 hrs","value":5},{"label":"17 hrs","value":2},{"label":"18 hrs","value":3},{"label":"19 hrs","value":4},{"label":"20 hrs","value":5},{"label":"21 hrs","value":3},{"label":"22 hrs","value":5},{"label":"23 hrs","value":2}]},{"source":1,"target":8,"value":147,"fill":"#FB8072","supply":[{"label":"00 hrs","value":1},{"label":"01 hrs","value":2},{"label":"02 hrs","value":2},{"label":"03 hrs","value":2},{"label":"04 hrs","value":1},{"label":"05 hrs","value":1},{"label":"06 hrs","value":4},{"label":"07 hrs","value":4},{"label":"08 hrs","value":7},{"label":"09 hrs","value":9},{"label":"10 hrs","value":5},{"label":"11 hrs","value":16},{"label":"12 hrs","value":13},{"label":"13 hrs","value":7},{"label":"14 hrs","value":9},{"label":"15 hrs","value":13},{"label":"16 hrs","value":6},{"label":"17 hrs","value":9},{"label":"18 hrs","value":11},{"label":"19 hrs","value":7},{"label":"20 hrs","value":6},{"label":"21 hrs","value":6},{"label":"22 hrs","value":3},{"label":"23 hrs","value":3}]},{"source":2,"target":8,"value":5,"fill":"#FCC5C0","supply":[{"label":"00 hrs","value":0},{"label":"01 hrs","value":0},{"label":"02 hrs","value":0},{"label":"03 hrs","value":0},{"label":"04 hrs","value":0},{"label":"05 hrs","value":0},{"label":"06 hrs","value":0},{"label":"07 hrs","value":0},{"label":"08 hrs","value":0},{"label":"09 hrs","value":2},{"label":"10 hrs","value":0},{"label":"11 hrs","value":0},{"label":"12 hrs","value":1},{"label":"13 hrs","value":0},{"label":"14 hrs","value":0},{"label":"15 hrs","value":2},{"label":"16 hrs","value":0},{"label":"17 hrs","value":0},{"label":"18 hrs","value":0},{"label":"19 hrs","value":0},{"label":"20 hrs","value":0},{"label":"21 hrs","value":0},{"label":"22 hrs","value":0},{"label":"23 hrs","value":0}]},{"source":3,"target":8,"value":225,"fill":"#FF7F00","supply":[{"label":"00 hrs","value":0},{"label":"01 hrs","value":1},{"label":"02 hrs","value":3},{"label":"03 hrs","value":0},{"label":"04 hrs","value":0},{"label":"05 hrs","value":3},{"label":"06 hrs","value":3},{"label":"07 hrs","value":2},{"label":"08 hrs","value":7},{"label":"09 hrs","value":27},{"label":"10 hrs","value":21},{"label":"11 hrs","value":17},{"label":"12 hrs","value":16},{"label":"13 hrs","value":19},{"label":"14 hrs","value":21},{"label":"15 hrs","value":19},{"label":"16 hrs","value":10},{"label":"17 hrs","value":11},{"label":"18 hrs","value":12},{"label":"19 hrs","value":4},{"label":"20 hrs","value":7},{"label":"21 hrs","value":9},{"label":"22 hrs","value":9},{"label":"23 hrs","value":4}]},{"source":4,"target":8,"value":2151,"fill":"#BEBADA","supply":[{"label":"00 hrs","value":30},{"label":"01 hrs","value":29},{"label":"02 hrs","value":28},{"label":"03 hrs","value":19},{"label":"04 hrs","value":25},{"label":"05 hrs","value":22},{"label":"06 hrs","value":22},{"label":"07 hrs","value":53},{"label":"08 hrs","value":79},{"label":"09 hrs","value":160},{"label":"10 hrs","value":168},{"label":"11 hrs","value":173},{"label":"12 hrs","value":181},{"label":"13 hrs","value":145},{"label":"14 hrs","value":147},{"label":"15 hrs","value":129},{"label":"16 hrs","value":129},{"label":"17 hrs","value":123},{"label":"18 hrs","value":107},{"label":"19 hrs","value":119},{"label":"20 hrs","value":98},{"label":"21 hrs","value":83},{"label":"22 hrs","value":48},{"label":"23 hrs","value":34}]},{"source":5,"target":8,"value":53,"fill":"#8DD3C7","supply":[{"label":"00 hrs","value":0},{"label":"01 hrs","value":1},{"label":"02 hrs","value":1},{"label":"03 hrs","value":1},{"label":"04 hrs","value":1},{"label":"05 hrs","value":0},{"label":"06 hrs","value":2},{"label":"07 hrs","value":0},{"label":"08 hrs","value":3},{"label":"09 hrs","value":3},{"label":"10 hrs","value":2},{"label":"11 hrs","value":5},{"label":"12 hrs","value":6},{"label":"13 hrs","value":4},{"label":"14 hrs","value":1},{"label":"15 hrs","value":5},{"label":"16 hrs","value":2},{"label":"17 hrs","value":1},{"label":"18 hrs","value":3},{"label":"19 hrs","value":2},{"label":"20 hrs","value":3},{"label":"21 hrs","value":2},{"label":"22 hrs","value":4},{"label":"23 hrs","value":1}]},{"source":6,"target":8,"value":55,"fill":"#A65628","supply":[{"label":"00 hrs","value":1},{"label":"01 hrs","value":0},{"label":"02 hrs","value":2},{"label":"03 hrs","value":1},{"label":"04 hrs","value":1},{"label":"05 hrs","value":1},{"label":"06 hrs","value":2},{"label":"07 hrs","value":2},{"label":"08 hrs","value":0},{"label":"09 hrs","value":0},{"label":"10 hrs","value":1},{"label":"11 hrs","value":0},{"label":"12 hrs","value":7},{"label":"13 hrs","value":5},{"label":"14 hrs","value":1},{"label":"15 hrs","value":2},{"label":"16 hrs","value":5},{"label":"17 hrs","value":2},{"label":"18 hrs","value":3},{"label":"19 hrs","value":4},{"label":"20 hrs","value":5},{"label":"21 hrs","value":3},{"label":"22 hrs","value":5},{"label":"23 hrs","value":2}]},{"source":4,"target":7,"value":1342,"fill":"#BEBADA","supply":[{"label":"00 hrs","value":0},{"label":"01 hrs","value":0},{"label":"02 hrs","value":0},{"label":"03 hrs","value":0},{"label":"04 hrs","value":0},{"label":"05 hrs","value":0},{"label":"06 hrs","value":0},{"label":"07 hrs","value":0},{"label":"08 hrs","value":61},{"label":"09 hrs","value":110},{"label":"10 hrs","value":121},{"label":"11 hrs","value":133},{"label":"12 hrs","value":133},{"label":"13 hrs","value":104},{"label":"14 hrs","value":110},{"label":"15 hrs","value":94},{"label":"16 hrs","value":98},{"label":"17 hrs","value":92},{"label":"18 hrs","value":78},{"label":"19 hrs","value":66},{"label":"20 hrs","value":29},{"label":"21 hrs","value":59},{"label":"22 hrs","value":36},{"label":"23 hrs","value":18}]},{"source":3,"target":7,"value":199,"fill":"#FF7F00","supply":[{"label":"00 hrs","value":0},{"label":"01 hrs","value":0},{"label":"02 hrs","value":0},{"label":"03 hrs","value":0},{"label":"04 hrs","value":0},{"label":"05 hrs","value":0},{"label":"06 hrs","value":0},{"label":"07 hrs","value":0},{"label":"08 hrs","value":7},{"label":"09 hrs","value":22},{"label":"10 hrs","value":22},{"label":"11 hrs","value":17},{"label":"12 hrs","value":15},{"label":"13 hrs","value":19},{"label":"14 hrs","value":21},{"label":"15 hrs","value":18},{"label":"16 hrs","value":9},{"label":"17 hrs","value":10},{"label":"18 hrs","value":10},{"label":"19 hrs","value":3},{"label":"20 hrs","value":6},{"label":"21 hrs","value":9},{"label":"22 hrs","value":8},{"label":"23 hrs","value":3}]},{"source":8,"target":10,"value":2,"fill":"#FCC5C0","supply":[{"label":"00 hrs","value":0},{"label":"01 hrs","value":0},{"label":"02 hrs","value":0},{"label":"03 hrs","value":0},{"label":"04 hrs","value":0},{"label":"05 hrs","value":0},{"label":"06 hrs","value":0},{"label":"07 hrs","value":0},{"label":"08 hrs","value":0},{"label":"09 hrs","value":2},{"label":"10 hrs","value":0},{"label":"11 hrs","value":0},{"label":"12 hrs","value":0},{"label":"13 hrs","value":0},{"label":"14 hrs","value":0},{"label":"15 hrs","value":0},{"label":"16 hrs","value":0},{"label":"17 hrs","value":0},{"label":"18 hrs","value":0},{"label":"19 hrs","value":0},{"label":"20 hrs","value":0},{"label":"21 hrs","value":0},{"label":"22 hrs","value":0},{"label":"23 hrs","value":0}]},{"source":8,"target":11,"value":46,"fill":"#FCC5C0","supply":[{"label":"00 hrs","value":1},{"label":"01 hrs","value":0},{"label":"02 hrs","value":2},{"label":"03 hrs","value":1},{"label":"04 hrs","value":0},{"label":"05 hrs","value":0},{"label":"06 hrs","value":3},{"label":"07 hrs","value":1},{"label":"08 hrs","value":3},{"label":"09 hrs","value":4},{"label":"10 hrs","value":3},{"label":"11 hrs","value":2},{"label":"12 hrs","value":7},{"label":"13 hrs","value":4},{"label":"14 hrs","value":2},{"label":"15 hrs","value":0},{"label":"16 hrs","value":4},{"label":"17 hrs","value":1},{"label":"18 hrs","value":0},{"label":"19 hrs","value":1},{"label":"20 hrs","value":3},{"label":"21 hrs","value":2},{"label":"22 hrs","value":1},{"label":"23 hrs","value":1}]},{"source":8,"target":12,"value":6,"fill":"#FCC5C0","supply":[{"label":"00 hrs","value":0},{"label":"01 hrs","value":0},{"label":"02 hrs","value":0},{"label":"03 hrs","value":1},{"label":"04 hrs","value":0},{"label":"05 hrs","value":0},{"label":"06 hrs","value":0},{"label":"07 hrs","value":0},{"label":"08 hrs","value":1},{"label":"09 hrs","value":0},{"label":"10 hrs","value":0},{"label":"11 hrs","value":0},{"label":"12 hrs","value":2},{"label":"13 hrs","value":0},{"label":"14 hrs","value":0},{"label":"15 hrs","value":0},{"label":"16 hrs","value":0},{"label":"17 hrs","value":0},{"label":"18 hrs","value":1},{"label":"19 hrs","value":0},{"label":"20 hrs","value":0},{"label":"21 hrs","value":1},{"label":"22 hrs","value":0},{"label":"23 hrs","value":0}]},{"source":8,"target":10,"value":6,"fill":"#8DD3C7","supply":[{"label":"00 hrs","value":0},{"label":"01 hrs","value":1},{"label":"02 hrs","value":0},{"label":"03 hrs","value":0},{"label":"04 hrs","value":0},{"label":"05 hrs","value":0},{"label":"06 hrs","value":0},{"label":"07 hrs","value":0},{"label":"08 hrs","value":0},{"label":"09 hrs","value":0},{"label":"10 hrs","value":1},{"label":"11 hrs","value":0},{"label":"12 hrs","value":0},{"label":"13 hrs","value":0},{"label":"14 hrs","value":0},{"label":"15 hrs","value":1},{"label":"16 hrs","value":1},{"label":"17 hrs","value":1},{"label":"18 hrs","value":0},{"label":"19 hrs","value":0},{"label":"20 hrs","value":1},{"label":"21 hrs","value":0},{"label":"22 hrs","value":0},{"label":"23 hrs","value":0}]},{"source":8,"target":11,"value":72,"fill":"#8DD3C7","supply":[{"label":"00 hrs","value":1},{"label":"01 hrs","value":3},{"label":"02 hrs","value":0},{"label":"03 hrs","value":0},{"label":"04 hrs","value":1},{"label":"05 hrs","value":0},{"label":"06 hrs","value":3},{"label":"07 hrs","value":0},{"label":"08 hrs","value":1},{"label":"09 hrs","value":2},{"label":"10 hrs","value":6},{"label":"11 hrs","value":4},{"label":"12 hrs","value":6},{"label":"13 hrs","value":7},{"label":"14 hrs","value":4},{"label":"15 hrs","value":4},{"label":"16 hrs","value":5},{"label":"17 hrs","value":6},{"label":"18 hrs","value":1},{"label":"19 hrs","value":2},{"label":"20 hrs","value":6},{"label":"21 hrs","value":4},{"label":"22 hrs","value":3},{"label":"23 hrs","value":3}]},{"source":8,"target":12,"value":2,"fill":"#8DD3C7","supply":[{"label":"00 hrs","value":0},{"label":"01 hrs","value":0},{"label":"02 hrs","value":0},{"label":"03 hrs","value":0},{"label":"04 hrs","value":0},{"label":"05 hrs","value":0},{"label":"06 hrs","value":0},{"label":"07 hrs","value":0},{"label":"08 hrs","value":0},{"label":"09 hrs","value":0},{"label":"10 hrs","value":0},{"label":"11 hrs","value":0},{"label":"12 hrs","value":0},{"label":"13 hrs","value":0},{"label":"14 hrs","value":0},{"label":"15 hrs","value":0},{"label":"16 hrs","value":0},{"label":"17 hrs","value":0},{"label":"18 hrs","value":1},{"label":"19 hrs","value":1},{"label":"20 hrs","value":0},{"label":"21 hrs","value":0},{"label":"22 hrs","value":0},{"label":"23 hrs","value":0}]},{"source":8,"target":9,"value":73,"fill":"#BEBADA","supply":[{"label":"00 hrs","value":4},{"label":"01 hrs","value":2},{"label":"02 hrs","value":3},{"label":"03 hrs","value":2},{"label":"04 hrs","value":0},{"label":"05 hrs","value":0},{"label":"06 hrs","value":1},{"label":"07 hrs","value":2},{"label":"08 hrs","value":1},{"label":"09 hrs","value":2},{"label":"10 hrs","value":6},{"label":"11 hrs","value":3},{"label":"12 hrs","value":4},{"label":"13 hrs","value":5},{"label":"14 hrs","value":2},{"label":"15 hrs","value":6},{"label":"16 hrs","value":3},{"label":"17 hrs","value":4},{"label":"18 hrs","value":2},{"label":"19 hrs","value":0},{"label":"20 hrs","value":8},{"label":"21 hrs","value":9},{"label":"22 hrs","value":1},{"label":"23 hrs","value":3}]},{"source":8,"target":10,"value":103,"fill":"#BEBADA","supply":[{"label":"00 hrs","value":2},{"label":"01 hrs","value":3},{"label":"02 hrs","value":1},{"label":"03 hrs","value":2},{"label":"04 hrs","value":1},{"label":"05 hrs","value":2},{"label":"06 hrs","value":3},{"label":"07 hrs","value":4},{"label":"08 hrs","value":3},{"label":"09 hrs","value":6},{"label":"10 hrs","value":5},{"label":"11 hrs","value":4},{"label":"12 hrs","value":4},{"label":"13 hrs","value":3},{"label":"14 hrs","value":15},{"label":"15 hrs","value":8},{"label":"16 hrs","value":9},{"label":"17 hrs","value":5},{"label":"18 hrs","value":8},{"label":"19 hrs","value":4},{"label":"20 hrs","value":2},{"label":"21 hrs","value":5},{"label":"22 hrs","value":3},{"label":"23 hrs","value":1}]},{"source":8,"target":11,"value":1415,"fill":"#BEBADA","supply":[{"label":"00 hrs","value":35},{"label":"01 hrs","value":17},{"label":"02 hrs","value":30},{"label":"03 hrs","value":31},{"label":"04 hrs","value":25},{"label":"05 hrs","value":17},{"label":"06 hrs","value":14},{"label":"07 hrs","value":32},{"label":"08 hrs","value":58},{"label":"09 hrs","value":69},{"label":"10 hrs","value":112},{"label":"11 hrs","value":103},{"label":"12 hrs","value":111},{"label":"13 hrs","value":87},{"label":"14 hrs","value":83},{"label":"15 hrs","value":89},{"label":"16 hrs","value":91},{"label":"17 hrs","value":78},{"label":"18 hrs","value":71},{"label":"19 hrs","value":57},{"label":"20 hrs","value":56},{"label":"21 hrs","value":67},{"label":"22 hrs","value":46},{"label":"23 hrs","value":36}]},{"source":8,"target":12,"value":44,"fill":"#BEBADA","supply":[{"label":"00 hrs","value":0},{"label":"01 hrs","value":0},{"label":"02 hrs","value":1},{"label":"03 hrs","value":0},{"label":"04 hrs","value":0},{"label":"05 hrs","value":0},{"label":"06 hrs","value":0},{"label":"07 hrs","value":0},{"label":"08 hrs","value":0},{"label":"09 hrs","value":2},{"label":"10 hrs","value":1},{"label":"11 hrs","value":7},{"label":"12 hrs","value":3},{"label":"13 hrs","value":3},{"label":"14 hrs","value":3},{"label":"15 hrs","value":6},{"label":"16 hrs","value":2},{"label":"17 hrs","value":3},{"label":"18 hrs","value":2},{"label":"19 hrs","value":3},{"label":"20 hrs","value":6},{"label":"21 hrs","value":1},{"label":"22 hrs","value":0},{"label":"23 hrs","value":1}]},{"source":9,"target":13,"value":62,"fill":"#BEBADA","supply":[{"label":"00 hrs","value":4},{"label":"01 hrs","value":0},{"label":"02 hrs","value":3},{"label":"03 hrs","value":1},{"label":"04 hrs","value":0},{"label":"05 hrs","value":0},{"label":"06 hrs","value":1},{"label":"07 hrs","value":2},{"label":"08 hrs","value":1},{"label":"09 hrs","value":2},{"label":"10 hrs","value":6},{"label":"11 hrs","value":3},{"label":"12 hrs","value":2},{"label":"13 hrs","value":5},{"label":"14 hrs","value":2},{"label":"15 hrs","value":4},{"label":"16 hrs","value":3},{"label":"17 hrs","value":4},{"label":"18 hrs","value":2},{"label":"19 hrs","value":0},{"label":"20 hrs","value":7},{"label":"21 hrs","value":6},{"label":"22 hrs","value":1},{"label":"23 hrs","value":3}]},{"source":9,"target":14,"value":11,"fill":"#BEBADA","supply":[{"label":"00 hrs","value":0},{"label":"01 hrs","value":2},{"label":"02 hrs","value":0},{"label":"03 hrs","value":1},{"label":"04 hrs","value":0},{"label":"05 hrs","value":0},{"label":"06 hrs","value":0},{"label":"07 hrs","value":0},{"label":"08 hrs","value":0},{"label":"09 hrs","value":0},{"label":"10 hrs","value":0},{"label":"11 hrs","value":0},{"label":"12 hrs","value":2},{"label":"13 hrs","value":0},{"label":"14 hrs","value":0},{"label":"15 hrs","value":2},{"label":"16 hrs","value":0},{"label":"17 hrs","value":0},{"label":"18 hrs","value":0},{"label":"19 hrs","value":0},{"label":"20 hrs","value":1},{"label":"21 hrs","value":3},{"label":"22 hrs","value":0},{"label":"23 hrs","value":0}]},{"source":10,"target":14,"value":103,"fill":"#BEBADA","supply":[{"label":"00 hrs","value":2},{"label":"01 hrs","value":3},{"label":"02 hrs","value":1},{"label":"03 hrs","value":2},{"label":"04 hrs","value":1},{"label":"05 hrs","value":2},{"label":"06 hrs","value":3},{"label":"07 hrs","value":4},{"label":"08 hrs","value":3},{"label":"09 hrs","value":6},{"label":"10 hrs","value":5},{"label":"11 hrs","value":4},{"label":"12 hrs","value":4},{"label":"13 hrs","value":3},{"label":"14 hrs","value":15},{"label":"15 hrs","value":8},{"label":"16 hrs","value":9},{"label":"17 hrs","value":5},{"label":"18 hrs","value":8},{"label":"19 hrs","value":4},{"label":"20 hrs","value":2},{"label":"21 hrs","value":5},{"label":"22 hrs","value":3},{"label":"23 hrs","value":1}]},{"source":10,"target":14,"value":2,"fill":"#FCC5C0","supply":[{"label":"00 hrs","value":0},{"label":"01 hrs","value":0},{"label":"02 hrs","value":0},{"label":"03 hrs","value":0},{"label":"04 hrs","value":0},{"label":"05 hrs","value":0},{"label":"06 hrs","value":0},{"label":"07 hrs","value":0},{"label":"08 hrs","value":0},{"label":"09 hrs","value":2},{"label":"10 hrs","value":0},{"label":"11 hrs","value":0},{"label":"12 hrs","value":0},{"label":"13 hrs","value":0},{"label":"14 hrs","value":0},{"label":"15 hrs","value":0},{"label":"16 hrs","value":0},{"label":"17 hrs","value":0},{"label":"18 hrs","value":0},{"label":"19 hrs","value":0},{"label":"20 hrs","value":0},{"label":"21 hrs","value":0},{"label":"22 hrs","value":0},{"label":"23 hrs","value":0}]},{"source":10,"target":14,"value":6,"fill":"#8DD3C7","supply":[{"label":"00 hrs","value":0},{"label":"01 hrs","value":1},{"label":"02 hrs","value":0},{"label":"03 hrs","value":0},{"label":"04 hrs","value":0},{"label":"05 hrs","value":0},{"label":"06 hrs","value":0},{"label":"07 hrs","value":0},{"label":"08 hrs","value":0},{"label":"09 hrs","value":0},{"label":"10 hrs","value":1},{"label":"11 hrs","value":0},{"label":"12 hrs","value":0},{"label":"13 hrs","value":0},{"label":"14 hrs","value":0},{"label":"15 hrs","value":1},{"label":"16 hrs","value":1},{"label":"17 hrs","value":1},{"label":"18 hrs","value":0},{"label":"19 hrs","value":0},{"label":"20 hrs","value":1},{"label":"21 hrs","value":0},{"label":"22 hrs","value":0},{"label":"23 hrs","value":0}]},{"source":11,"target":13,"value":226,"fill":"#BEBADA","supply":[{"label":"00 hrs","value":4},{"label":"01 hrs","value":2},{"label":"02 hrs","value":5},{"label":"03 hrs","value":3},{"label":"04 hrs","value":3},{"label":"05 hrs","value":3},{"label":"06 hrs","value":2},{"label":"07 hrs","value":7},{"label":"08 hrs","value":6},{"label":"09 hrs","value":11},{"label":"10 hrs","value":20},{"label":"11 hrs","value":21},{"label":"12 hrs","value":12},{"label":"13 hrs","value":9},{"label":"14 hrs","value":18},{"label":"15 hrs","value":11},{"label":"16 hrs","value":11},{"label":"17 hrs","value":9},{"label":"18 hrs","value":10},{"label":"19 hrs","value":7},{"label":"20 hrs","value":15},{"label":"21 hrs","value":18},{"label":"22 hrs","value":9},{"label":"23 hrs","value":10}]},{"source":11,"target":13,"value":9,"fill":"#FCC5C0","supply":[{"label":"00 hrs","value":0},{"label":"01 hrs","value":0},{"label":"02 hrs","value":1},{"label":"03 hrs","value":0},{"label":"04 hrs","value":0},{"label":"05 hrs","value":0},{"label":"06 hrs","value":1},{"label":"07 hrs","value":0},{"label":"08 hrs","value":1},{"label":"09 hrs","value":0},{"label":"10 hrs","value":0},{"label":"11 hrs","value":1},{"label":"12 hrs","value":1},{"label":"13 hrs","value":1},{"label":"14 hrs","value":1},{"label":"15 hrs","value":0},{"label":"16 hrs","value":0},{"label":"17 hrs","value":0},{"label":"18 hrs","value":0},{"label":"19 hrs","value":1},{"label":"20 hrs","value":0},{"label":"21 hrs","value":0},{"label":"22 hrs","value":1},{"label":"23 hrs","value":0}]},{"source":11,"target":13,"value":9,"fill":"#8DD3C7","supply":[{"label":"00 hrs","value":0},{"label":"01 hrs","value":0},{"label":"02 hrs","value":0},{"label":"03 hrs","value":0},{"label":"04 hrs","value":0},{"label":"05 hrs","value":0},{"label":"06 hrs","value":1},{"label":"07 hrs","value":0},{"label":"08 hrs","value":0},{"label":"09 hrs","value":1},{"label":"10 hrs","value":0},{"label":"11 hrs","value":0},{"label":"12 hrs","value":0},{"label":"13 hrs","value":0},{"label":"14 hrs","value":1},{"label":"15 hrs","value":0},{"label":"16 hrs","value":0},{"label":"17 hrs","value":2},{"label":"18 hrs","value":0},{"label":"19 hrs","value":1},{"label":"20 hrs","value":0},{"label":"21 hrs","value":1},{"label":"22 hrs","value":2},{"label":"23 hrs","value":0}]},{"source":11,"target":14,"value":482,"fill":"#BEBADA","supply":[{"label":"00 hrs","value":16},{"label":"01 hrs","value":11},{"label":"02 hrs","value":17},{"label":"03 hrs","value":17},{"label":"04 hrs","value":14},{"label":"05 hrs","value":10},{"label":"06 hrs","value":4},{"label":"07 hrs","value":13},{"label":"08 hrs","value":16},{"label":"09 hrs","value":15},{"label":"10 hrs","value":32},{"label":"11 hrs","value":29},{"label":"12 hrs","value":33},{"label":"13 hrs","value":25},{"label":"14 hrs","value":32},{"label":"15 hrs","value":34},{"label":"16 hrs","value":32},{"label":"17 hrs","value":23},{"label":"18 hrs","value":21},{"label":"19 hrs","value":18},{"label":"20 hrs","value":12},{"label":"21 hrs","value":21},{"label":"22 hrs","value":25},{"label":"23 hrs","value":12}]},{"source":11,"target":14,"value":22,"fill":"#FCC5C0","supply":[{"label":"00 hrs","value":1},{"label":"01 hrs","value":0},{"label":"02 hrs","value":0},{"label":"03 hrs","value":1},{"label":"04 hrs","value":0},{"label":"05 hrs","value":0},{"label":"06 hrs","value":1},{"label":"07 hrs","value":1},{"label":"08 hrs","value":2},{"label":"09 hrs","value":3},{"label":"10 hrs","value":2},{"label":"11 hrs","value":1},{"label":"12 hrs","value":0},{"label":"13 hrs","value":2},{"label":"14 hrs","value":0},{"label":"15 hrs","value":0},{"label":"16 hrs","value":3},{"label":"17 hrs","value":1},{"label":"18 hrs","value":0},{"label":"19 hrs","value":0},{"label":"20 hrs","value":2},{"label":"21 hrs","value":1},{"label":"22 hrs","value":0},{"label":"23 hrs","value":1}]},{"source":11,"target":14,"value":44,"fill":"#8DD3C7","supply":[{"label":"00 hrs","value":1},{"label":"01 hrs","value":2},{"label":"02 hrs","value":0},{"label":"03 hrs","value":0},{"label":"04 hrs","value":0},{"label":"05 hrs","value":0},{"label":"06 hrs","value":2},{"label":"07 hrs","value":0},{"label":"08 hrs","value":1},{"label":"09 hrs","value":1},{"label":"10 hrs","value":3},{"label":"11 hrs","value":4},{"label":"12 hrs","value":2},{"label":"13 hrs","value":4},{"label":"14 hrs","value":3},{"label":"15 hrs","value":2},{"label":"16 hrs","value":4},{"label":"17 hrs","value":4},{"label":"18 hrs","value":0},{"label":"19 hrs","value":1},{"label":"20 hrs","value":3},{"label":"21 hrs","value":3},{"label":"22 hrs","value":1},{"label":"23 hrs","value":3}]},{"source":11,"target":15,"value":707,"fill":"#BEBADA","supply":[{"label":"00 hrs","value":15},{"label":"01 hrs","value":4},{"label":"02 hrs","value":8},{"label":"03 hrs","value":11},{"label":"04 hrs","value":8},{"label":"05 hrs","value":4},{"label":"06 hrs","value":8},{"label":"07 hrs","value":12},{"label":"08 hrs","value":36},{"label":"09 hrs","value":43},{"label":"10 hrs","value":60},{"label":"11 hrs","value":53},{"label":"12 hrs","value":66},{"label":"13 hrs","value":53},{"label":"14 hrs","value":33},{"label":"15 hrs","value":44},{"label":"16 hrs","value":48},{"label":"17 hrs","value":46},{"label":"18 hrs","value":40},{"label":"19 hrs","value":32},{"label":"20 hrs","value":29},{"label":"21 hrs","value":28},{"label":"22 hrs","value":12},{"label":"23 hrs","value":14}]},{"source":11,"target":15,"value":15,"fill":"#FCC5C0","supply":[{"label":"00 hrs","value":0},{"label":"01 hrs","value":0},{"label":"02 hrs","value":1},{"label":"03 hrs","value":0},{"label":"04 hrs","value":0},{"label":"05 hrs","value":0},{"label":"06 hrs","value":1},{"label":"07 hrs","value":0},{"label":"08 hrs","value":0},{"label":"09 hrs","value":1},{"label":"10 hrs","value":1},{"label":"11 hrs","value":0},{"label":"12 hrs","value":6},{"label":"13 hrs","value":1},{"label":"14 hrs","value":1},{"label":"15 hrs","value":0},{"label":"16 hrs","value":1},{"label":"17 hrs","value":0},{"label":"18 hrs","value":0},{"label":"19 hrs","value":0},{"label":"20 hrs","value":1},{"label":"21 hrs","value":1},{"label":"22 hrs","value":0},{"label":"23 hrs","value":0}]},{"source":11,"target":15,"value":19,"fill":"#8DD3C7","supply":[{"label":"00 hrs","value":0},{"label":"01 hrs","value":1},{"label":"02 hrs","value":0},{"label":"03 hrs","value":0},{"label":"04 hrs","value":1},{"label":"05 hrs","value":0},{"label":"06 hrs","value":0},{"label":"07 hrs","value":0},{"label":"08 hrs","value":0},{"label":"09 hrs","value":0},{"label":"10 hrs","value":3},{"label":"11 hrs","value":0},{"label":"12 hrs","value":4},{"label":"13 hrs","value":3},{"label":"14 hrs","value":0},{"label":"15 hrs","value":2},{"label":"16 hrs","value":1},{"label":"17 hrs","value":0},{"label":"18 hrs","value":1},{"label":"19 hrs","value":0},{"label":"20 hrs","value":3},{"label":"21 hrs","value":0},{"label":"22 hrs","value":0},{"label":"23 hrs","value":0}]},{"source":12,"target":13,"value":3,"fill":"#BEBADA","supply":[{"label":"00 hrs","value":0},{"label":"01 hrs","value":0},{"label":"02 hrs","value":0},{"label":"03 hrs","value":0},{"label":"04 hrs","value":0},{"label":"05 hrs","value":0},{"label":"06 hrs","value":0},{"label":"07 hrs","value":0},{"label":"08 hrs","value":0},{"label":"09 hrs","value":0},{"label":"10 hrs","value":0},{"label":"11 hrs","value":0},{"label":"12 hrs","value":0},{"label":"13 hrs","value":0},{"label":"14 hrs","value":0},{"label":"15 hrs","value":1},{"label":"16 hrs","value":0},{"label":"17 hrs","value":0},{"label":"18 hrs","value":2},{"label":"19 hrs","value":0},{"label":"20 hrs","value":0},{"label":"21 hrs","value":0},{"label":"22 hrs","value":0},{"label":"23 hrs","value":0}]},{"source":12,"target":13,"value":1,"fill":"#FCC5C0","supply":[{"label":"00 hrs","value":0},{"label":"01 hrs","value":0},{"label":"02 hrs","value":0},{"label":"03 hrs","value":0},{"label":"04 hrs","value":0},{"label":"05 hrs","value":0},{"label":"06 hrs","value":0},{"label":"07 hrs","value":0},{"label":"08 hrs","value":0},{"label":"09 hrs","value":0},{"label":"10 hrs","value":0},{"label":"11 hrs","value":0},{"label":"12 hrs","value":0},{"label":"13 hrs","value":0},{"label":"14 hrs","value":0},{"label":"15 hrs","value":0},{"label":"16 hrs","value":0},{"label":"17 hrs","value":0},{"label":"18 hrs","value":0},{"label":"19 hrs","value":0},{"label":"20 hrs","value":0},{"label":"21 hrs","value":1},{"label":"22 hrs","value":0},{"label":"23 hrs","value":0}]},{"source":12,"target":13,"value":1,"fill":"#8DD3C7","supply":[{"label":"00 hrs","value":0},{"label":"01 hrs","value":0},{"label":"02 hrs","value":0},{"label":"03 hrs","value":0},{"label":"04 hrs","value":0},{"label":"05 hrs","value":0},{"label":"06 hrs","value":0},{"label":"07 hrs","value":0},{"label":"08 hrs","value":0},{"label":"09 hrs","value":0},{"label":"10 hrs","value":0},{"label":"11 hrs","value":0},{"label":"12 hrs","value":0},{"label":"13 hrs","value":0},{"label":"14 hrs","value":0},{"label":"15 hrs","value":0},{"label":"16 hrs","value":0},{"label":"17 hrs","value":0},{"label":"18 hrs","value":1},{"label":"19 hrs","value":0},{"label":"20 hrs","value":0},{"label":"21 hrs","value":0},{"label":"22 hrs","value":0},{"label":"23 hrs","value":0}]},{"source":12,"target":14,"value":18,"fill":"#BEBADA","supply":[{"label":"00 hrs","value":0},{"label":"01 hrs","value":0},{"label":"02 hrs","value":0},{"label":"03 hrs","value":0},{"label":"04 hrs","value":0},{"label":"05 hrs","value":0},{"label":"06 hrs","value":0},{"label":"07 hrs","value":0},{"label":"08 hrs","value":0},{"label":"09 hrs","value":1},{"label":"10 hrs","value":1},{"label":"11 hrs","value":3},{"label":"12 hrs","value":2},{"label":"13 hrs","value":1},{"label":"14 hrs","value":1},{"label":"15 hrs","value":4},{"label":"16 hrs","value":0},{"label":"17 hrs","value":3},{"label":"18 hrs","value":0},{"label":"19 hrs","value":1},{"label":"20 hrs","value":1},{"label":"21 hrs","value":0},{"label":"22 hrs","value":0},{"label":"23 hrs","value":0}]},{"source":12,"target":14,"value":2,"fill":"#FCC5C0","supply":[{"label":"00 hrs","value":0},{"label":"01 hrs","value":0},{"label":"02 hrs","value":0},{"label":"03 hrs","value":0},{"label":"04 hrs","value":0},{"label":"05 hrs","value":0},{"label":"06 hrs","value":0},{"label":"07 hrs","value":0},{"label":"08 hrs","value":0},{"label":"09 hrs","value":0},{"label":"10 hrs","value":0},{"label":"11 hrs","value":0},{"label":"12 hrs","value":1},{"label":"13 hrs","value":0},{"label":"14 hrs","value":0},{"label":"15 hrs","value":0},{"label":"16 hrs","value":0},{"label":"17 hrs","value":0},{"label":"18 hrs","value":1},{"label":"19 hrs","value":0},{"label":"20 hrs","value":0},{"label":"21 hrs","value":0},{"label":"22 hrs","value":0},{"label":"23 hrs","value":0}]},{"source":12,"target":14,"value":1,"fill":"#8DD3C7","supply":[{"label":"00 hrs","value":0},{"label":"01 hrs","value":0},{"label":"02 hrs","value":0},{"label":"03 hrs","value":0},{"label":"04 hrs","value":0},{"label":"05 hrs","value":0},{"label":"06 hrs","value":0},{"label":"07 hrs","value":0},{"label":"08 hrs","value":0},{"label":"09 hrs","value":0},{"label":"10 hrs","value":0},{"label":"11 hrs","value":0},{"label":"12 hrs","value":0},{"label":"13 hrs","value":0},{"label":"14 hrs","value":0},{"label":"15 hrs","value":0},{"label":"16 hrs","value":0},{"label":"17 hrs","value":0},{"label":"18 hrs","value":0},{"label":"19 hrs","value":1},{"label":"20 hrs","value":0},{"label":"21 hrs","value":0},{"label":"22 hrs","value":0},{"label":"23 hrs","value":0}]},{"source":12,"target":15,"value":23,"fill":"#BEBADA","supply":[{"label":"00 hrs","value":0},{"label":"01 hrs","value":0},{"label":"02 hrs","value":1},{"label":"03 hrs","value":0},{"label":"04 hrs","value":0},{"label":"05 hrs","value":0},{"label":"06 hrs","value":0},{"label":"07 hrs","value":0},{"label":"08 hrs","value":0},{"label":"09 hrs","value":1},{"label":"10 hrs","value":0},{"label":"11 hrs","value":4},{"label":"12 hrs","value":1},{"label":"13 hrs","value":2},{"label":"14 hrs","value":2},{"label":"15 hrs","value":1},{"label":"16 hrs","value":2},{"label":"17 hrs","value":0},{"label":"18 hrs","value":0},{"label":"19 hrs","value":2},{"label":"20 hrs","value":5},{"label":"21 hrs","value":1},{"label":"22 hrs","value":0},{"label":"23 hrs","value":1}]},{"source":12,"target":15,"value":3,"fill":"#FCC5C0","supply":[{"label":"00 hrs","value":0},{"label":"01 hrs","value":0},{"label":"02 hrs","value":0},{"label":"03 hrs","value":1},{"label":"04 hrs","value":0},{"label":"05 hrs","value":0},{"label":"06 hrs","value":0},{"label":"07 hrs","value":0},{"label":"08 hrs","value":1},{"label":"09 hrs","value":0},{"label":"10 hrs","value":0},{"label":"11 hrs","value":0},{"label":"12 hrs","value":1},{"label":"13 hrs","value":0},{"label":"14 hrs","value":0},{"label":"15 hrs","value":0},{"label":"16 hrs","value":0},{"label":"17 hrs","value":0},{"label":"18 hrs","value":0},{"label":"19 hrs","value":0},{"label":"20 hrs","value":0},{"label":"21 hrs","value":0},{"label":"22 hrs","value":0},{"label":"23 hrs","value":0}]},{"source":13,"target":17,"value":10,"fill":"#BEBADA","supply":[{"label":"00 hrs","value":1},{"label":"01 hrs","value":0},{"label":"02 hrs","value":1},{"label":"03 hrs","value":0},{"label":"04 hrs","value":0},{"label":"05 hrs","value":0},{"label":"06 hrs","value":1},{"label":"07 hrs","value":0},{"label":"08 hrs","value":0},{"label":"09 hrs","value":0},{"label":"10 hrs","value":1},{"label":"11 hrs","value":1},{"label":"12 hrs","value":1},{"label":"13 hrs","value":0},{"label":"14 hrs","value":1},{"label":"15 hrs","value":0},{"label":"16 hrs","value":0},{"label":"17 hrs","value":1},{"label":"18 hrs","value":0},{"label":"19 hrs","value":0},{"label":"20 hrs","value":2},{"label":"21 hrs","value":0},{"label":"22 hrs","value":0},{"label":"23 hrs","value":0}]},{"source":13,"target":17,"value":3,"fill":"#FCC5C0","supply":[{"label":"00 hrs","value":0},{"label":"01 hrs","value":0},{"label":"02 hrs","value":0},{"label":"03 hrs","value":0},{"label":"04 hrs","value":0},{"label":"05 hrs","value":0},{"label":"06 hrs","value":0},{"label":"07 hrs","value":0},{"label":"08 hrs","value":0},{"label":"09 hrs","value":0},{"label":"10 hrs","value":0},{"label":"11 hrs","value":0},{"label":"12 hrs","value":0},{"label":"13 hrs","value":0},{"label":"14 hrs","value":0},{"label":"15 hrs","value":0},{"label":"16 hrs","value":0},{"label":"17 hrs","value":0},{"label":"18 hrs","value":0},{"label":"19 hrs","value":1},{"label":"20 hrs","value":0},{"label":"21 hrs","value":1},{"label":"22 hrs","value":1},{"label":"23 hrs","value":0}]},{"source":13,"target":17,"value":4,"fill":"#8DD3C7","supply":[{"label":"00 hrs","value":0},{"label":"01 hrs","value":0},{"label":"02 hrs","value":0},{"label":"03 hrs","value":0},{"label":"04 hrs","value":0},{"label":"05 hrs","value":0},{"label":"06 hrs","value":0},{"label":"07 hrs","value":0},{"label":"08 hrs","value":0},{"label":"09 hrs","value":0},{"label":"10 hrs","value":0},{"label":"11 hrs","value":0},{"label":"12 hrs","value":0},{"label":"13 hrs","value":0},{"label":"14 hrs","value":0},{"label":"15 hrs","value":0},{"label":"16 hrs","value":0},{"label":"17 hrs","value":2},{"label":"18 hrs","value":0},{"label":"19 hrs","value":1},{"label":"20 hrs","value":0},{"label":"21 hrs","value":0},{"label":"22 hrs","value":1},{"label":"23 hrs","value":0}]},{"source":14,"target":17,"value":21,"fill":"#BEBADA","supply":[{"label":"00 hrs","value":1},{"label":"01 hrs","value":0},{"label":"02 hrs","value":0},{"label":"03 hrs","value":1},{"label":"04 hrs","value":0},{"label":"05 hrs","value":0},{"label":"06 hrs","value":1},{"label":"07 hrs","value":1},{"label":"08 hrs","value":0},{"label":"09 hrs","value":0},{"label":"10 hrs","value":0},{"label":"11 hrs","value":0},{"label":"12 hrs","value":0},{"label":"13 hrs","value":1},{"label":"14 hrs","value":3},{"label":"15 hrs","value":4},{"label":"16 hrs","value":4},{"label":"17 hrs","value":0},{"label":"18 hrs","value":0},{"label":"19 hrs","value":1},{"label":"20 hrs","value":2},{"label":"21 hrs","value":0},{"label":"22 hrs","value":1},{"label":"23 hrs","value":1}]},{"source":14,"target":17,"value":1,"fill":"#FCC5C0","supply":[{"label":"00 hrs","value":0},{"label":"01 hrs","value":0},{"label":"02 hrs","value":0},{"label":"03 hrs","value":0},{"label":"04 hrs","value":0},{"label":"05 hrs","value":0},{"label":"06 hrs","value":0},{"label":"07 hrs","value":0},{"label":"08 hrs","value":0},{"label":"09 hrs","value":0},{"label":"10 hrs","value":0},{"label":"11 hrs","value":0},{"label":"12 hrs","value":0},{"label":"13 hrs","value":0},{"label":"14 hrs","value":0},{"label":"15 hrs","value":0},{"label":"16 hrs","value":0},{"label":"17 hrs","value":1},{"label":"18 hrs","value":0},{"label":"19 hrs","value":0},{"label":"20 hrs","value":0},{"label":"21 hrs","value":0},{"label":"22 hrs","value":0},{"label":"23 hrs","value":0}]},{"source":14,"target":17,"value":9,"fill":"#8DD3C7","supply":[{"label":"00 hrs","value":0},{"label":"01 hrs","value":0},{"label":"02 hrs","value":0},{"label":"03 hrs","value":0},{"label":"04 hrs","value":0},{"label":"05 hrs","value":0},{"label":"06 hrs","value":0},{"label":"07 hrs","value":0},{"label":"08 hrs","value":0},{"label":"09 hrs","value":1},{"label":"10 hrs","value":0},{"label":"11 hrs","value":0},{"label":"12 hrs","value":1},{"label":"13 hrs","value":1},{"label":"14 hrs","value":1},{"label":"15 hrs","value":0},{"label":"16 hrs","value":1},{"label":"17 hrs","value":2},{"label":"18 hrs","value":0},{"label":"19 hrs","value":1},{"label":"20 hrs","value":0},{"label":"21 hrs","value":0},{"label":"22 hrs","value":0},{"label":"23 hrs","value":1}]},{"source":15,"target":17,"value":12,"fill":"#BEBADA","supply":[{"label":"00 hrs","value":0},{"label":"01 hrs","value":0},{"label":"02 hrs","value":0},{"label":"03 hrs","value":0},{"label":"04 hrs","value":1},{"label":"05 hrs","value":1},{"label":"06 hrs","value":0},{"label":"07 hrs","value":0},{"label":"08 hrs","value":0},{"label":"09 hrs","value":1},{"label":"10 hrs","value":0},{"label":"11 hrs","value":1},{"label":"12 hrs","value":0},{"label":"13 hrs","value":1},{"label":"14 hrs","value":1},{"label":"15 hrs","value":1},{"label":"16 hrs","value":3},{"label":"17 hrs","value":1},{"label":"18 hrs","value":0},{"label":"19 hrs","value":0},{"label":"20 hrs","value":1},{"label":"21 hrs","value":0},{"label":"22 hrs","value":0},{"label":"23 hrs","value":0}]},{"source":13,"target":18,"value":5,"fill":"#BEBADA","supply":[{"label":"00 hrs","value":0},{"label":"01 hrs","value":0},{"label":"02 hrs","value":0},{"label":"03 hrs","value":0},{"label":"04 hrs","value":0},{"label":"05 hrs","value":0},{"label":"06 hrs","value":0},{"label":"07 hrs","value":0},{"label":"08 hrs","value":1},{"label":"09 hrs","value":1},{"label":"10 hrs","value":0},{"label":"11 hrs","value":0},{"label":"12 hrs","value":0},{"label":"13 hrs","value":0},{"label":"14 hrs","value":1},{"label":"15 hrs","value":0},{"label":"16 hrs","value":1},{"label":"17 hrs","value":0},{"label":"18 hrs","value":0},{"label":"19 hrs","value":0},{"label":"20 hrs","value":0},{"label":"21 hrs","value":0},{"label":"22 hrs","value":0},{"label":"23 hrs","value":1}]},{"source":14,"target":18,"value":28,"fill":"#BEBADA","supply":[{"label":"00 hrs","value":1},{"label":"01 hrs","value":1},{"label":"02 hrs","value":0},{"label":"03 hrs","value":0},{"label":"04 hrs","value":0},{"label":"05 hrs","value":1},{"label":"06 hrs","value":1},{"label":"07 hrs","value":0},{"label":"08 hrs","value":1},{"label":"09 hrs","value":1},{"label":"10 hrs","value":3},{"label":"11 hrs","value":1},{"label":"12 hrs","value":1},{"label":"13 hrs","value":1},{"label":"14 hrs","value":6},{"label":"15 hrs","value":0},{"label":"16 hrs","value":2},{"label":"17 hrs","value":0},{"label":"18 hrs","value":1},{"label":"19 hrs","value":3},{"label":"20 hrs","value":1},{"label":"21 hrs","value":2},{"label":"22 hrs","value":0},{"label":"23 hrs","value":1}]},{"source":15,"target":18,"value":31,"fill":"#BEBADA","supply":[{"label":"00 hrs","value":0},{"label":"01 hrs","value":0},{"label":"02 hrs","value":0},{"label":"03 hrs","value":0},{"label":"04 hrs","value":0},{"label":"05 hrs","value":0},{"label":"06 hrs","value":0},{"label":"07 hrs","value":1},{"label":"08 hrs","value":2},{"label":"09 hrs","value":5},{"label":"10 hrs","value":5},{"label":"11 hrs","value":2},{"label":"12 hrs","value":2},{"label":"13 hrs","value":2},{"label":"14 hrs","value":2},{"label":"15 hrs","value":0},{"label":"16 hrs","value":0},{"label":"17 hrs","value":3},{"label":"18 hrs","value":0},{"label":"19 hrs","value":3},{"label":"20 hrs","value":1},{"label":"21 hrs","value":1},{"label":"22 hrs","value":2},{"label":"23 hrs","value":0}]},{"source":13,"target":21,"value":99,"fill":"#BEBADA","supply":[{"label":"00 hrs","value":1},{"label":"01 hrs","value":0},{"label":"02 hrs","value":0},{"label":"03 hrs","value":0},{"label":"04 hrs","value":0},{"label":"05 hrs","value":0},{"label":"06 hrs","value":1},{"label":"07 hrs","value":4},{"label":"08 hrs","value":2},{"label":"09 hrs","value":4},{"label":"10 hrs","value":15},{"label":"11 hrs","value":17},{"label":"12 hrs","value":5},{"label":"13 hrs","value":5},{"label":"14 hrs","value":7},{"label":"15 hrs","value":6},{"label":"16 hrs","value":6},{"label":"17 hrs","value":5},{"label":"18 hrs","value":9},{"label":"19 hrs","value":3},{"label":"20 hrs","value":0},{"label":"21 hrs","value":1},{"label":"22 hrs","value":4},{"label":"23 hrs","value":4}]},{"source":13,"target":21,"value":4,"fill":"#FCC5C0","supply":[{"label":"00 hrs","value":0},{"label":"01 hrs","value":0},{"label":"02 hrs","value":0},{"label":"03 hrs","value":0},{"label":"04 hrs","value":0},{"label":"05 hrs","value":0},{"label":"06 hrs","value":0},{"label":"07 hrs","value":0},{"label":"08 hrs","value":0},{"label":"09 hrs","value":0},{"label":"10 hrs","value":0},{"label":"11 hrs","value":1},{"label":"12 hrs","value":1},{"label":"13 hrs","value":1},{"label":"14 hrs","value":1},{"label":"15 hrs","value":0},{"label":"16 hrs","value":0},{"label":"17 hrs","value":0},{"label":"18 hrs","value":0},{"label":"19 hrs","value":0},{"label":"20 hrs","value":0},{"label":"21 hrs","value":0},{"label":"22 hrs","value":0},{"label":"23 hrs","value":0}]},{"source":13,"target":21,"value":1,"fill":"#8DD3C7","supply":[{"label":"00 hrs","value":0},{"label":"01 hrs","value":0},{"label":"02 hrs","value":0},{"label":"03 hrs","value":0},{"label":"04 hrs","value":0},{"label":"05 hrs","value":0},{"label":"06 hrs","value":0},{"label":"07 hrs","value":0},{"label":"08 hrs","value":0},{"label":"09 hrs","value":0},{"label":"10 hrs","value":0},{"label":"11 hrs","value":0},{"label":"12 hrs","value":0},{"label":"13 hrs","value":0},{"label":"14 hrs","value":1},{"label":"15 hrs","value":0},{"label":"16 hrs","value":0},{"label":"17 hrs","value":0},{"label":"18 hrs","value":0},{"label":"19 hrs","value":0},{"label":"20 hrs","value":0},{"label":"21 hrs","value":0},{"label":"22 hrs","value":0},{"label":"23 hrs","value":0}]},{"source":14,"target":21,"value":49,"fill":"#BEBADA","supply":[{"label":"00 hrs","value":2},{"label":"01 hrs","value":1},{"label":"02 hrs","value":0},{"label":"03 hrs","value":3},{"label":"04 hrs","value":1},{"label":"05 hrs","value":1},{"label":"06 hrs","value":0},{"label":"07 hrs","value":1},{"label":"08 hrs","value":5},{"label":"09 hrs","value":7},{"label":"10 hrs","value":2},{"label":"11 hrs","value":2},{"label":"12 hrs","value":4},{"label":"13 hrs","value":5},{"label":"14 hrs","value":3},{"label":"15 hrs","value":3},{"label":"16 hrs","value":6},{"label":"17 hrs","value":1},{"label":"18 hrs","value":0},{"label":"19 hrs","value":1},{"label":"20 hrs","value":0},{"label":"21 hrs","value":0},{"label":"22 hrs","value":1},{"label":"23 hrs","value":0}]},{"source":14,"target":21,"value":1,"fill":"#FCC5C0","supply":[{"label":"00 hrs","value":0},{"label":"01 hrs","value":0},{"label":"02 hrs","value":0},{"label":"03 hrs","value":0},{"label":"04 hrs","value":0},{"label":"05 hrs","value":0},{"label":"06 hrs","value":0},{"label":"07 hrs","value":0},{"label":"08 hrs","value":0},{"label":"09 hrs","value":1},{"label":"10 hrs","value":0},{"label":"11 hrs","value":0},{"label":"12 hrs","value":0},{"label":"13 hrs","value":0},{"label":"14 hrs","value":0},{"label":"15 hrs","value":0},{"label":"16 hrs","value":0},{"label":"17 hrs","value":0},{"label":"18 hrs","value":0},{"label":"19 hrs","value":0},{"label":"20 hrs","value":0},{"label":"21 hrs","value":0},{"label":"22 hrs","value":0},{"label":"23 hrs","value":0}]},{"source":14,"target":21,"value":2,"fill":"#8DD3C7","supply":[{"label":"00 hrs","value":0},{"label":"01 hrs","value":0},{"label":"02 hrs","value":0},{"label":"03 hrs","value":0},{"label":"04 hrs","value":0},{"label":"05 hrs","value":0},{"label":"06 hrs","value":0},{"label":"07 hrs","value":0},{"label":"08 hrs","value":1},{"label":"09 hrs","value":0},{"label":"10 hrs","value":0},{"label":"11 hrs","value":0},{"label":"12 hrs","value":0},{"label":"13 hrs","value":0},{"label":"14 hrs","value":0},{"label":"15 hrs","value":0},{"label":"16 hrs","value":0},{"label":"17 hrs","value":0},{"label":"18 hrs","value":0},{"label":"19 hrs","value":0},{"label":"20 hrs","value":0},{"label":"21 hrs","value":0},{"label":"22 hrs","value":0},{"label":"23 hrs","value":1}]},{"source":15,"target":21,"value":146,"fill":"#BEBADA","supply":[{"label":"00 hrs","value":0},{"label":"01 hrs","value":0},{"label":"02 hrs","value":0},{"label":"03 hrs","value":1},{"label":"04 hrs","value":0},{"label":"05 hrs","value":1},{"label":"06 hrs","value":4},{"label":"07 hrs","value":6},{"label":"08 hrs","value":12},{"label":"09 hrs","value":7},{"label":"10 hrs","value":20},{"label":"11 hrs","value":15},{"label":"12 hrs","value":16},{"label":"13 hrs","value":11},{"label":"14 hrs","value":6},{"label":"15 hrs","value":14},{"label":"16 hrs","value":8},{"label":"17 hrs","value":10},{"label":"18 hrs","value":6},{"label":"19 hrs","value":4},{"label":"20 hrs","value":2},{"label":"21 hrs","value":1},{"label":"22 hrs","value":0},{"label":"23 hrs","value":2}]},{"source":15,"target":21,"value":1,"fill":"#8DD3C7","supply":[{"label":"00 hrs","value":0},{"label":"01 hrs","value":0},{"label":"02 hrs","value":0},{"label":"03 hrs","value":0},{"label":"04 hrs","value":0},{"label":"05 hrs","value":0},{"label":"06 hrs","value":0},{"label":"07 hrs","value":0},{"label":"08 hrs","value":0},{"label":"09 hrs","value":0},{"label":"10 hrs","value":0},{"label":"11 hrs","value":0},{"label":"12 hrs","value":1},{"label":"13 hrs","value":0},{"label":"14 hrs","value":0},{"label":"15 hrs","value":0},{"label":"16 hrs","value":0},{"label":"17 hrs","value":0},{"label":"18 hrs","value":0},{"label":"19 hrs","value":0},{"label":"20 hrs","value":0},{"label":"21 hrs","value":0},{"label":"22 hrs","value":0},{"label":"23 hrs","value":0}]},{"source":13,"target":22,"value":109,"fill":"#BEBADA","supply":[{"label":"00 hrs","value":4},{"label":"01 hrs","value":2},{"label":"02 hrs","value":7},{"label":"03 hrs","value":3},{"label":"04 hrs","value":1},{"label":"05 hrs","value":2},{"label":"06 hrs","value":1},{"label":"07 hrs","value":2},{"label":"08 hrs","value":1},{"label":"09 hrs","value":4},{"label":"10 hrs","value":5},{"label":"11 hrs","value":3},{"label":"12 hrs","value":5},{"label":"13 hrs","value":4},{"label":"14 hrs","value":4},{"label":"15 hrs","value":5},{"label":"16 hrs","value":4},{"label":"17 hrs","value":3},{"label":"18 hrs","value":2},{"label":"19 hrs","value":2},{"label":"20 hrs","value":19},{"label":"21 hrs","value":15},{"label":"22 hrs","value":4},{"label":"23 hrs","value":7}]},{"source":13,"target":22,"value":2,"fill":"#FCC5C0","supply":[{"label":"00 hrs","value":0},{"label":"01 hrs","value":0},{"label":"02 hrs","value":0},{"label":"03 hrs","value":0},{"label":"04 hrs","value":0},{"label":"05 hrs","value":0},{"label":"06 hrs","value":1},{"label":"07 hrs","value":0},{"label":"08 hrs","value":1},{"label":"09 hrs","value":0},{"label":"10 hrs","value":0},{"label":"11 hrs","value":0},{"label":"12 hrs","value":0},{"label":"13 hrs","value":0},{"label":"14 hrs","value":0},{"label":"15 hrs","value":0},{"label":"16 hrs","value":0},{"label":"17 hrs","value":0},{"label":"18 hrs","value":0},{"label":"19 hrs","value":0},{"label":"20 hrs","value":0},{"label":"21 hrs","value":0},{"label":"22 hrs","value":0},{"label":"23 hrs","value":0}]},{"source":13,"target":22,"value":5,"fill":"#8DD3C7","supply":[{"label":"00 hrs","value":0},{"label":"01 hrs","value":0},{"label":"02 hrs","value":0},{"label":"03 hrs","value":0},{"label":"04 hrs","value":0},{"label":"05 hrs","value":0},{"label":"06 hrs","value":1},{"label":"07 hrs","value":0},{"label":"08 hrs","value":0},{"label":"09 hrs","value":1},{"label":"10 hrs","value":0},{"label":"11 hrs","value":0},{"label":"12 hrs","value":0},{"label":"13 hrs","value":0},{"label":"14 hrs","value":0},{"label":"15 hrs","value":0},{"label":"16 hrs","value":0},{"label":"17 hrs","value":0},{"label":"18 hrs","value":1},{"label":"19 hrs","value":0},{"label":"20 hrs","value":0},{"label":"21 hrs","value":1},{"label":"22 hrs","value":1},{"label":"23 hrs","value":0}]},{"source":14,"target":22,"value":98,"fill":"#BEBADA","supply":[{"label":"00 hrs","value":5},{"label":"01 hrs","value":2},{"label":"02 hrs","value":1},{"label":"03 hrs","value":5},{"label":"04 hrs","value":2},{"label":"05 hrs","value":3},{"label":"06 hrs","value":1},{"label":"07 hrs","value":2},{"label":"08 hrs","value":3},{"label":"09 hrs","value":1},{"label":"10 hrs","value":4},{"label":"11 hrs","value":6},{"label":"12 hrs","value":11},{"label":"13 hrs","value":5},{"label":"14 hrs","value":6},{"label":"15 hrs","value":3},{"label":"16 hrs","value":5},{"label":"17 hrs","value":9},{"label":"18 hrs","value":1},{"label":"19 hrs","value":2},{"label":"20 hrs","value":2},{"label":"21 hrs","value":8},{"label":"22 hrs","value":9},{"label":"23 hrs","value":2}]},{"source":14,"target":22,"value":6,"fill":"#FCC5C0","supply":[{"label":"00 hrs","value":0},{"label":"01 hrs","value":0},{"label":"02 hrs","value":0},{"label":"03 hrs","value":0},{"label":"04 hrs","value":0},{"label":"05 hrs","value":0},{"label":"06 hrs","value":0},{"label":"07 hrs","value":0},{"label":"08 hrs","value":1},{"label":"09 hrs","value":1},{"label":"10 hrs","value":0},{"label":"11 hrs","value":1},{"label":"12 hrs","value":0},{"label":"13 hrs","value":1},{"label":"14 hrs","value":0},{"label":"15 hrs","value":0},{"label":"16 hrs","value":2},{"label":"17 hrs","value":0},{"label":"18 hrs","value":0},{"label":"19 hrs","value":0},{"label":"20 hrs","value":0},{"label":"21 hrs","value":0},{"label":"22 hrs","value":0},{"label":"23 hrs","value":0}]},{"source":14,"target":22,"value":5,"fill":"#8DD3C7","supply":[{"label":"00 hrs","value":0},{"label":"01 hrs","value":0},{"label":"02 hrs","value":0},{"label":"03 hrs","value":0},{"label":"04 hrs","value":0},{"label":"05 hrs","value":0},{"label":"06 hrs","value":0},{"label":"07 hrs","value":0},{"label":"08 hrs","value":0},{"label":"09 hrs","value":0},{"label":"10 hrs","value":0},{"label":"11 hrs","value":1},{"label":"12 hrs","value":1},{"label":"13 hrs","value":0},{"label":"14 hrs","value":0},{"label":"15 hrs","value":0},{"label":"16 hrs","value":0},{"label":"17 hrs","value":2},{"label":"18 hrs","value":0},{"label":"19 hrs","value":0},{"label":"20 hrs","value":1},{"label":"21 hrs","value":0},{"label":"22 hrs","value":0},{"label":"23 hrs","value":0}]},{"source":15,"target":22,"value":221,"fill":"#BEBADA","supply":[{"label":"00 hrs","value":7},{"label":"01 hrs","value":2},{"label":"02 hrs","value":1},{"label":"03 hrs","value":3},{"label":"04 hrs","value":2},{"label":"05 hrs","value":1},{"label":"06 hrs","value":2},{"label":"07 hrs","value":2},{"label":"08 hrs","value":9},{"label":"09 hrs","value":10},{"label":"10 hrs","value":14},{"label":"11 hrs","value":18},{"label":"12 hrs","value":17},{"label":"13 hrs","value":20},{"label":"14 hrs","value":9},{"label":"15 hrs","value":14},{"label":"16 hrs","value":14},{"label":"17 hrs","value":13},{"label":"18 hrs","value":19},{"label":"19 hrs","value":14},{"label":"20 hrs","value":10},{"label":"21 hrs","value":12},{"label":"22 hrs","value":5},{"label":"23 hrs","value":3}]},{"source":15,"target":22,"value":2,"fill":"#FCC5C0","supply":[{"label":"00 hrs","value":0},{"label":"01 hrs","value":0},{"label":"02 hrs","value":0},{"label":"03 hrs","value":0},{"label":"04 hrs","value":0},{"label":"05 hrs","value":0},{"label":"06 hrs","value":1},{"label":"07 hrs","value":0},{"label":"08 hrs","value":0},{"label":"09 hrs","value":0},{"label":"10 hrs","value":0},{"label":"11 hrs","value":0},{"label":"12 hrs","value":0},{"label":"13 hrs","value":0},{"label":"14 hrs","value":0},{"label":"15 hrs","value":0},{"label":"16 hrs","value":0},{"label":"17 hrs","value":0},{"label":"18 hrs","value":0},{"label":"19 hrs","value":0},{"label":"20 hrs","value":1},{"label":"21 hrs","value":0},{"label":"22 hrs","value":0},{"label":"23 hrs","value":0}]},{"source":15,"target":22,"value":9,"fill":"#8DD3C7","supply":[{"label":"00 hrs","value":0},{"label":"01 hrs","value":1},{"label":"02 hrs","value":0},{"label":"03 hrs","value":0},{"label":"04 hrs","value":1},{"label":"05 hrs","value":0},{"label":"06 hrs","value":0},{"label":"07 hrs","value":0},{"label":"08 hrs","value":0},{"label":"09 hrs","value":0},{"label":"10 hrs","value":1},{"label":"11 hrs","value":0},{"label":"12 hrs","value":1},{"label":"13 hrs","value":2},{"label":"14 hrs","value":0},{"label":"15 hrs","value":1},{"label":"16 hrs","value":0},{"label":"17 hrs","value":0},{"label":"18 hrs","value":1},{"label":"19 hrs","value":0},{"label":"20 hrs","value":1},{"label":"21 hrs","value":0},{"label":"22 hrs","value":0},{"label":"23 hrs","value":0}]},{"source":13,"target":26,"value":2,"fill":"#BEBADA","supply":[{"label":"00 hrs","value":0},{"label":"01 hrs","value":0},{"label":"02 hrs","value":0},{"label":"03 hrs","value":0},{"label":"04 hrs","value":0},{"label":"05 hrs","value":0},{"label":"06 hrs","value":0},{"label":"07 hrs","value":0},{"label":"08 hrs","value":0},{"label":"09 hrs","value":0},{"label":"10 hrs","value":1},{"label":"11 hrs","value":1},{"label":"12 hrs","value":0},{"label":"13 hrs","value":0},{"label":"14 hrs","value":0},{"label":"15 hrs","value":0},{"label":"16 hrs","value":0},{"label":"17 hrs","value":0},{"label":"18 hrs","value":0},{"label":"19 hrs","value":0},{"label":"20 hrs","value":0},{"label":"21 hrs","value":0},{"label":"22 hrs","value":0},{"label":"23 hrs","value":0}]},{"source":14,"target":26,"value":5,"fill":"#BEBADA","supply":[{"label":"00 hrs","value":0},{"label":"01 hrs","value":0},{"label":"02 hrs","value":0},{"label":"03 hrs","value":0},{"label":"04 hrs","value":0},{"label":"05 hrs","value":0},{"label":"06 hrs","value":0},{"label":"07 hrs","value":0},{"label":"08 hrs","value":0},{"label":"09 hrs","value":0},{"label":"10 hrs","value":0},{"label":"11 hrs","value":1},{"label":"12 hrs","value":1},{"label":"13 hrs","value":0},{"label":"14 hrs","value":0},{"label":"15 hrs","value":1},{"label":"16 hrs","value":1},{"label":"17 hrs","value":0},{"label":"18 hrs","value":0},{"label":"19 hrs","value":0},{"label":"20 hrs","value":0},{"label":"21 hrs","value":1},{"label":"22 hrs","value":0},{"label":"23 hrs","value":0}]},{"source":15,"target":26,"value":68,"fill":"#BEBADA","supply":[{"label":"00 hrs","value":0},{"label":"01 hrs","value":0},{"label":"02 hrs","value":1},{"label":"03 hrs","value":1},{"label":"04 hrs","value":1},{"label":"05 hrs","value":0},{"label":"06 hrs","value":0},{"label":"07 hrs","value":1},{"label":"08 hrs","value":4},{"label":"09 hrs","value":6},{"label":"10 hrs","value":8},{"label":"11 hrs","value":5},{"label":"12 hrs","value":12},{"label":"13 hrs","value":3},{"label":"14 hrs","value":5},{"label":"15 hrs","value":2},{"label":"16 hrs","value":3},{"label":"17 hrs","value":5},{"label":"18 hrs","value":0},{"label":"19 hrs","value":4},{"label":"20 hrs","value":2},{"label":"21 hrs","value":3},{"label":"22 hrs","value":1},{"label":"23 hrs","value":1}]},{"source":15,"target":26,"value":4,"fill":"#FCC5C0","supply":[{"label":"00 hrs","value":0},{"label":"01 hrs","value":0},{"label":"02 hrs","value":0},{"label":"03 hrs","value":1},{"label":"04 hrs","value":0},{"label":"05 hrs","value":0},{"label":"06 hrs","value":0},{"label":"07 hrs","value":0},{"label":"08 hrs","value":0},{"label":"09 hrs","value":0},{"label":"10 hrs","value":0},{"label":"11 hrs","value":0},{"label":"12 hrs","value":2},{"label":"13 hrs","value":0},{"label":"14 hrs","value":0},{"label":"15 hrs","value":0},{"label":"16 hrs","value":1},{"label":"17 hrs","value":0},{"label":"18 hrs","value":0},{"label":"19 hrs","value":0},{"label":"20 hrs","value":0},{"label":"21 hrs","value":0},{"label":"22 hrs","value":0},{"label":"23 hrs","value":0}]},{"source":15,"target":26,"value":1,"fill":"#8DD3C7","supply":[{"label":"00 hrs","value":0},{"label":"01 hrs","value":0},{"label":"02 hrs","value":0},{"label":"03 hrs","value":0},{"label":"04 hrs","value":0},{"label":"05 hrs","value":0},{"label":"06 hrs","value":0},{"label":"07 hrs","value":0},{"label":"08 hrs","value":0},{"label":"09 hrs","value":0},{"label":"10 hrs","value":0},{"label":"11 hrs","value":0},{"label":"12 hrs","value":0},{"label":"13 hrs","value":0},{"label":"14 hrs","value":0},{"label":"15 hrs","value":0},{"label":"16 hrs","value":1},{"label":"17 hrs","value":0},{"label":"18 hrs","value":0},{"label":"19 hrs","value":0},{"label":"20 hrs","value":0},{"label":"21 hrs","value":0},{"label":"22 hrs","value":0},{"label":"23 hrs","value":0}]},{"source":13,"target":24,"value":19,"fill":"#BEBADA","supply":[{"label":"00 hrs","value":0},{"label":"01 hrs","value":0},{"label":"02 hrs","value":0},{"label":"03 hrs","value":0},{"label":"04 hrs","value":0},{"label":"05 hrs","value":0},{"label":"06 hrs","value":0},{"label":"07 hrs","value":0},{"label":"08 hrs","value":0},{"label":"09 hrs","value":1},{"label":"10 hrs","value":3},{"label":"11 hrs","value":0},{"label":"12 hrs","value":0},{"label":"13 hrs","value":3},{"label":"14 hrs","value":2},{"label":"15 hrs","value":1},{"label":"16 hrs","value":0},{"label":"17 hrs","value":2},{"label":"18 hrs","value":2},{"label":"19 hrs","value":1},{"label":"20 hrs","value":0},{"label":"21 hrs","value":4},{"label":"22 hrs","value":0},{"label":"23 hrs","value":0}]},{"source":14,"target":24,"value":43,"fill":"#BEBADA","supply":[{"label":"00 hrs","value":1},{"label":"01 hrs","value":0},{"label":"02 hrs","value":1},{"label":"03 hrs","value":0},{"label":"04 hrs","value":0},{"label":"05 hrs","value":1},{"label":"06 hrs","value":2},{"label":"07 hrs","value":0},{"label":"08 hrs","value":0},{"label":"09 hrs","value":0},{"label":"10 hrs","value":2},{"label":"11 hrs","value":3},{"label":"12 hrs","value":2},{"label":"13 hrs","value":1},{"label":"14 hrs","value":2},{"label":"15 hrs","value":7},{"label":"16 hrs","value":4},{"label":"17 hrs","value":4},{"label":"18 hrs","value":5},{"label":"19 hrs","value":1},{"label":"20 hrs","value":2},{"label":"21 hrs","value":2},{"label":"22 hrs","value":2},{"label":"23 hrs","value":1}]},{"source":14,"target":24,"value":1,"fill":"#FCC5C0","supply":[{"label":"00 hrs","value":0},{"label":"01 hrs","value":0},{"label":"02 hrs","value":0},{"label":"03 hrs","value":0},{"label":"04 hrs","value":0},{"label":"05 hrs","value":0},{"label":"06 hrs","value":0},{"label":"07 hrs","value":0},{"label":"08 hrs","value":0},{"label":"09 hrs","value":0},{"label":"10 hrs","value":1},{"label":"11 hrs","value":0},{"label":"12 hrs","value":0},{"label":"13 hrs","value":0},{"label":"14 hrs","value":0},{"label":"15 hrs","value":0},{"label":"16 hrs","value":0},{"label":"17 hrs","value":0},{"label":"18 hrs","value":0},{"label":"19 hrs","value":0},{"label":"20 hrs","value":0},{"label":"21 hrs","value":0},{"label":"22 hrs","value":0},{"label":"23 hrs","value":0}]},{"source":15,"target":24,"value":24,"fill":"#BEBADA","supply":[{"label":"00 hrs","value":0},{"label":"01 hrs","value":0},{"label":"02 hrs","value":0},{"label":"03 hrs","value":1},{"label":"04 hrs","value":1},{"label":"05 hrs","value":0},{"label":"06 hrs","value":0},{"label":"07 hrs","value":0},{"label":"08 hrs","value":1},{"label":"09 hrs","value":2},{"label":"10 hrs","value":4},{"label":"11 hrs","value":0},{"label":"12 hrs","value":2},{"label":"13 hrs","value":1},{"label":"14 hrs","value":0},{"label":"15 hrs","value":0},{"label":"16 hrs","value":3},{"label":"17 hrs","value":0},{"label":"18 hrs","value":3},{"label":"19 hrs","value":1},{"label":"20 hrs","value":3},{"label":"21 hrs","value":1},{"label":"22 hrs","value":0},{"label":"23 hrs","value":1}]},{"source":13,"target":20,"value":15,"fill":"#BEBADA","supply":[{"label":"00 hrs","value":1},{"label":"01 hrs","value":0},{"label":"02 hrs","value":0},{"label":"03 hrs","value":0},{"label":"04 hrs","value":0},{"label":"05 hrs","value":0},{"label":"06 hrs","value":0},{"label":"07 hrs","value":1},{"label":"08 hrs","value":2},{"label":"09 hrs","value":1},{"label":"10 hrs","value":1},{"label":"11 hrs","value":0},{"label":"12 hrs","value":0},{"label":"13 hrs","value":0},{"label":"14 hrs","value":3},{"label":"15 hrs","value":1},{"label":"16 hrs","value":0},{"label":"17 hrs","value":0},{"label":"18 hrs","value":1},{"label":"19 hrs","value":1},{"label":"20 hrs","value":0},{"label":"21 hrs","value":2},{"label":"22 hrs","value":1},{"label":"23 hrs","value":0}]},{"source":14,"target":20,"value":32,"fill":"#BEBADA","supply":[{"label":"00 hrs","value":1},{"label":"01 hrs","value":1},{"label":"02 hrs","value":0},{"label":"03 hrs","value":0},{"label":"04 hrs","value":2},{"label":"05 hrs","value":0},{"label":"06 hrs","value":0},{"label":"07 hrs","value":2},{"label":"08 hrs","value":1},{"label":"09 hrs","value":2},{"label":"10 hrs","value":1},{"label":"11 hrs","value":3},{"label":"12 hrs","value":2},{"label":"13 hrs","value":1},{"label":"14 hrs","value":1},{"label":"15 hrs","value":6},{"label":"16 hrs","value":1},{"label":"17 hrs","value":0},{"label":"18 hrs","value":1},{"label":"19 hrs","value":1},{"label":"20 hrs","value":0},{"label":"21 hrs","value":4},{"label":"22 hrs","value":1},{"label":"23 hrs","value":1}]},{"source":14,"target":20,"value":1,"fill":"#FCC5C0","supply":[{"label":"00 hrs","value":1},{"label":"01 hrs","value":0},{"label":"02 hrs","value":0},{"label":"03 hrs","value":0},{"label":"04 hrs","value":0},{"label":"05 hrs","value":0},{"label":"06 hrs","value":0},{"label":"07 hrs","value":0},{"label":"08 hrs","value":0},{"label":"09 hrs","value":0},{"label":"10 hrs","value":0},{"label":"11 hrs","value":0},{"label":"12 hrs","value":0},{"label":"13 hrs","value":0},{"label":"14 hrs","value":0},{"label":"15 hrs","value":0},{"label":"16 hrs","value":0},{"label":"17 hrs","value":0},{"label":"18 hrs","value":0},{"label":"19 hrs","value":0},{"label":"20 hrs","value":0},{"label":"21 hrs","value":0},{"label":"22 hrs","value":0},{"label":"23 hrs","value":0}]},{"source":14,"target":20,"value":3,"fill":"#8DD3C7","supply":[{"label":"00 hrs","value":1},{"label":"01 hrs","value":0},{"label":"02 hrs","value":0},{"label":"03 hrs","value":0},{"label":"04 hrs","value":0},{"label":"05 hrs","value":0},{"label":"06 hrs","value":0},{"label":"07 hrs","value":0},{"label":"08 hrs","value":0},{"label":"09 hrs","value":0},{"label":"10 hrs","value":0},{"label":"11 hrs","value":0},{"label":"12 hrs","value":0},{"label":"13 hrs","value":0},{"label":"14 hrs","value":0},{"label":"15 hrs","value":0},{"label":"16 hrs","value":1},{"label":"17 hrs","value":0},{"label":"18 hrs","value":0},{"label":"19 hrs","value":1},{"label":"20 hrs","value":0},{"label":"21 hrs","value":0},{"label":"22 hrs","value":0},{"label":"23 hrs","value":0}]},{"source":15,"target":20,"value":24,"fill":"#BEBADA","supply":[{"label":"00 hrs","value":0},{"label":"01 hrs","value":0},{"label":"02 hrs","value":0},{"label":"03 hrs","value":0},{"label":"04 hrs","value":0},{"label":"05 hrs","value":0},{"label":"06 hrs","value":0},{"label":"07 hrs","value":1},{"label":"08 hrs","value":0},{"label":"09 hrs","value":0},{"label":"10 hrs","value":1},{"label":"11 hrs","value":1},{"label":"12 hrs","value":1},{"label":"13 hrs","value":2},{"label":"14 hrs","value":2},{"label":"15 hrs","value":2},{"label":"16 hrs","value":1},{"label":"17 hrs","value":2},{"label":"18 hrs","value":4},{"label":"19 hrs","value":1},{"label":"20 hrs","value":3},{"label":"21 hrs","value":2},{"label":"22 hrs","value":1},{"label":"23 hrs","value":0}]},{"source":13,"target":19,"value":2,"fill":"#BEBADA","supply":[{"label":"00 hrs","value":0},{"label":"01 hrs","value":0},{"label":"02 hrs","value":0},{"label":"03 hrs","value":0},{"label":"04 hrs","value":0},{"label":"05 hrs","value":0},{"label":"06 hrs","value":0},{"label":"07 hrs","value":0},{"label":"08 hrs","value":0},{"label":"09 hrs","value":0},{"label":"10 hrs","value":0},{"label":"11 hrs","value":0},{"label":"12 hrs","value":0},{"label":"13 hrs","value":0},{"label":"14 hrs","value":0},{"label":"15 hrs","value":0},{"label":"16 hrs","value":0},{"label":"17 hrs","value":2},{"label":"18 hrs","value":0},{"label":"19 hrs","value":0},{"label":"20 hrs","value":0},{"label":"21 hrs","value":0},{"label":"22 hrs","value":0},{"label":"23 hrs","value":0}]},{"source":14,"target":19,"value":2,"fill":"#BEBADA","supply":[{"label":"00 hrs","value":0},{"label":"01 hrs","value":0},{"label":"02 hrs","value":0},{"label":"03 hrs","value":0},{"label":"04 hrs","value":0},{"label":"05 hrs","value":0},{"label":"06 hrs","value":0},{"label":"07 hrs","value":0},{"label":"08 hrs","value":0},{"label":"09 hrs","value":0},{"label":"10 hrs","value":0},{"label":"11 hrs","value":0},{"label":"12 hrs","value":0},{"label":"13 hrs","value":0},{"label":"14 hrs","value":0},{"label":"15 hrs","value":0},{"label":"16 hrs","value":1},{"label":"17 hrs","value":1},{"label":"18 hrs","value":0},{"label":"19 hrs","value":0},{"label":"20 hrs","value":0},{"label":"21 hrs","value":0},{"label":"22 hrs","value":0},{"label":"23 hrs","value":0}]},{"source":14,"target":19,"value":2,"fill":"#FCC5C0","supply":[{"label":"00 hrs","value":0},{"label":"01 hrs","value":0},{"label":"02 hrs","value":0},{"label":"03 hrs","value":0},{"label":"04 hrs","value":0},{"label":"05 hrs","value":0},{"label":"06 hrs","value":0},{"label":"07 hrs","value":0},{"label":"08 hrs","value":0},{"label":"09 hrs","value":1},{"label":"10 hrs","value":0},{"label":"11 hrs","value":0},{"label":"12 hrs","value":0},{"label":"13 hrs","value":0},{"label":"14 hrs","value":0},{"label":"15 hrs","value":0},{"label":"16 hrs","value":0},{"label":"17 hrs","value":0},{"label":"18 hrs","value":0},{"label":"19 hrs","value":0},{"label":"20 hrs","value":0},{"label":"21 hrs","value":1},{"label":"22 hrs","value":0},{"label":"23 hrs","value":0}]},{"source":14,"target":19,"value":1,"fill":"#8DD3C7","supply":[{"label":"00 hrs","value":0},{"label":"01 hrs","value":0},{"label":"02 hrs","value":0},{"label":"03 hrs","value":0},{"label":"04 hrs","value":0},{"label":"05 hrs","value":0},{"label":"06 hrs","value":0},{"label":"07 hrs","value":0},{"label":"08 hrs","value":0},{"label":"09 hrs","value":0},{"label":"10 hrs","value":0},{"label":"11 hrs","value":0},{"label":"12 hrs","value":0},{"label":"13 hrs","value":0},{"label":"14 hrs","value":0},{"label":"15 hrs","value":0},{"label":"16 hrs","value":0},{"label":"17 hrs","value":0},{"label":"18 hrs","value":0},{"label":"19 hrs","value":0},{"label":"20 hrs","value":1},{"label":"21 hrs","value":0},{"label":"22 hrs","value":0},{"label":"23 hrs","value":0}]},{"source":14,"target":25,"value":1,"fill":"#BEBADA","supply":[{"label":"00 hrs","value":0},{"label":"01 hrs","value":0},{"label":"02 hrs","value":0},{"label":"03 hrs","value":0},{"label":"04 hrs","value":0},{"label":"05 hrs","value":0},{"label":"06 hrs","value":0},{"label":"07 hrs","value":0},{"label":"08 hrs","value":0},{"label":"09 hrs","value":0},{"label":"10 hrs","value":0},{"label":"11 hrs","value":0},{"label":"12 hrs","value":0},{"label":"13 hrs","value":0},{"label":"14 hrs","value":0},{"label":"15 hrs","value":0},{"label":"16 hrs","value":0},{"label":"17 hrs","value":0},{"label":"18 hrs","value":0},{"label":"19 hrs","value":1},{"label":"20 hrs","value":0},{"label":"21 hrs","value":0},{"label":"22 hrs","value":0},{"label":"23 hrs","value":0}]},{"source":15,"target":25,"value":3,"fill":"#BEBADA","supply":[{"label":"00 hrs","value":1},{"label":"01 hrs","value":0},{"label":"02 hrs","value":0},{"label":"03 hrs","value":0},{"label":"04 hrs","value":0},{"label":"05 hrs","value":0},{"label":"06 hrs","value":0},{"label":"07 hrs","value":0},{"label":"08 hrs","value":0},{"label":"09 hrs","value":0},{"label":"10 hrs","value":0},{"label":"11 hrs","value":0},{"label":"12 hrs","value":0},{"label":"13 hrs","value":0},{"label":"14 hrs","value":0},{"label":"15 hrs","value":0},{"label":"16 hrs","value":0},{"label":"17 hrs","value":1},{"label":"18 hrs","value":0},{"label":"19 hrs","value":0},{"label":"20 hrs","value":1},{"label":"21 hrs","value":0},{"label":"22 hrs","value":0},{"label":"23 hrs","value":0}]},{"source":15,"target":23,"value":7,"fill":"#BEBADA","supply":[{"label":"00 hrs","value":0},{"label":"01 hrs","value":0},{"label":"02 hrs","value":1},{"label":"03 hrs","value":1},{"label":"04 hrs","value":0},{"label":"05 hrs","value":0},{"label":"06 hrs","value":0},{"label":"07 hrs","value":0},{"label":"08 hrs","value":0},{"label":"09 hrs","value":0},{"label":"10 hrs","value":0},{"label":"11 hrs","value":1},{"label":"12 hrs","value":1},{"label":"13 hrs","value":0},{"label":"14 hrs","value":1},{"label":"15 hrs","value":1},{"label":"16 hrs","value":0},{"label":"17 hrs","value":1},{"label":"18 hrs","value":0},{"label":"19 hrs","value":0},{"label":"20 hrs","value":0},{"label":"21 hrs","value":0},{"label":"22 hrs","value":0},{"label":"23 hrs","value":0}]},{"source":15,"target":16,"value":3,"fill":"#BEBADA","supply":[{"label":"00 hrs","value":0},{"label":"01 hrs","value":0},{"label":"02 hrs","value":0},{"label":"03 hrs","value":0},{"label":"04 hrs","value":0},{"label":"05 hrs","value":0},{"label":"06 hrs","value":0},{"label":"07 hrs","value":0},{"label":"08 hrs","value":0},{"label":"09 hrs","value":0},{"label":"10 hrs","value":0},{"label":"11 hrs","value":0},{"label":"12 hrs","value":0},{"label":"13 hrs","value":1},{"label":"14 hrs","value":0},{"label":"15 hrs","value":0},{"label":"16 hrs","value":0},{"label":"17 hrs","value":0},{"label":"18 hrs","value":0},{"label":"19 hrs","value":0},{"label":"20 hrs","value":2},{"label":"21 hrs","value":0},{"label":"22 hrs","value":0},{"label":"23 hrs","value":0}]},{"source":15,"target":16,"value":1,"fill":"#FCC5C0","supply":[{"label":"00 hrs","value":0},{"label":"01 hrs","value":0},{"label":"02 hrs","value":0},{"label":"03 hrs","value":0},{"label":"04 hrs","value":0},{"label":"05 hrs","value":0},{"label":"06 hrs","value":0},{"label":"07 hrs","value":0},{"label":"08 hrs","value":1},{"label":"09 hrs","value":0},{"label":"10 hrs","value":0},{"label":"11 hrs","value":0},{"label":"12 hrs","value":0},{"label":"13 hrs","value":0},{"label":"14 hrs","value":0},{"label":"15 hrs","value":0},{"label":"16 hrs","value":0},{"label":"17 hrs","value":0},{"label":"18 hrs","value":0},{"label":"19 hrs","value":0},{"label":"20 hrs","value":0},{"label":"21 hrs","value":0},{"label":"22 hrs","value":0},{"label":"23 hrs","value":0}]}]}