{
  "nodes": [
    {"layer": 1,"name": "Health Advisor  HA ","fill": "#8C2D04"},
    {"layer": 1,"name": "Clinical Advisor  CA ","fill": "#8C2D04"},
    {"layer": 1,"name": "LAS 999 Callers  HCP5 ","fill": "#8C2D04"},
    {"layer": 1,"name": "Care Home Callers  HCP6 ","fill": "#8C2D04"},
    {"layer": 1,"name": "Rapid Response  HCP7 ","fill": "#8C2D04"},
    {"layer": 1,"name": "Worsening  HAW ","fill": "#8C2D04"},
    {"layer": 1,"name": "Admin","fill": "#8C2D04"},
    {"layer": 1,"name": "Dental","fill": "#8C2D04"},
    {"layer": 1,"name": "No Destination Call Type","fill": "#8C2D04"},
    {"layer": 1,"name": "Other","fill": "#8C2D04"},
    {"layer": 1,"name": "Dental","fill": "#8C2D04"},
    {"layer": 2,"name": "InHealth","fill": "#D94801"},
    {"layer": 2,"name": "NEL 111","fill": "#D94801"},
    {"layer": 1,"name": "111 Online","fill": "#D94801"},
    {"layer": 3,"name": "Health Advisor","fill": "#F16913"},
    {"layer": 3,"name": "Pathways Clinician","fill": "#F16913"},
    {"layer": 3,"name": "Pathways GP/OLC Clinician","fill": "#F16913"},
    {"layer": 3,"name": "Service Advisor","fill": "#F16913"},
    {"layer": 5,"name": "Health Advisor","fill": "#FD8D3C"},
    {"layer": 5,"name": "Pathways Clinician","fill": "#FD8D3C"},
    {"layer": 5,"name": "Pathways GP/OLC Clinician","fill": "#FD8D3C"},
    {"layer": 6,"name": "District/Community Nurse","fill": "#FDAE6B"},
    {"layer": 6,"name": "GP/GP Extended Hours/GP Choice/Hub","fill": "#FDAE6B"},
    {"layer": 6,"name": "IUC CAS/Calls/Treatment","fill": "#FDAE6B"},
    {"layer": 6,"name": "MIU/UTC/UCC/WiC","fill": "#FDAE6B"},
    {"layer": 6,"name": "Specialist Services","fill": "#FDAE6B"}
  ],
  "links": [{"source": 0,"target": 12,"value": 1201,"fill": "#BEBADA","supply": [{"label": "00 hrs","value": 13}, {"label": "01 hrs","value": 23}, {"label": "02 hrs","value": 21}, {"label": "03 hrs","value": 13}, {"label": "04 hrs","value": 18}, {"label": "05 hrs","value": 21}, {"label": "06 hrs","value": 16}, {"label": "07 hrs","value": 35}, {"label": "08 hrs","value": 54}, {"label": "09 hrs","value": 73}, {"label": "10 hrs","value": 94}, {"label": "11 hrs","value": 97}, {"label": "12 hrs","value": 62}, {"label": "13 hrs","value": 76}, {"label": "14 hrs","value": 77}, {"label": "15 hrs","value": 61}, {"label": "16 hrs","value": 78}, {"label": "17 hrs","value": 63}, {"label": "18 hrs","value": 65}, {"label": "19 hrs","value": 65}, {"label": "20 hrs","value": 54}, {"label": "21 hrs","value": 45}, {"label": "22 hrs","value": 51}, {"label": "23 hrs","value": 26}],"supplyDx": [{"label": "","value": 0}],"supplyService": [{"label": "","value": 0}],"supplyBook": [{"label": "","value": 0}]}, {"source": 1,"target": 12,"value": 11,"fill": "#FCC5C0","supply": [{"label": "00 hrs","value": 0}, {"label": "01 hrs","value": 1}, {"label": "02 hrs","value": 0}, {"label": "03 hrs","value": 0}, {"label": "04 hrs","value": 0}, {"label": "05 hrs","value": 0}, {"label": "06 hrs","value": 1}, {"label": "07 hrs","value": 0}, {"label": "08 hrs","value": 0}, {"label": "09 hrs","value": 0}, {"label": "10 hrs","value": 0}, {"label": "11 hrs","value": 0}, {"label": "12 hrs","value": 1}, {"label": "13 hrs","value": 2}, {"label": "14 hrs","value": 0}, {"label": "15 hrs","value": 0}, {"label": "16 hrs","value": 1}, {"label": "17 hrs","value": 0}, {"label": "18 hrs","value": 2}, {"label": "19 hrs","value": 0}, {"label": "20 hrs","value": 2}, {"label": "21 hrs","value": 1}, {"label": "22 hrs","value": 0}, {"label": "23 hrs","value": 0}],"supplyDx": [{"label": "","value": 0}],"supplyService": [{"label": "","value": 0}],"supplyBook": [{"label": "","value": 0}]}, {"source": 2,"target": 12,"value": 10,"fill": "#8DD3C7","supply": [{"label": "00 hrs","value": 0}, {"label": "01 hrs","value": 0}, {"label": "02 hrs","value": 0}, {"label": "03 hrs","value": 0}, {"label": "04 hrs","value": 2}, {"label": "05 hrs","value": 0}, {"label": "06 hrs","value": 0}, {"label": "07 hrs","value": 0}, {"label": "08 hrs","value": 0}, {"label": "09 hrs","value": 0}, {"label": "10 hrs","value": 0}, {"label": "11 hrs","value": 0}, {"label": "12 hrs","value": 0}, {"label": "13 hrs","value": 0}, {"label": "14 hrs","value": 1}, {"label": "15 hrs","value": 2}, {"label": "16 hrs","value": 0}, {"label": "17 hrs","value": 0}, {"label": "18 hrs","value": 0}, {"label": "19 hrs","value": 1}, {"label": "20 hrs","value": 1}, {"label": "21 hrs","value": 1}, {"label": "22 hrs","value": 1}, {"label": "23 hrs","value": 1}],"supplyDx": [{"label": "","value": 0}],"supplyService": [{"label": "","value": 0}],"supplyBook": [{"label": "","value": 0}]}, {"source": 3,"target": 12,"value": 11,"fill": "#8DD3C7","supply": [{"label": "00 hrs","value": 0}, {"label": "01 hrs","value": 0}, {"label": "02 hrs","value": 2}, {"label": "03 hrs","value": 1}, {"label": "04 hrs","value": 1}, {"label": "05 hrs","value": 0}, {"label": "06 hrs","value": 0}, {"label": "07 hrs","value": 0}, {"label": "08 hrs","value": 0}, {"label": "09 hrs","value": 0}, {"label": "10 hrs","value": 1}, {"label": "11 hrs","value": 0}, {"label": "12 hrs","value": 0}, {"label": "13 hrs","value": 0}, {"label": "14 hrs","value": 0}, {"label": "15 hrs","value": 0}, {"label": "16 hrs","value": 0}, {"label": "17 hrs","value": 0}, {"label": "18 hrs","value": 0}, {"label": "19 hrs","value": 1}, {"label": "20 hrs","value": 3}, {"label": "21 hrs","value": 2}, {"label": "22 hrs","value": 0}, {"label": "23 hrs","value": 0}],"supplyDx": [{"label": "","value": 0}],"supplyService": [{"label": "","value": 0}],"supplyBook": [{"label": "","value": 0}]}, {"source": 4,"target": 12,"value": 1,"fill": "#8DD3C7","supply": [{"label": "00 hrs","value": 0}, {"label": "01 hrs","value": 0}, {"label": "02 hrs","value": 0}, {"label": "03 hrs","value": 0}, {"label": "04 hrs","value": 0}, {"label": "05 hrs","value": 0}, {"label": "06 hrs","value": 0}, {"label": "07 hrs","value": 0}, {"label": "08 hrs","value": 0}, {"label": "09 hrs","value": 0}, {"label": "10 hrs","value": 0}, {"label": "11 hrs","value": 0}, {"label": "12 hrs","value": 0}, {"label": "13 hrs","value": 0}, {"label": "14 hrs","value": 0}, {"label": "15 hrs","value": 0}, {"label": "16 hrs","value": 0}, {"label": "17 hrs","value": 0}, {"label": "18 hrs","value": 0}, {"label": "19 hrs","value": 0}, {"label": "20 hrs","value": 0}, {"label": "21 hrs","value": 0}, {"label": "22 hrs","value": 0}, {"label": "23 hrs","value": 1}],"supplyDx": [{"label": "","value": 0}],"supplyService": [{"label": "","value": 0}],"supplyBook": [{"label": "","value": 0}]}, {"source": 5,"target": 12,"value": 65,"fill": "#A65628","supply": [{"label": "00 hrs","value": 1}, {"label": "01 hrs","value": 1}, {"label": "02 hrs","value": 2}, {"label": "03 hrs","value": 2}, {"label": "04 hrs","value": 1}, {"label": "05 hrs","value": 5}, {"label": "06 hrs","value": 1}, {"label": "07 hrs","value": 1}, {"label": "08 hrs","value": 1}, {"label": "09 hrs","value": 6}, {"label": "10 hrs","value": 5}, {"label": "11 hrs","value": 1}, {"label": "12 hrs","value": 3}, {"label": "13 hrs","value": 9}, {"label": "14 hrs","value": 0}, {"label": "15 hrs","value": 3}, {"label": "16 hrs","value": 7}, {"label": "17 hrs","value": 1}, {"label": "18 hrs","value": 4}, {"label": "19 hrs","value": 2}, {"label": "20 hrs","value": 0}, {"label": "21 hrs","value": 7}, {"label": "22 hrs","value": 1}, {"label": "23 hrs","value": 1}],"supplyDx": [{"label": "","value": 0}],"supplyService": [{"label": "","value": 0}],"supplyBook": [{"label": "","value": 0}]}, {"source": 6,"target": 12,"value": 108,"fill": "#FB8072","supply": [{"label": "00 hrs","value": 0}, {"label": "01 hrs","value": 0}, {"label": "02 hrs","value": 4}, {"label": "03 hrs","value": 1}, {"label": "04 hrs","value": 0}, {"label": "05 hrs","value": 2}, {"label": "06 hrs","value": 0}, {"label": "07 hrs","value": 1}, {"label": "08 hrs","value": 0}, {"label": "09 hrs","value": 6}, {"label": "10 hrs","value": 13}, {"label": "11 hrs","value": 11}, {"label": "12 hrs","value": 10}, {"label": "13 hrs","value": 6}, {"label": "14 hrs","value": 10}, {"label": "15 hrs","value": 6}, {"label": "16 hrs","value": 8}, {"label": "17 hrs","value": 7}, {"label": "18 hrs","value": 6}, {"label": "19 hrs","value": 4}, {"label": "20 hrs","value": 6}, {"label": "21 hrs","value": 3}, {"label": "22 hrs","value": 3}, {"label": "23 hrs","value": 1}],"supplyDx": [{"label": "","value": 0}],"supplyService": [{"label": "","value": 0}],"supplyBook": [{"label": "","value": 0}]}, {"source": 7,"target": 12,"value": 87,"fill": "#FF7F00","supply": [{"label": "00 hrs","value": 0}, {"label": "01 hrs","value": 0}, {"label": "02 hrs","value": 3}, {"label": "03 hrs","value": 2}, {"label": "04 hrs","value": 2}, {"label": "05 hrs","value": 2}, {"label": "06 hrs","value": 0}, {"label": "07 hrs","value": 1}, {"label": "08 hrs","value": 2}, {"label": "09 hrs","value": 4}, {"label": "10 hrs","value": 7}, {"label": "11 hrs","value": 4}, {"label": "12 hrs","value": 4}, {"label": "13 hrs","value": 2}, {"label": "14 hrs","value": 7}, {"label": "15 hrs","value": 2}, {"label": "16 hrs","value": 1}, {"label": "17 hrs","value": 10}, {"label": "18 hrs","value": 12}, {"label": "19 hrs","value": 7}, {"label": "20 hrs","value": 5}, {"label": "21 hrs","value": 2}, {"label": "22 hrs","value": 4}, {"label": "23 hrs","value": 4}],"supplyDx": [{"label": "","value": 0}],"supplyService": [{"label": "","value": 0}],"supplyBook": [{"label": "","value": 0}]}, {"source": 8,"target": 12,"value": 940,"fill": "#BEBADA","supply": [{"label": "00 hrs","value": 28}, {"label": "01 hrs","value": 7}, {"label": "02 hrs","value": 4}, {"label": "03 hrs","value": 6}, {"label": "04 hrs","value": 8}, {"label": "05 hrs","value": 4}, {"label": "06 hrs","value": 11}, {"label": "07 hrs","value": 14}, {"label": "08 hrs","value": 53}, {"label": "09 hrs","value": 108}, {"label": "10 hrs","value": 106}, {"label": "11 hrs","value": 75}, {"label": "12 hrs","value": 85}, {"label": "13 hrs","value": 72}, {"label": "14 hrs","value": 81}, {"label": "15 hrs","value": 71}, {"label": "16 hrs","value": 34}, {"label": "17 hrs","value": 38}, {"label": "18 hrs","value": 26}, {"label": "19 hrs","value": 27}, {"label": "20 hrs","value": 22}, {"label": "21 hrs","value": 26}, {"label": "22 hrs","value": 22}, {"label": "23 hrs","value": 12}],"supplyDx": [{"label": "","value": 0}],"supplyService": [{"label": "","value": 0}],"supplyBook": [{"label": "","value": 0}]}, {"source": 9,"target": 11,"value": 878,"fill": "#BEBADA","supply": [{"label": "00 hrs","value": 0}, {"label": "01 hrs","value": 0}, {"label": "02 hrs","value": 0}, {"label": "03 hrs","value": 0}, {"label": "04 hrs","value": 0}, {"label": "05 hrs","value": 0}, {"label": "06 hrs","value": 0}, {"label": "07 hrs","value": 0}, {"label": "08 hrs","value": 29}, {"label": "09 hrs","value": 63}, {"label": "10 hrs","value": 82}, {"label": "11 hrs","value": 84}, {"label": "12 hrs","value": 56}, {"label": "13 hrs","value": 66}, {"label": "14 hrs","value": 63}, {"label": "15 hrs","value": 59}, {"label": "16 hrs","value": 63}, {"label": "17 hrs","value": 56}, {"label": "18 hrs","value": 54}, {"label": "19 hrs","value": 53}, {"label": "20 hrs","value": 46}, {"label": "21 hrs","value": 42}, {"label": "22 hrs","value": 45}, {"label": "23 hrs","value": 17}],"supplyDx": [{"label": "","value": 0}],"supplyService": [{"label": "","value": 0}],"supplyBook": [{"label": "","value": 0}]}, {"source": 10,"target": 11,"value": 57,"fill": "#FF7F00","supply": [{"label": "00 hrs","value": 0}, {"label": "01 hrs","value": 0}, {"label": "02 hrs","value": 0}, {"label": "03 hrs","value": 0}, {"label": "04 hrs","value": 0}, {"label": "05 hrs","value": 0}, {"label": "06 hrs","value": 0}, {"label": "07 hrs","value": 0}, {"label": "08 hrs","value": 0}, {"label": "09 hrs","value": 0}, {"label": "10 hrs","value": 0}, {"label": "11 hrs","value": 2}, {"label": "12 hrs","value": 4}, {"label": "13 hrs","value": 2}, {"label": "14 hrs","value": 6}, {"label": "15 hrs","value": 3}, {"label": "16 hrs","value": 1}, {"label": "17 hrs","value": 8}, {"label": "18 hrs","value": 11}, {"label": "19 hrs","value": 6}, {"label": "20 hrs","value": 3}, {"label": "21 hrs","value": 3}, {"label": "22 hrs","value": 3}, {"label": "23 hrs","value": 5}],"supplyDx": [{"label": "","value": 0}],"supplyService": [{"label": "","value": 0}],"supplyBook": [{"label": "","value": 0}]}, {"source": 13,"target": 12,"value": 1,"fill": "#BEBADA","supply": [{"label": "10 hrs","value": 1}],"supplyDx": [],"supplyService": [],"supplyBook": []}, {"source": 12,"target": 14,"value": 2,"fill": "#FCC5C0","supply": [{"label": "02 hrs","value": 1}, {"label": "21 hrs","value": 1}],"supplyDx": [{"label": "Dx333","value": 1}, {"label": "Dx335","value": 1}],"supplyService": [{"label": "","value": 2}],"supplyBook": [{"label": "FALSE","value": 2}]}, {"source": 12,"target": 14,"value": 5,"fill": "#8DD3C7","supply": [{"label": "06 hrs","value": 1}, {"label": "07 hrs","value": 1}, {"label": "12 hrs","value": 1}, {"label": "21 hrs","value": 1}, {"label": "22 hrs","value": 1}],"supplyDx": [{"label": "Dx1113","value": 1}, {"label": "Dx32","value": 1}, {"label": "Dx391","value": 1}, {"label": "Dx76","value": 1}, {"label": "Dx77","value": 1}],"supplyService": [{"label": "","value": 4}, {"label": "Integrated Urgent Care (IUC) Treatment Service","value": 1}],"supplyBook": [{"label": "FALSE","value": 5}]}, {"source": 12,"target": 14,"value": 140,"fill": "#BEBADA","supply": [{"label": "00 hrs","value": 4}, {"label": "01 hrs","value": 2}, {"label": "02 hrs","value": 4}, {"label": "03 hrs","value": 1}, {"label": "04 hrs","value": 4}, {"label": "05 hrs","value": 3}, {"label": "06 hrs","value": 2}, {"label": "07 hrs","value": 5}, {"label": "08 hrs","value": 7}, {"label": "09 hrs","value": 5}, {"label": "10 hrs","value": 6}, {"label": "11 hrs","value": 10}, {"label": "12 hrs","value": 8}, {"label": "13 hrs","value": 6}, {"label": "14 hrs","value": 10}, {"label": "15 hrs","value": 8}, {"label": "16 hrs","value": 12}, {"label": "17 hrs","value": 5}, {"label": "18 hrs","value": 3}, {"label": "19 hrs","value": 9}, {"label": "20 hrs","value": 8}, {"label": "21 hrs","value": 10}, {"label": "22 hrs","value": 3}, {"label": "23 hrs","value": 5}],"supplyDx": [{"label": "Dx01125","value": 7}, {"label": "Dx014","value": 1}, {"label": "Dx108","value": 2}, {"label": "Dx11","value": 3}, {"label": "Dx1112","value": 5}, {"label": "Dx1113","value": 12}, {"label": "Dx1114","value": 13}, {"label": "Dx1115","value": 22}, {"label": "Dx1116","value": 9}, {"label": "Dx32","value": 1}, {"label": "Dx321","value": 1}, {"label": "Dx324","value": 2}, {"label": "Dx333","value": 11}, {"label": "Dx334","value": 2}, {"label": "Dx335","value": 7}, {"label": "Dx339","value": 2}, {"label": "Dx35","value": 2}, {"label": "Dx391","value": 38}],"supplyService": [{"label": "","value": 81}, {"label": "GP Practice","value": 3}, {"label": "GP Practice Extended Hours","value": 13}, {"label": "Integrated Urgent Care (IUC) Clinical Assessment Service (CAS)","value": 2}, {"label": "Integrated Urgent Care (IUC) NHS 111 Call Handling Provider","value": 4}, {"label": "Integrated Urgent Care (IUC) Treatment Service","value": 32}, {"label": "Intermediate Care","value": 1}, {"label": "Walk-In Centre (WIC)","value": 4}],"supplyBook": [{"label": "FALSE","value": 121}, {"label": "TRUE","value": 19}]}, {"source": 12,"target": 15,"value": 5,"fill": "#BEBADA","supply": [{"label": "00 hrs","value": 1}, {"label": "07 hrs","value": 1}, {"label": "10 hrs","value": 1}, {"label": "13 hrs","value": 1}, {"label": "22 hrs","value": 1}],"supplyDx": [{"label": "","value": 5}],"supplyService": [{"label": "","value": 1}, {"label": "District/Community Nurse","value": 1}, {"label": "GP Practice","value": 2}, {"label": "Urgent Treatment Centre (UTC)","value": 1}],"supplyBook": [{"label": "FALSE","value": 4}, {"label": "TRUE","value": 1}]}, {"source": 12,"target": 16,"value": 7,"fill": "#BEBADA","supply": [{"label": "09 hrs","value": 1}, {"label": "10 hrs","value": 2}, {"label": "11 hrs","value": 1}, {"label": "12 hrs","value": 1}, {"label": "15 hrs","value": 1}, {"label": "16 hrs","value": 1}],"supplyDx": [{"label": "Dx01214","value": 1}, {"label": "Dx391","value": 6}],"supplyService": [{"label": "","value": 7}],"supplyBook": [{"label": "FALSE","value": 7}]}, {"source": 12,"target": 17,"value": 6,"fill": "#BEBADA","supply": [{"label": "14 hrs","value": 1}, {"label": "16 hrs","value": 1}, {"label": "17 hrs","value": 1}, {"label": "18 hrs","value": 1}, {"label": "19 hrs","value": 1}, {"label": "20 hrs","value": 1}],"supplyDx": [{"label": "Dx01214","value": 2}, {"label": "Dx1113","value": 1}, {"label": "Dx1115","value": 1}, {"label": "Dx32","value": 1}, {"label": "Dx391","value": 1}],"supplyService": [{"label": "","value": 4}, {"label": "GP Practice Extended Hours","value": 2}],"supplyBook": [{"label": "FALSE","value": 4}, {"label": "TRUE","value": 2}]}, {"source": 14,"target": 20,"value": 2,"fill": "#FCC5C0","supply": [{"label": "02 hrs","value": 1}, {"label": "21 hrs","value": 1}],"supplyDx": [{"label": "Dx391","value": 2}],"supplyService": [{"label": "","value": 2}],"supplyBook": [{"label": "FALSE","value": 2}]}, {"source": 14,"target": 18,"value": 2,"fill": "#8DD3C7","supply": [{"label": "07 hrs","value": 1}, {"label": "21 hrs","value": 1}],"supplyDx": [{"label": "Dx1113","value": 1}, {"label": "Dx391","value": 1}],"supplyService": [{"label": "","value": 1}, {"label": "Integrated Urgent Care (IUC) Treatment Service","value": 1}],"supplyBook": [{"label": "FALSE","value": 2}]}, {"source": 14,"target": 20,"value": 3,"fill": "#8DD3C7","supply": [{"label": "06 hrs","value": 1}, {"label": "12 hrs","value": 1}, {"label": "22 hrs","value": 1}],"supplyDx": [{"label": "Dx01125","value": 1}, {"label": "Dx01214","value": 1}, {"label": "Dx391","value": 1}],"supplyService": [{"label": "","value": 3}],"supplyBook": [{"label": "FALSE","value": 3}]}, {"source": 14,"target": 18,"value": 88,"fill": "#BEBADA","supply": [{"label": "00 hrs","value": 3}, {"label": "01 hrs","value": 1}, {"label": "02 hrs","value": 1}, {"label": "03 hrs","value": 1}, {"label": "04 hrs","value": 1}, {"label": "06 hrs","value": 2}, {"label": "07 hrs","value": 4}, {"label": "08 hrs","value": 6}, {"label": "09 hrs","value": 5}, {"label": "10 hrs","value": 4}, {"label": "11 hrs","value": 9}, {"label": "12 hrs","value": 4}, {"label": "13 hrs","value": 2}, {"label": "14 hrs","value": 7}, {"label": "15 hrs","value": 3}, {"label": "16 hrs","value": 8}, {"label": "17 hrs","value": 3}, {"label": "18 hrs","value": 3}, {"label": "19 hrs","value": 6}, {"label": "20 hrs","value": 4}, {"label": "21 hrs","value": 8}, {"label": "22 hrs","value": 2}, {"label": "23 hrs","value": 1}],"supplyDx": [{"label": "Dx01125","value": 7}, {"label": "Dx014","value": 1}, {"label": "Dx108","value": 2}, {"label": "Dx1112","value": 3}, {"label": "Dx1113","value": 5}, {"label": "Dx1114","value": 11}, {"label": "Dx1115","value": 13}, {"label": "Dx1116","value": 8}, {"label": "Dx391","value": 38}],"supplyService": [{"label": "","value": 48}, {"label": "GP Practice Extended Hours","value": 7}, {"label": "Integrated Urgent Care (IUC) Clinical Assessment Service (CAS)","value": 1}, {"label": "Integrated Urgent Care (IUC) NHS 111 Call Handling Provider","value": 4}, {"label": "Integrated Urgent Care (IUC) Treatment Service","value": 27}, {"label": "Intermediate Care","value": 1}],"supplyBook": [{"label": "FALSE","value": 84}, {"label": "TRUE","value": 4}]}, {"source": 17,"target": 18,"value": 1,"fill": "#BEBADA","supply": [{"label": "07 hrs","value": 1}, {"label": "10 hrs","value": 1}, {"label": "14 hrs","value": 2}, {"label": "15 hrs","value": 4}, {"label": "16 hrs","value": 2}, {"label": "17 hrs","value": 1}, {"label": "19 hrs","value": 3}, {"label": "20 hrs","value": 2}, {"label": "21 hrs","value": 2}, {"label": "23 hrs","value": 2}],"supplyDx": [{"label": "Dx012","value": 1}, {"label": "Dx05","value": 7}, {"label": "Dx06","value": 11}, {"label": "Dx391","value": 1}],"supplyService": [{"label": "","value": 2}, {"label": "GP Practice","value": 3}, {"label": "GP Practice Extended Hours","value": 5}, {"label": "Integrated Urgent Care (IUC) Clinical Assessment Service (CAS)","value": 1}, {"label": "Integrated Urgent Care (IUC) Treatment Service","value": 5}, {"label": "Walk-In Centre (WIC)","value": 4}],"supplyBook": [{"label": "FALSE","value": 5}, {"label": "TRUE","value": 15}]}, {"source": 14,"target": 19,"value": 20,"fill": "#BEBADA","supply": [{"label": "00 hrs","value": 1}, {"label": "01 hrs","value": 1}, {"label": "02 hrs","value": 3}, {"label": "04 hrs","value": 3}, {"label": "05 hrs","value": 3}, {"label": "08 hrs","value": 1}, {"label": "10 hrs","value": 1}, {"label": "11 hrs","value": 1}, {"label": "12 hrs","value": 4}, {"label": "13 hrs","value": 4}, {"label": "14 hrs","value": 1}, {"label": "15 hrs","value": 1}, {"label": "16 hrs","value": 2}, {"label": "17 hrs","value": 1}, {"label": "20 hrs","value": 2}, {"label": "22 hrs","value": 1}, {"label": "23 hrs","value": 2}],"supplyDx": [{"label": "Dx01125","value": 5}, {"label": "Dx01214","value": 4}, {"label": "Dx1116","value": 1}, {"label": "Dx391","value": 22}],"supplyService": [{"label": "","value": 31}, {"label": "GP Practice Extended Hours","value": 1}],"supplyBook": [{"label": "FALSE","value": 32}]}, {"source": 15,"target": 20,"value": 5,"fill": "#BEBADA","supply": [{"label": "00 hrs","value": 1}, {"label": "07 hrs","value": 1}, {"label": "10 hrs","value": 1}, {"label": "13 hrs","value": 1}, {"label": "22 hrs","value": 1}],"supplyDx": [{"label": "Dx06","value": 3}, {"label": "Dx07","value": 1}, {"label": "Dx391","value": 1}],"supplyService": [{"label": "","value": 1}, {"label": "District/Community Nurse","value": 1}, {"label": "GP Practice","value": 2}, {"label": "Urgent Treatment Centre (UTC)","value": 1}],"supplyBook": [{"label": "FALSE","value": 4}, {"label": "TRUE","value": 1}]}, {"source": 17,"target": 19,"value": 2,"fill": "#BEBADA","supply": [{"label": "09 hrs","value": 1}, {"label": "10 hrs","value": 2}, {"label": "11 hrs","value": 1}, {"label": "12 hrs","value": 1}, {"label": "15 hrs","value": 1}, {"label": "16 hrs","value": 1}],"supplyDx": [{"label": "Dx01214","value": 1}, {"label": "Dx391","value": 6}],"supplyService": [{"label": "","value": 7}],"supplyBook": [{"label": "FALSE","value": 7}]}, {"source": 14,"target": 20,"value": 32,"fill": "#BEBADA","supply": [{"label": "18 hrs","value": 1}],"supplyDx": [{"label": "Dx391","value": 1}],"supplyService": [{"label": "","value": 1}],"supplyBook": [{"label": "FALSE","value": 1}]}, {"source": 16,"target": 19,"value": 7,"fill": "#BEBADA","supply": [{"label": "17 hrs","value": 1}, {"label": "19 hrs","value": 1}],"supplyDx": [{"label": "Dx05","value": 2}],"supplyService": [{"label": "GP Practice Extended Hours","value": 2}],"supplyBook": [{"label": "TRUE","value": 2}]}, {"source": 17,"target": 20,"value": 3,"fill": "#BEBADA","supply": [{"label": "14 hrs","value": 1}, {"label": "16 hrs","value": 1}, {"label": "20 hrs","value": 1}],"supplyDx": [{"label": "Dx01214","value": 2}, {"label": "Dx391","value": 1}],"supplyService": [{"label": "","value": 3}],"supplyBook": [{"label": "FALSE","value": 3}]}, {"source": 18,"target": 23,"value": 1,"fill": "#8DD3C7","supply": [{"label": "07 hrs","value": 1}],"supplyDx": [{"label": "Dx1113","value": 1}],"supplyService": [{"label": "Integrated Urgent Care (IUC) Treatment Service","value": 1}],"supplyBook": [{"label": "FALSE","value": 1}]}, {"source": 18,"target": 22,"value": 7,"fill": "#BEBADA","supply": [{"label": "11 hrs","value": 1}, {"label": "12 hrs","value": 1}, {"label": "14 hrs","value": 1}, {"label": "15 hrs","value": 1}, {"label": "16 hrs","value": 1}, {"label": "17 hrs","value": 2}],"supplyDx": [{"label": "Dx1113","value": 2}, {"label": "Dx1114","value": 1}, {"label": "Dx1115","value": 2}, {"label": "Dx1116","value": 2}],"supplyService": [{"label": "GP Practice Extended Hours","value": 7}],"supplyBook": [{"label": "FALSE","value": 3}, {"label": "TRUE","value": 4}]}, {"source": 18,"target": 23,"value": 32,"fill": "#BEBADA","supply": [{"label": "00 hrs","value": 1}, {"label": "01 hrs","value": 1}, {"label": "03 hrs","value": 1}, {"label": "07 hrs","value": 2}, {"label": "08 hrs","value": 2}, {"label": "09 hrs","value": 3}, {"label": "10 hrs","value": 2}, {"label": "11 hrs","value": 4}, {"label": "12 hrs","value": 1}, {"label": "14 hrs","value": 2}, {"label": "15 hrs","value": 1}, {"label": "16 hrs","value": 1}, {"label": "19 hrs","value": 3}, {"label": "20 hrs","value": 3}, {"label": "21 hrs","value": 5}],"supplyDx": [{"label": "Dx1112","value": 3}, {"label": "Dx1113","value": 3}, {"label": "Dx1114","value": 10}, {"label": "Dx1115","value": 10}, {"label": "Dx1116","value": 6}],"supplyService": [{"label": "Integrated Urgent Care (IUC) Clinical Assessment Service (CAS)","value": 1}, {"label": "Integrated Urgent Care (IUC) NHS 111 Call Handling Provider","value": 4}, {"label": "Integrated Urgent Care (IUC) Treatment Service","value": 27}],"supplyBook": [{"label": "FALSE","value": 32}]}, {"source": 18,"target": 25,"value": 1,"fill": "#BEBADA","supply": [{"label": "13 hrs","value": 1}],"supplyDx": [{"label": "Dx1115","value": 1}],"supplyService": [{"label": "Intermediate Care","value": 1}],"supplyBook": [{"label": "FALSE","value": 1}]}, {"source": 19,"target": 21,"value": 1,"fill": "#BEBADA","supply": [{"label": "00 hrs","value": 1}],"supplyDx": [{"label": "Dx07","value": 1}],"supplyService": [{"label": "District/Community Nurse","value": 1}],"supplyBook": [{"label": "FALSE","value": 1}]}, {"source": 19,"target": 22,"value": 12,"fill": "#BEBADA","supply": [{"label": "07 hrs","value": 1}, {"label": "10 hrs","value": 2}, {"label": "14 hrs","value": 1}, {"label": "15 hrs","value": 2}, {"label": "16 hrs","value": 1}, {"label": "17 hrs","value": 1}, {"label": "19 hrs","value": 4}],"supplyDx": [{"label": "Dx05","value": 6}, {"label": "Dx06","value": 6}],"supplyService": [{"label": "GP Practice","value": 5}, {"label": "GP Practice Extended Hours","value": 7}],"supplyBook": [{"label": "FALSE","value": 3}, {"label": "TRUE","value": 9}]}, {"source": 19,"target": 23,"value": 6,"fill": "#BEBADA","supply": [{"label": "17 hrs","value": 1}, {"label": "20 hrs","value": 1}, {"label": "21 hrs","value": 2}, {"label": "23 hrs","value": 2}],"supplyDx": [{"label": "Dx05","value": 2}, {"label": "Dx06","value": 4}],"supplyService": [{"label": "Integrated Urgent Care (IUC) Clinical Assessment Service (CAS)","value": 1}, {"label": "Integrated Urgent Care (IUC) Treatment Service","value": 5}],"supplyBook": [{"label": "FALSE","value": 2}, {"label": "TRUE","value": 4}]}, {"source": 19,"target": 24,"value": 5,"fill": "#BEBADA","supply": [{"label": "13 hrs","value": 1}, {"label": "14 hrs","value": 1}, {"label": "15 hrs","value": 2}, {"label": "16 hrs","value": 1}],"supplyDx": [{"label": "Dx05","value": 1}, {"label": "Dx06","value": 4}],"supplyService": [{"label": "Urgent Treatment Centre (UTC)","value": 1}, {"label": "Walk-In Centre (WIC)","value": 4}],"supplyBook": [{"label": "TRUE","value": 5}]}, {"source": 20,"target": 22,"value": 1,"fill": "#BEBADA","supply": [{"label": "13 hrs","value": 1}],"supplyDx": [{"label": "Dx01125","value": 1}],"supplyService": [{"label": "GP Practice Extended Hours","value": 1}],"supplyBook": [{"label": "FALSE","value": 1}]}]}