{"nodes":[{"layer":1,"name":"111","fill":"#E495A5"},{"layer":2,"name":"Worsening","fill":"#B5AD64"},{"layer":2,"name":"Starlines","fill":"#D5A07B"},{"layer":2,"name":"COVID Call Response","fill":"#D5A07B"},{"layer":3,"name":"COVID CAS","fill":"#86B875"},{"layer":3,"name":"Health Advisor","fill":"#4EBE9C"},{"layer":2,"name":"Admin Caller","fill":"#D5A07B"},{"layer":2,"name":"CMC","fill":"#B5AD64"},{"layer":2,"name":"Dental","fill":"#D5A07B"},{"layer":4,"name":"999","fill":"#7DB0DD"},{"layer":4,"name":"COVID Hot Hub","fill":"#86B875"},{"layer":4,"name":"GPOOH","fill":"#B8A0E0"},{"layer":4,"name":"GP","fill":"#B8A0E0"},{"layer":4,"name":"ED","fill":"#DC94CB"},{"layer":4,"name":"GP Extended Hours","fill":"#B8A0E0"}],"links":[{"source":0,"target":6,"value":106,"supply":[{"l":"0 hrs","v":7},{"l":"1 hrs","v":10},{"l":"2 hrs","v":3},{"l":"3 hrs","v":1},{"l":"4 hrs","v":10},{"l":"5 hrs","v":9},{"l":"6 hrs","v":10},{"l":"7 hrs","v":5},{"l":"8 hrs","v":4},{"l":"9 hrs","v":4},{"l":"10 hrs","v":4},{"l":"11 hrs","v":1},{"l":"12 hrs","v":1},{"l":"13 hrs","v":9},{"l":"14 hrs","v":8},{"l":"15 hrs","v":7},{"l":"16 hrs","v":8},{"l":"17 hrs","v":7},{"l":"18 hrs","v":4},{"l":"19 hrs","v":6},{"l":"20 hrs","v":2},{"l":"21 hrs","v":3},{"l":"22 hrs","v":2},{"l":"23 hrs","v":1}]},{"source":0,"target":7,"value":3,"supply":[{"l":"0 hrs","v":4},{"l":"1 hrs","v":3},{"l":"2 hrs","v":3},{"l":"3 hrs","v":5},{"l":"4 hrs","v":3},{"l":"5 hrs","v":1},{"l":"6 hrs","v":9},{"l":"7 hrs","v":7},{"l":"8 hrs","v":2},{"l":"9 hrs","v":1},{"l":"10 hrs","v":4},{"l":"11 hrs","v":10},{"l":"12 hrs","v":9},{"l":"13 hrs","v":6},{"l":"14 hrs","v":2},{"l":"15 hrs","v":4},{"l":"16 hrs","v":7},{"l":"17 hrs","v":3},{"l":"18 hrs","v":4},{"l":"19 hrs","v":3},{"l":"20 hrs","v":10},{"l":"21 hrs","v":1},{"l":"22 hrs","v":9},{"l":"23 hrs","v":9}]},{"source":0,"target":8,"value":22,"supply":[{"l":"0 hrs","v":8},{"l":"1 hrs","v":9},{"l":"2 hrs","v":3},{"l":"3 hrs","v":1},{"l":"4 hrs","v":3},{"l":"5 hrs","v":6},{"l":"6 hrs","v":2},{"l":"7 hrs","v":5},{"l":"8 hrs","v":4},{"l":"9 hrs","v":7},{"l":"10 hrs","v":6},{"l":"11 hrs","v":9},{"l":"12 hrs","v":4},{"l":"13 hrs","v":8},{"l":"14 hrs","v":0},{"l":"15 hrs","v":6},{"l":"16 hrs","v":6},{"l":"17 hrs","v":7},{"l":"18 hrs","v":1},{"l":"19 hrs","v":4},{"l":"20 hrs","v":9},{"l":"21 hrs","v":1},{"l":"22 hrs","v":6},{"l":"23 hrs","v":9}]},{"source":0,"target":2,"value":53,"supply":[{"l":"0 hrs","v":10},{"l":"1 hrs","v":4},{"l":"2 hrs","v":8},{"l":"3 hrs","v":10},{"l":"4 hrs","v":9},{"l":"5 hrs","v":4},{"l":"6 hrs","v":9},{"l":"7 hrs","v":2},{"l":"8 hrs","v":5},{"l":"9 hrs","v":2},{"l":"10 hrs","v":9},{"l":"11 hrs","v":4},{"l":"12 hrs","v":0},{"l":"13 hrs","v":8},{"l":"14 hrs","v":7},{"l":"15 hrs","v":9},{"l":"16 hrs","v":4},{"l":"17 hrs","v":8},{"l":"18 hrs","v":0},{"l":"19 hrs","v":2},{"l":"20 hrs","v":8},{"l":"21 hrs","v":8},{"l":"22 hrs","v":8},{"l":"23 hrs","v":8}]},{"source":0,"target":1,"value":60,"supply":[{"l":"0 hrs","v":7},{"l":"1 hrs","v":6},{"l":"2 hrs","v":2},{"l":"3 hrs","v":7},{"l":"4 hrs","v":7},{"l":"5 hrs","v":6},{"l":"6 hrs","v":8},{"l":"7 hrs","v":5},{"l":"8 hrs","v":4},{"l":"9 hrs","v":1},{"l":"10 hrs","v":10},{"l":"11 hrs","v":8},{"l":"12 hrs","v":5},{"l":"13 hrs","v":2},{"l":"14 hrs","v":1},{"l":"15 hrs","v":6},{"l":"16 hrs","v":3},{"l":"17 hrs","v":2},{"l":"18 hrs","v":0},{"l":"19 hrs","v":3},{"l":"20 hrs","v":1},{"l":"21 hrs","v":5},{"l":"22 hrs","v":6},{"l":"23 hrs","v":0}]},{"source":0,"target":3,"value":296,"supply":[{"l":"0 hrs","v":2},{"l":"1 hrs","v":3},{"l":"2 hrs","v":4},{"l":"3 hrs","v":0},{"l":"4 hrs","v":1},{"l":"5 hrs","v":2},{"l":"6 hrs","v":0},{"l":"7 hrs","v":7},{"l":"8 hrs","v":7},{"l":"9 hrs","v":4},{"l":"10 hrs","v":3},{"l":"11 hrs","v":1},{"l":"12 hrs","v":1},{"l":"13 hrs","v":8},{"l":"14 hrs","v":4},{"l":"15 hrs","v":6},{"l":"16 hrs","v":4},{"l":"17 hrs","v":10},{"l":"18 hrs","v":5},{"l":"19 hrs","v":0},{"l":"20 hrs","v":1},{"l":"21 hrs","v":2},{"l":"22 hrs","v":6},{"l":"23 hrs","v":4}]},{"source":1,"target":4,"value":44,"supply":[{"l":"0 hrs","v":7},{"l":"1 hrs","v":4},{"l":"2 hrs","v":7},{"l":"3 hrs","v":6},{"l":"4 hrs","v":9},{"l":"5 hrs","v":9},{"l":"6 hrs","v":6},{"l":"7 hrs","v":5},{"l":"8 hrs","v":5},{"l":"9 hrs","v":1},{"l":"10 hrs","v":2},{"l":"11 hrs","v":2},{"l":"12 hrs","v":4},{"l":"13 hrs","v":3},{"l":"14 hrs","v":8},{"l":"15 hrs","v":5},{"l":"16 hrs","v":5},{"l":"17 hrs","v":8},{"l":"18 hrs","v":3},{"l":"19 hrs","v":8},{"l":"20 hrs","v":2},{"l":"21 hrs","v":3},{"l":"22 hrs","v":2},{"l":"23 hrs","v":2}]},{"source":2,"target":4,"value":25,"supply":[{"l":"0 hrs","v":4},{"l":"1 hrs","v":3},{"l":"2 hrs","v":8},{"l":"3 hrs","v":6},{"l":"4 hrs","v":9},{"l":"5 hrs","v":8},{"l":"6 hrs","v":1},{"l":"7 hrs","v":7},{"l":"8 hrs","v":8},{"l":"9 hrs","v":4},{"l":"10 hrs","v":5},{"l":"11 hrs","v":6},{"l":"12 hrs","v":10},{"l":"13 hrs","v":5},{"l":"14 hrs","v":9},{"l":"15 hrs","v":5},{"l":"16 hrs","v":8},{"l":"17 hrs","v":6},{"l":"18 hrs","v":3},{"l":"19 hrs","v":2},{"l":"20 hrs","v":3},{"l":"21 hrs","v":0},{"l":"22 hrs","v":5},{"l":"23 hrs","v":0}]},{"source":3,"target":9,"value":188,"supply":[{"l":"0 hrs","v":9},{"l":"1 hrs","v":2},{"l":"2 hrs","v":1},{"l":"3 hrs","v":3},{"l":"4 hrs","v":1},{"l":"5 hrs","v":2},{"l":"6 hrs","v":4},{"l":"7 hrs","v":10},{"l":"8 hrs","v":7},{"l":"9 hrs","v":1},{"l":"10 hrs","v":5},{"l":"11 hrs","v":1},{"l":"12 hrs","v":10},{"l":"13 hrs","v":9},{"l":"14 hrs","v":1},{"l":"15 hrs","v":5},{"l":"16 hrs","v":6},{"l":"17 hrs","v":1},{"l":"18 hrs","v":7},{"l":"19 hrs","v":0},{"l":"20 hrs","v":3},{"l":"21 hrs","v":2},{"l":"22 hrs","v":1},{"l":"23 hrs","v":5}]},{"source":3,"target":5,"value":136,"supply":[{"l":"0 hrs","v":8},{"l":"1 hrs","v":2},{"l":"2 hrs","v":6},{"l":"3 hrs","v":6},{"l":"4 hrs","v":1},{"l":"5 hrs","v":10},{"l":"6 hrs","v":1},{"l":"7 hrs","v":1},{"l":"8 hrs","v":9},{"l":"9 hrs","v":8},{"l":"10 hrs","v":5},{"l":"11 hrs","v":6},{"l":"12 hrs","v":5},{"l":"13 hrs","v":8},{"l":"14 hrs","v":4},{"l":"15 hrs","v":6},{"l":"16 hrs","v":7},{"l":"17 hrs","v":9},{"l":"18 hrs","v":2},{"l":"19 hrs","v":4},{"l":"20 hrs","v":0},{"l":"21 hrs","v":3},{"l":"22 hrs","v":6},{"l":"23 hrs","v":7}]},{"source":3,"target":4,"value":2,"supply":[{"l":"0 hrs","v":7},{"l":"1 hrs","v":3},{"l":"2 hrs","v":6},{"l":"3 hrs","v":4},{"l":"4 hrs","v":1},{"l":"5 hrs","v":9},{"l":"6 hrs","v":6},{"l":"7 hrs","v":0},{"l":"8 hrs","v":7},{"l":"9 hrs","v":5},{"l":"10 hrs","v":8},{"l":"11 hrs","v":5},{"l":"12 hrs","v":8},{"l":"13 hrs","v":8},{"l":"14 hrs","v":8},{"l":"15 hrs","v":7},{"l":"16 hrs","v":2},{"l":"17 hrs","v":8},{"l":"18 hrs","v":0},{"l":"19 hrs","v":4},{"l":"20 hrs","v":4},{"l":"21 hrs","v":2},{"l":"22 hrs","v":4},{"l":"23 hrs","v":4}]},{"source":4,"target":10,"value":30,"supply":[{"l":"0 hrs","v":3},{"l":"1 hrs","v":3},{"l":"2 hrs","v":4},{"l":"3 hrs","v":10},{"l":"4 hrs","v":8},{"l":"5 hrs","v":3},{"l":"6 hrs","v":4},{"l":"7 hrs","v":3},{"l":"8 hrs","v":5},{"l":"9 hrs","v":7},{"l":"10 hrs","v":8},{"l":"11 hrs","v":5},{"l":"12 hrs","v":2},{"l":"13 hrs","v":1},{"l":"14 hrs","v":8},{"l":"15 hrs","v":7},{"l":"16 hrs","v":3},{"l":"17 hrs","v":6},{"l":"18 hrs","v":7},{"l":"19 hrs","v":8},{"l":"20 hrs","v":6},{"l":"21 hrs","v":8},{"l":"22 hrs","v":2},{"l":"23 hrs","v":9}]},{"source":5,"target":11,"value":52,"supply":[{"l":"0 hrs","v":2},{"l":"1 hrs","v":1},{"l":"2 hrs","v":1},{"l":"3 hrs","v":1},{"l":"4 hrs","v":3},{"l":"5 hrs","v":8},{"l":"6 hrs","v":1},{"l":"7 hrs","v":9},{"l":"8 hrs","v":9},{"l":"9 hrs","v":6},{"l":"10 hrs","v":10},{"l":"11 hrs","v":8},{"l":"12 hrs","v":10},{"l":"13 hrs","v":3},{"l":"14 hrs","v":8},{"l":"15 hrs","v":5},{"l":"16 hrs","v":7},{"l":"17 hrs","v":8},{"l":"18 hrs","v":6},{"l":"19 hrs","v":6},{"l":"20 hrs","v":0},{"l":"21 hrs","v":5},{"l":"22 hrs","v":4},{"l":"23 hrs","v":8}]},{"source":5,"target":12,"value":78,"supply":[{"l":"0 hrs","v":1},{"l":"1 hrs","v":6},{"l":"2 hrs","v":10},{"l":"3 hrs","v":10},{"l":"4 hrs","v":8},{"l":"5 hrs","v":7},{"l":"6 hrs","v":2},{"l":"7 hrs","v":6},{"l":"8 hrs","v":0},{"l":"9 hrs","v":4},{"l":"10 hrs","v":4},{"l":"11 hrs","v":7},{"l":"12 hrs","v":10},{"l":"13 hrs","v":0},{"l":"14 hrs","v":3},{"l":"15 hrs","v":8},{"l":"16 hrs","v":7},{"l":"17 hrs","v":4},{"l":"18 hrs","v":9},{"l":"19 hrs","v":2},{"l":"20 hrs","v":6},{"l":"21 hrs","v":3},{"l":"22 hrs","v":3},{"l":"23 hrs","v":6}]},{"source":5,"target":13,"value":65,"supply":[{"l":"0 hrs","v":1},{"l":"1 hrs","v":2},{"l":"2 hrs","v":7},{"l":"3 hrs","v":8},{"l":"4 hrs","v":10},{"l":"5 hrs","v":1},{"l":"6 hrs","v":0},{"l":"7 hrs","v":4},{"l":"8 hrs","v":8},{"l":"9 hrs","v":6},{"l":"10 hrs","v":3},{"l":"11 hrs","v":2},{"l":"12 hrs","v":5},{"l":"13 hrs","v":6},{"l":"14 hrs","v":2},{"l":"15 hrs","v":9},{"l":"16 hrs","v":4},{"l":"17 hrs","v":2},{"l":"18 hrs","v":1},{"l":"19 hrs","v":4},{"l":"20 hrs","v":7},{"l":"21 hrs","v":9},{"l":"22 hrs","v":10},{"l":"23 hrs","v":4}]},{"source":5,"target":10,"value":123,"supply":[{"l":"0 hrs","v":8},{"l":"1 hrs","v":7},{"l":"2 hrs","v":2},{"l":"3 hrs","v":0},{"l":"4 hrs","v":0},{"l":"5 hrs","v":5},{"l":"6 hrs","v":5},{"l":"7 hrs","v":3},{"l":"8 hrs","v":3},{"l":"9 hrs","v":0},{"l":"10 hrs","v":5},{"l":"11 hrs","v":1},{"l":"12 hrs","v":4},{"l":"13 hrs","v":4},{"l":"14 hrs","v":7},{"l":"15 hrs","v":6},{"l":"16 hrs","v":2},{"l":"17 hrs","v":8},{"l":"18 hrs","v":1},{"l":"19 hrs","v":8},{"l":"20 hrs","v":7},{"l":"21 hrs","v":7},{"l":"22 hrs","v":10},{"l":"23 hrs","v":9}]},{"source":5,"target":14,"value":27,"supply":[{"l":"0 hrs","v":1},{"l":"1 hrs","v":2},{"l":"2 hrs","v":7},{"l":"3 hrs","v":5},{"l":"4 hrs","v":4},{"l":"5 hrs","v":8},{"l":"6 hrs","v":5},{"l":"7 hrs","v":2},{"l":"8 hrs","v":7},{"l":"9 hrs","v":5},{"l":"10 hrs","v":3},{"l":"11 hrs","v":2},{"l":"12 hrs","v":5},{"l":"13 hrs","v":5},{"l":"14 hrs","v":6},{"l":"15 hrs","v":4},{"l":"16 hrs","v":2},{"l":"17 hrs","v":6},{"l":"18 hrs","v":9},{"l":"19 hrs","v":1},{"l":"20 hrs","v":1},{"l":"21 hrs","v":3},{"l":"22 hrs","v":5},{"l":"23 hrs","v":9}]}]}