{
  "nodes": [{
    "layer": 4,
    "name": "LAS Covid-19 Call Response",
    "fill": "#9c9ede"
  }, {
    "layer": 5,
    "name": "LAS Covid-19 CAS",
    "fill": "#9c9ede"
  }, {
    "layer": 7,
    "name": "LAS CAS",
    "fill": "#9c9ede"
  }, {
    "layer": 6,
    "name": "LAS",
    "fill": "#9c9ede"
  }, {
    "layer": 6,
    "name": "LAS NE",
    "fill": "#9c9ede"
  }, {
    "layer": 4,
    "name": "Care UK Covid-19 Call Response",
    "fill": "#17becf"
  }, {
    "layer": 5,
    "name": "Care UK Covid-19 CAS",
    "fill": "#17becf"
  }, {
    "layer": 7,
    "name": "Care UK CAS",
    "fill": "#17becf"
  }, {
    "layer": 6,
    "name": "Care UK",
    "fill": "#17becf"
  }, {
    "layer": 4,
    "name": "Vocare Covid-19 Call Response",
    "fill": "#e7ba52"
  }, {
    "layer": 5,
    "name": "Vocare Covid-19 CAS",
    "fill": "#e7ba52"
  }, {
    "layer": 7,
    "name": "Vocare CAS",
    "fill": "#e7ba52"
  }, {
    "layer": 6,
    "name": "Vocare",
    "fill": "#e7ba52"
  }, {
    "layer": 4,
    "name": "LCW Covid-19 Call Response",
    "fill": "#ff9896"
  }, {
    "layer": 5,
    "name": "LCW Covid-19 CAS",
    "fill": "#ff9896"
  }, {
    "layer": 7,
    "name": "LCW CAS",
    "fill": "#ff9896"
  }, {
    "layer": 6,
    "name": "LCW",
    "fill": "#ff9896"
  }, {
    "layer": 4,
    "name": "InHealth Covid-19 Call Response",
    "fill": "#98df8a"
  }, {
    "layer": 6,
    "name": "Additional GP Capacity",
    "fill": "#1f77b4"
  }, {
    "layer": 8,
    "name": "GP OOH/Extended Hours Hub",
    "fill": "#1f77b4"
  }, {
    "layer": 1,
    "name": "111 Online",
    "fill": "#d6616b"
  }, {
    "layer": 3,
    "name": "999 Clinical Hub",
    "fill": "#aec7e8"
  }, {
    "layer": 2,
    "name": "999 CAD",
    "fill": "#aec7e8"
  }, {
    "layer": 1,
    "name": "999",
    "fill": "#aec7e8"
  }, {
    "layer": 3,
    "name": "SMILE",
    "fill": "#bcbd22"
  }, {
    "layer": 1,
    "name": "London IVR",
    "fill": "#2ca02c"
  }, {
    "layer": 8,
    "name": "NEL Covid-19 Downstream Services",
    "fill": "#c5b0d5"
  }],
  "links": [{
    "source": 0,
    "target": 3,
    "value": 2300,
    "supply": [{
      "label": "Immediate threats to life",
      "value": 95
    }, {
      "label": "Breathing Problems; Breathlessness or Wheeze",
      "value": 104
    }, {
      "label": "Non-trauma Emergency",
      "value": 123
    }, {
      "label": "Entry pathway",
      "value": 452
    }, {
      "label": "Chest and Upper Back Pain",
      "value": 464
    }, {
      "label": "NHS Pathways in House Clinician",
      "value": 1062
    }]
  }, {
    "source": 0,
    "target": 1,
    "value": 100,
    "supply": [{
      "label": "Immediate threats to life",
      "value": 4
    }, {
      "label": "Breathing Problems; Breathlessness or Wheeze",
      "value": 5
    }, {
      "label": "Non-trauma Emergency",
      "value": 5
    }, {
      "label": "Entry pathway",
      "value": 20
    }, {
      "label": "Chest and Upper Back Pain",
      "value": 20
    }, {
      "label": "NHS Pathways in House Clinician",
      "value": 46
    }]
  }, {
    "source": 1,
    "target": 26,
    "value": 100,
    "supply": [{
      "label": "Immediate threats to life",
      "value": 4
    }, {
      "label": "Breathing Problems; Breathlessness or Wheeze",
      "value": 5
    }, {
      "label": "Non-trauma Emergency",
      "value": 5
    }, {
      "label": "Entry pathway",
      "value": 20
    }, {
      "label": "Chest and Upper Back Pain",
      "value": 20
    }, {
      "label": "NHS Pathways in House Clinician",
      "value": 46
    }]
  }, {
    "source": 2,
    "target": 1,
    "value": 100,
    "supply": [{
      "label": "Immediate threats to life",
      "value": 4
    }, {
      "label": "Breathing Problems; Breathlessness or Wheeze",
      "value": 5
    }, {
      "label": "Non-trauma Emergency",
      "value": 5
    }, {
      "label": "Entry pathway",
      "value": 20
    }, {
      "label": "Chest and Upper Back Pain",
      "value": 20
    }, {
      "label": "NHS Pathways in House Clinician",
      "value": 46
    }]
  }, {
    "source": 3,
    "target": 19,
    "value": 500,
    "supply": [{
      "label": "Immediate threats to life",
      "value": 21
    }, {
      "label": "Breathing Problems; Breathlessness or Wheeze",
      "value": 23
    }, {
      "label": "Non-trauma Emergency",
      "value": 27
    }, {
      "label": "Entry pathway",
      "value": 98
    }, {
      "label": "Chest and Upper Back Pain",
      "value": 101
    }, {
      "label": "NHS Pathways in House Clinician",
      "value": 231
    }]
  }, {
    "source": 4,
    "target": 19,
    "value": 500,
    "supply": [{
      "label": "Immediate threats to life",
      "value": 21
    }, {
      "label": "Breathing Problems; Breathlessness or Wheeze",
      "value": 23
    }, {
      "label": "Non-trauma Emergency",
      "value": 27
    }, {
      "label": "Entry pathway",
      "value": 98
    }, {
      "label": "Chest and Upper Back Pain",
      "value": 101
    }, {
      "label": "NHS Pathways in House Clinician",
      "value": 231
    }]
  }, {
    "source": 5,
    "target": 6,
    "value": 600,
    "supply": [{
      "label": "Immediate threats to life",
      "value": 25
    }, {
      "label": "Breathing Problems; Breathlessness or Wheeze",
      "value": 27
    }, {
      "label": "Non-trauma Emergency",
      "value": 32
    }, {
      "label": "Entry pathway",
      "value": 118
    }, {
      "label": "Chest and Upper Back Pain",
      "value": 121
    }, {
      "label": "NHS Pathways in House Clinician",
      "value": 277
    }]
  }, {
    "source": 5,
    "target": 8,
    "value": 2000,
    "supply": [{
      "label": "Immediate threats to life",
      "value": 82
    }, {
      "label": "Breathing Problems; Breathlessness or Wheeze",
      "value": 91
    }, {
      "label": "Non-trauma Emergency",
      "value": 107
    }, {
      "label": "Entry pathway",
      "value": 393
    }, {
      "label": "Chest and Upper Back Pain",
      "value": 404
    }, {
      "label": "NHS Pathways in House Clinician",
      "value": 923
    }]
  }, {
    "source": 6,
    "target": 26,
    "value": 100,
    "supply": [{
      "label": "Immediate threats to life",
      "value": 4
    }, {
      "label": "Breathing Problems; Breathlessness or Wheeze",
      "value": 5
    }, {
      "label": "Non-trauma Emergency",
      "value": 5
    }, {
      "label": "Entry pathway",
      "value": 20
    }, {
      "label": "Chest and Upper Back Pain",
      "value": 20
    }, {
      "label": "NHS Pathways in House Clinician",
      "value": 46
    }]
  }, {
    "source": 7,
    "target": 6,
    "value": 500,
    "supply": [{
      "label": "Immediate threats to life",
      "value": 21
    }, {
      "label": "Breathing Problems; Breathlessness or Wheeze",
      "value": 23
    }, {
      "label": "Non-trauma Emergency",
      "value": 27
    }, {
      "label": "Entry pathway",
      "value": 98
    }, {
      "label": "Chest and Upper Back Pain",
      "value": 101
    }, {
      "label": "NHS Pathways in House Clinician",
      "value": 231
    }]
  }, {
    "source": 8,
    "target": 19,
    "value": 600,
    "supply": [{
      "label": "Immediate threats to life",
      "value": 25
    }, {
      "label": "Breathing Problems; Breathlessness or Wheeze",
      "value": 27
    }, {
      "label": "Non-trauma Emergency",
      "value": 32
    }, {
      "label": "Entry pathway",
      "value": 118
    }, {
      "label": "Chest and Upper Back Pain",
      "value": 121
    }, {
      "label": "NHS Pathways in House Clinician",
      "value": 277
    }]
  }, {
    "source": 9,
    "target": 12,
    "value": 2000,
    "supply": [{
      "label": "Immediate threats to life",
      "value": 82
    }, {
      "label": "Breathing Problems; Breathlessness or Wheeze",
      "value": 91
    }, {
      "label": "Non-trauma Emergency",
      "value": 107
    }, {
      "label": "Entry pathway",
      "value": 393
    }, {
      "label": "Chest and Upper Back Pain",
      "value": 404
    }, {
      "label": "NHS Pathways in House Clinician",
      "value": 923
    }]
  }, {
    "source": 10,
    "target": 26,
    "value": 100,
    "supply": [{
      "label": "Immediate threats to life",
      "value": 4
    }, {
      "label": "Breathing Problems; Breathlessness or Wheeze",
      "value": 5
    }, {
      "label": "Non-trauma Emergency",
      "value": 5
    }, {
      "label": "Entry pathway",
      "value": 20
    }, {
      "label": "Chest and Upper Back Pain",
      "value": 20
    }, {
      "label": "NHS Pathways in House Clinician",
      "value": 46
    }]
  }, {
    "source": 11,
    "target": 10,
    "value": 100,
    "supply": [{
      "label": "Immediate threats to life",
      "value": 4
    }, {
      "label": "Breathing Problems; Breathlessness or Wheeze",
      "value": 5
    }, {
      "label": "Non-trauma Emergency",
      "value": 5
    }, {
      "label": "Entry pathway",
      "value": 20
    }, {
      "label": "Chest and Upper Back Pain",
      "value": 20
    }, {
      "label": "NHS Pathways in House Clinician",
      "value": 46
    }]
  }, {
    "source": 12,
    "target": 19,
    "value": 500,
    "supply": [{
      "label": "Immediate threats to life",
      "value": 21
    }, {
      "label": "Breathing Problems; Breathlessness or Wheeze",
      "value": 23
    }, {
      "label": "Non-trauma Emergency",
      "value": 27
    }, {
      "label": "Entry pathway",
      "value": 98
    }, {
      "label": "Chest and Upper Back Pain",
      "value": 101
    }, {
      "label": "NHS Pathways in House Clinician",
      "value": 231
    }]
  }, {
    "source": 13,
    "target": 14,
    "value": 100,
    "supply": [{
      "label": "Immediate threats to life",
      "value": 4
    }, {
      "label": "Breathing Problems; Breathlessness or Wheeze",
      "value": 5
    }, {
      "label": "Non-trauma Emergency",
      "value": 5
    }, {
      "label": "Entry pathway",
      "value": 20
    }, {
      "label": "Chest and Upper Back Pain",
      "value": 20
    }, {
      "label": "NHS Pathways in House Clinician",
      "value": 46
    }]
  }, {
    "source": 13,
    "target": 16,
    "value": 1000,
    "supply": [{
      "label": "Immediate threats to life",
      "value": 41
    }, {
      "label": "Breathing Problems; Breathlessness or Wheeze",
      "value": 45
    }, {
      "label": "Non-trauma Emergency",
      "value": 54
    }, {
      "label": "Entry pathway",
      "value": 196
    }, {
      "label": "Chest and Upper Back Pain",
      "value": 202
    }, {
      "label": "NHS Pathways in House Clinician",
      "value": 462
    }]
  }, {
    "source": 14,
    "target": 26,
    "value": 500,
    "supply": [{
      "label": "Immediate threats to life",
      "value": 21
    }, {
      "label": "Breathing Problems; Breathlessness or Wheeze",
      "value": 23
    }, {
      "label": "Non-trauma Emergency",
      "value": 27
    }, {
      "label": "Entry pathway",
      "value": 98
    }, {
      "label": "Chest and Upper Back Pain",
      "value": 101
    }, {
      "label": "NHS Pathways in House Clinician",
      "value": 231
    }]
  }, {
    "source": 15,
    "target": 14,
    "value": 100,
    "supply": [{
      "label": "Immediate threats to life",
      "value": 4
    }, {
      "label": "Breathing Problems; Breathlessness or Wheeze",
      "value": 5
    }, {
      "label": "Non-trauma Emergency",
      "value": 5
    }, {
      "label": "Entry pathway",
      "value": 20
    }, {
      "label": "Chest and Upper Back Pain",
      "value": 20
    }, {
      "label": "NHS Pathways in House Clinician",
      "value": 46
    }]
  }, {
    "source": 16,
    "target": 19,
    "value": 500,
    "supply": [{
      "label": "Immediate threats to life",
      "value": 21
    }, {
      "label": "Breathing Problems; Breathlessness or Wheeze",
      "value": 23
    }, {
      "label": "Non-trauma Emergency",
      "value": 27
    }, {
      "label": "Entry pathway",
      "value": 98
    }, {
      "label": "Chest and Upper Back Pain",
      "value": 101
    }, {
      "label": "NHS Pathways in House Clinician",
      "value": 231
    }]
  }, {
    "source": 17,
    "target": 25,
    "value": 3000,
    "supply": [{
      "label": "Immediate threats to life",
      "value": 124
    }, {
      "label": "Breathing Problems; Breathlessness or Wheeze",
      "value": 136
    }, {
      "label": "Non-trauma Emergency",
      "value": 161
    }, {
      "label": "Entry pathway",
      "value": 589
    }, {
      "label": "Chest and Upper Back Pain",
      "value": 606
    }, {
      "label": "NHS Pathways in House Clinician",
      "value": 1385
    }]
  }, {
    "source": 17,
    "target": 1,
    "value": 300,
    "supply": [{
      "label": "Immediate threats to life",
      "value": 12
    }, {
      "label": "Breathing Problems; Breathlessness or Wheeze",
      "value": 14
    }, {
      "label": "Non-trauma Emergency",
      "value": 16
    }, {
      "label": "Entry pathway",
      "value": 59
    }, {
      "label": "Chest and Upper Back Pain",
      "value": 61
    }, {
      "label": "NHS Pathways in House Clinician",
      "value": 138
    }]
  }, {
    "source": 17,
    "target": 6,
    "value": 100,
    "supply": [{
      "label": "Immediate threats to life",
      "value": 4
    }, {
      "label": "Breathing Problems; Breathlessness or Wheeze",
      "value": 5
    }, {
      "label": "Non-trauma Emergency",
      "value": 5
    }, {
      "label": "Entry pathway",
      "value": 20
    }, {
      "label": "Chest and Upper Back Pain",
      "value": 20
    }, {
      "label": "NHS Pathways in House Clinician",
      "value": 46
    }]
  }, {
    "source": 17,
    "target": 11,
    "value": 200,
    "supply": [{
      "label": "Immediate threats to life",
      "value": 8
    }, {
      "label": "Breathing Problems; Breathlessness or Wheeze",
      "value": 9
    }, {
      "label": "Non-trauma Emergency",
      "value": 11
    }, {
      "label": "Entry pathway",
      "value": 39
    }, {
      "label": "Chest and Upper Back Pain",
      "value": 40
    }, {
      "label": "NHS Pathways in House Clinician",
      "value": 92
    }]
  }, {
    "source": 17,
    "target": 14,
    "value": 100,
    "supply": [{
      "label": "Immediate threats to life",
      "value": 4
    }, {
      "label": "Breathing Problems; Breathlessness or Wheeze",
      "value": 5
    }, {
      "label": "Non-trauma Emergency",
      "value": 5
    }, {
      "label": "Entry pathway",
      "value": 20
    }, {
      "label": "Chest and Upper Back Pain",
      "value": 20
    }, {
      "label": "NHS Pathways in House Clinician",
      "value": 46
    }]
  }, {
    "source": 18,
    "target": 26,
    "value": 400,
    "supply": [{
      "label": "Immediate threats to life",
      "value": 16
    }, {
      "label": "Breathing Problems; Breathlessness or Wheeze",
      "value": 18
    }, {
      "label": "Non-trauma Emergency",
      "value": 21
    }, {
      "label": "Entry pathway",
      "value": 79
    }, {
      "label": "Chest and Upper Back Pain",
      "value": 81
    }, {
      "label": "NHS Pathways in House Clinician",
      "value": 185
    }]
  }, {
    "source": 20,
    "target": 1,
    "value": 300,
    "supply": [{
      "label": "Immediate threats to life",
      "value": 12
    }, {
      "label": "Breathing Problems; Breathlessness or Wheeze",
      "value": 14
    }, {
      "label": "Non-trauma Emergency",
      "value": 16
    }, {
      "label": "Entry pathway",
      "value": 59
    }, {
      "label": "Chest and Upper Back Pain",
      "value": 61
    }, {
      "label": "NHS Pathways in House Clinician",
      "value": 138
    }]
  }, {
    "source": 20,
    "target": 6,
    "value": 300,
    "supply": [{
      "label": "Immediate threats to life",
      "value": 12
    }, {
      "label": "Breathing Problems; Breathlessness or Wheeze",
      "value": 14
    }, {
      "label": "Non-trauma Emergency",
      "value": 16
    }, {
      "label": "Entry pathway",
      "value": 59
    }, {
      "label": "Chest and Upper Back Pain",
      "value": 61
    }, {
      "label": "NHS Pathways in House Clinician",
      "value": 138
    }]
  }, {
    "source": 20,
    "target": 10,
    "value": 300,
    "supply": [{
      "label": "Immediate threats to life",
      "value": 12
    }, {
      "label": "Breathing Problems; Breathlessness or Wheeze",
      "value": 14
    }, {
      "label": "Non-trauma Emergency",
      "value": 16
    }, {
      "label": "Entry pathway",
      "value": 59
    }, {
      "label": "Chest and Upper Back Pain",
      "value": 61
    }, {
      "label": "NHS Pathways in House Clinician",
      "value": 138
    }]
  }, {
    "source": 20,
    "target": 14,
    "value": 300,
    "supply": [{
      "label": "Immediate threats to life",
      "value": 12
    }, {
      "label": "Breathing Problems; Breathlessness or Wheeze",
      "value": 14
    }, {
      "label": "Non-trauma Emergency",
      "value": 16
    }, {
      "label": "Entry pathway",
      "value": 59
    }, {
      "label": "Chest and Upper Back Pain",
      "value": 61
    }, {
      "label": "NHS Pathways in House Clinician",
      "value": 138
    }]
  }, {
    "source": 22,
    "target": 21,
    "value": 1000,
    "supply": [{
      "label": "Immediate threats to life",
      "value": 41
    }, {
      "label": "Breathing Problems; Breathlessness or Wheeze",
      "value": 45
    }, {
      "label": "Non-trauma Emergency",
      "value": 54
    }, {
      "label": "Entry pathway",
      "value": 196
    }, {
      "label": "Chest and Upper Back Pain",
      "value": 202
    }, {
      "label": "NHS Pathways in House Clinician",
      "value": 462
    }]
  }, {
    "source": 23,
    "target": 22,
    "value": 6000,
    "supply": [{
      "label": "Immediate threats to life",
      "value": 247
    }, {
      "label": "Breathing Problems; Breathlessness or Wheeze",
      "value": 272
    }, {
      "label": "Non-trauma Emergency",
      "value": 321
    }, {
      "label": "Entry pathway",
      "value": 1179
    }, {
      "label": "Chest and Upper Back Pain",
      "value": 1212
    }, {
      "label": "NHS Pathways in House Clinician",
      "value": 2769
    }]
  }, {
    "source": 25,
    "target": 24,
    "value": 300,
    "supply": [{
      "label": "Immediate threats to life",
      "value": 12
    }, {
      "label": "Breathing Problems; Breathlessness or Wheeze",
      "value": 14
    }, {
      "label": "Non-trauma Emergency",
      "value": 16
    }, {
      "label": "Entry pathway",
      "value": 59
    }, {
      "label": "Chest and Upper Back Pain",
      "value": 61
    }, {
      "label": "NHS Pathways in House Clinician",
      "value": 138
    }]
  }, {
    "source": 25,
    "target": 20,
    "value": 100,
    "supply": [{
      "label": "Immediate threats to life",
      "value": 4
    }, {
      "label": "Breathing Problems; Breathlessness or Wheeze",
      "value": 5
    }, {
      "label": "Non-trauma Emergency",
      "value": 5
    }, {
      "label": "Entry pathway",
      "value": 20
    }, {
      "label": "Chest and Upper Back Pain",
      "value": 20
    }, {
      "label": "NHS Pathways in House Clinician",
      "value": 46
    }]
  }, {
    "source": 25,
    "target": 17,
    "value": 4000,
    "supply": [{
      "label": "Immediate threats to life",
      "value": 165
    }, {
      "label": "Breathing Problems; Breathlessness or Wheeze",
      "value": 181
    }, {
      "label": "Non-trauma Emergency",
      "value": 214
    }, {
      "label": "Entry pathway",
      "value": 786
    }, {
      "label": "Chest and Upper Back Pain",
      "value": 808
    }, {
      "label": "NHS Pathways in House Clinician",
      "value": 1846
    }]
  }, {
    "source": 25,
    "target": 0,
    "value": 6500,
    "supply": [{
      "label": "Immediate threats to life",
      "value": 268
    }, {
      "label": "Breathing Problems; Breathlessness or Wheeze",
      "value": 295
    }, {
      "label": "Non-trauma Emergency",
      "value": 348
    }, {
      "label": "Entry pathway",
      "value": 1277
    }, {
      "label": "Chest and Upper Back Pain",
      "value": 1312
    }, {
      "label": "NHS Pathways in House Clinician",
      "value": 3000
    }]
  }, {
    "source": 25,
    "target": 4,
    "value": 500,
    "supply": [{
      "label": "Immediate threats to life",
      "value": 21
    }, {
      "label": "Breathing Problems; Breathlessness or Wheeze",
      "value": 23
    }, {
      "label": "Non-trauma Emergency",
      "value": 27
    }, {
      "label": "Entry pathway",
      "value": 98
    }, {
      "label": "Chest and Upper Back Pain",
      "value": 101
    }, {
      "label": "NHS Pathways in House Clinician",
      "value": 231
    }]
  }, {
    "source": 25,
    "target": 9,
    "value": 500,
    "supply": [{
      "label": "Immediate threats to life",
      "value": 21
    }, {
      "label": "Breathing Problems; Breathlessness or Wheeze",
      "value": 23
    }, {
      "label": "Non-trauma Emergency",
      "value": 27
    }, {
      "label": "Entry pathway",
      "value": 98
    }, {
      "label": "Chest and Upper Back Pain",
      "value": 101
    }, {
      "label": "NHS Pathways in House Clinician",
      "value": 231
    }]
  }, {
    "source": 25,
    "target": 13,
    "value": 3500,
    "supply": [{
      "label": "Immediate threats to life",
      "value": 144
    }, {
      "label": "Breathing Problems; Breathlessness or Wheeze",
      "value": 159
    }, {
      "label": "Non-trauma Emergency",
      "value": 188
    }, {
      "label": "Entry pathway",
      "value": 688
    }, {
      "label": "Chest and Upper Back Pain",
      "value": 707
    }, {
      "label": "NHS Pathways in House Clinician",
      "value": 1615
    }]
  }, {
    "source": 25,
    "target": 3,
    "value": 2400,
    "supply": [{
      "label": "Immediate threats to life",
      "value": 99
    }, {
      "label": "Breathing Problems; Breathlessness or Wheeze",
      "value": 109
    }, {
      "label": "Non-trauma Emergency",
      "value": 129
    }, {
      "label": "Entry pathway",
      "value": 471
    }, {
      "label": "Chest and Upper Back Pain",
      "value": 485
    }, {
      "label": "NHS Pathways in House Clinician",
      "value": 1108
    }]
  }, {
    "source": 25,
    "target": 4,
    "value": 1000,
    "supply": [{
      "label": "Immediate threats to life",
      "value": 41
    }, {
      "label": "Breathing Problems; Breathlessness or Wheeze",
      "value": 45
    }, {
      "label": "Non-trauma Emergency",
      "value": 54
    }, {
      "label": "Entry pathway",
      "value": 196
    }, {
      "label": "Chest and Upper Back Pain",
      "value": 202
    }, {
      "label": "NHS Pathways in House Clinician",
      "value": 462
    }]
  }, {
    "source": 25,
    "target": 8,
    "value": 1000,
    "supply": [{
      "label": "Immediate threats to life",
      "value": 41
    }, {
      "label": "Breathing Problems; Breathlessness or Wheeze",
      "value": 45
    }, {
      "label": "Non-trauma Emergency",
      "value": 54
    }, {
      "label": "Entry pathway",
      "value": 196
    }, {
      "label": "Chest and Upper Back Pain",
      "value": 202
    }, {
      "label": "NHS Pathways in House Clinician",
      "value": 462
    }]
  }, {
    "source": 25,
    "target": 12,
    "value": 1000,
    "supply": [{
      "label": "Immediate threats to life",
      "value": 41
    }, {
      "label": "Breathing Problems; Breathlessness or Wheeze",
      "value": 45
    }, {
      "label": "Non-trauma Emergency",
      "value": 54
    }, {
      "label": "Entry pathway",
      "value": 196
    }, {
      "label": "Chest and Upper Back Pain",
      "value": 202
    }, {
      "label": "NHS Pathways in House Clinician",
      "value": 462
    }]
  }, {
    "source": 2,
    "target": 16,
    "value": 500,
    "supply": [{
      "label": "Immediate threats to life",
      "value": 21
    }, {
      "label": "Breathing Problems; Breathlessness or Wheeze",
      "value": 23
    }, {
      "label": "Non-trauma Emergency",
      "value": 27
    }, {
      "label": "Entry pathway",
      "value": 98
    }, {
      "label": "Chest and Upper Back Pain",
      "value": 101
    }, {
      "label": "NHS Pathways in House Clinician",
      "value": 231
    }]
  }]
}