{"nodes":[{"layer":1,"name":"LAS Covid-19 Call Response","fill":"#9c9ede"},{"layer":1,"name":"LAS Covid-19 CAS","fill":"#9c9ede"},{"layer":1,"name":"LAS CAS","fill":"#9c9ede"},{"layer":1,"name":"LAS","fill":"#9c9ede"},{"layer":1,"name":"LAS NE","fill":"#9c9ede"},{"layer":2,"name":"Care UK Covid-19 Call Response","fill":"#17becf"},{"layer":2,"name":"Care UK Covid-19 CAS","fill":"#17becf"},{"layer":2,"name":"Care UK CAS","fill":"#17becf"},{"layer":2,"name":"Care UK","fill":"#17becf"},{"layer":3,"name":"Vocare Covid-19 Call Response","fill":"#e7ba52"},{"layer":3,"name":"Vocare Covid-19 CAS","fill":"#e7ba52"},{"layer":3,"name":"Vocare CAS","fill":"#e7ba52"},{"layer":3,"name":"Vocare","fill":"#e7ba52"},{"layer":4,"name":"LCW Covid-19 Call Response","fill":"#ff9896"},{"layer":4,"name":"LCW Covid-19 CAS","fill":"#ff9896"},{"layer":4,"name":"LCW CAS","fill":"#ff9896"},{"layer":4,"name":"LCW","fill":"#ff9896"},{"layer":5,"name":"InHealth Covid-19 Call Response","fill":"#98df8a"},{"layer":6,"name":"Additional GP Capacity","fill":"#1f77b4"},{"layer":6,"name":"GP OOH/Extended Hours Hub","fill":"#1f77b4"},{"layer":7,"name":"111 Online","fill":"#d6616b"},{"layer":8,"name":"999 Clinical Hub","fill":"#aec7e8"},{"layer":8,"name":"999 CAD","fill":"#aec7e8"},{"layer":8,"name":"999","fill":"#aec7e8"},{"layer":9,"name":"SMILE","fill":"#bcbd22"},{"layer":10,"name":"London IVR","fill":"#2ca02c"},{"layer":11,"name":"NEL Covid-19 Downstream Services","fill":"#c5b0d5"}],"links":[{"source":0,"target":3,"value":2300,"supply":[{"l":"Immediate threats to life","v":95},{"l":"Breathing Problems; Breathlessness or Wheeze","v":104},{"l":"Non-trauma Emergency","v":123},{"l":"Entry pathway","v":452},{"l":"Chest and Upper Back Pain","v":464},{"l":"NHS Pathways in House Clinician","v":1062}]},{"source":0,"target":1,"value":100,"supply":[{"l":"Immediate threats to life","v":4},{"l":"Breathing Problems; Breathlessness or Wheeze","v":5},{"l":"Non-trauma Emergency","v":5},{"l":"Entry pathway","v":20},{"l":"Chest and Upper Back Pain","v":20},{"l":"NHS Pathways in House Clinician","v":46}]},{"source":1,"target":26,"value":100,"supply":[{"l":"Immediate threats to life","v":4},{"l":"Breathing Problems; Breathlessness or Wheeze","v":5},{"l":"Non-trauma Emergency","v":5},{"l":"Entry pathway","v":20},{"l":"Chest and Upper Back Pain","v":20},{"l":"NHS Pathways in House Clinician","v":46}]},{"source":2,"target":1,"value":100,"supply":[{"l":"Immediate threats to life","v":4},{"l":"Breathing Problems; Breathlessness or Wheeze","v":5},{"l":"Non-trauma Emergency","v":5},{"l":"Entry pathway","v":20},{"l":"Chest and Upper Back Pain","v":20},{"l":"NHS Pathways in House Clinician","v":46}]},{"source":3,"target":19,"value":500,"supply":[{"l":"Immediate threats to life","v":21},{"l":"Breathing Problems; Breathlessness or Wheeze","v":23},{"l":"Non-trauma Emergency","v":27},{"l":"Entry pathway","v":98},{"l":"Chest and Upper Back Pain","v":101},{"l":"NHS Pathways in House Clinician","v":231}]},{"source":4,"target":19,"value":500,"supply":[{"l":"Immediate threats to life","v":21},{"l":"Breathing Problems; Breathlessness or Wheeze","v":23},{"l":"Non-trauma Emergency","v":27},{"l":"Entry pathway","v":98},{"l":"Chest and Upper Back Pain","v":101},{"l":"NHS Pathways in House Clinician","v":231}]},{"source":5,"target":6,"value":600,"supply":[{"l":"Immediate threats to life","v":25},{"l":"Breathing Problems; Breathlessness or Wheeze","v":27},{"l":"Non-trauma Emergency","v":32},{"l":"Entry pathway","v":118},{"l":"Chest and Upper Back Pain","v":121},{"l":"NHS Pathways in House Clinician","v":277}]},{"source":5,"target":8,"value":2000,"supply":[{"l":"Immediate threats to life","v":82},{"l":"Breathing Problems; Breathlessness or Wheeze","v":91},{"l":"Non-trauma Emergency","v":107},{"l":"Entry pathway","v":393},{"l":"Chest and Upper Back Pain","v":404},{"l":"NHS Pathways in House Clinician","v":923}]},{"source":6,"target":26,"value":100,"supply":[{"l":"Immediate threats to life","v":4},{"l":"Breathing Problems; Breathlessness or Wheeze","v":5},{"l":"Non-trauma Emergency","v":5},{"l":"Entry pathway","v":20},{"l":"Chest and Upper Back Pain","v":20},{"l":"NHS Pathways in House Clinician","v":46}]},{"source":7,"target":6,"value":500,"supply":[{"l":"Immediate threats to life","v":21},{"l":"Breathing Problems; Breathlessness or Wheeze","v":23},{"l":"Non-trauma Emergency","v":27},{"l":"Entry pathway","v":98},{"l":"Chest and Upper Back Pain","v":101},{"l":"NHS Pathways in House Clinician","v":231}]},{"source":8,"target":19,"value":600,"supply":[{"l":"Immediate threats to life","v":25},{"l":"Breathing Problems; Breathlessness or Wheeze","v":27},{"l":"Non-trauma Emergency","v":32},{"l":"Entry pathway","v":118},{"l":"Chest and Upper Back Pain","v":121},{"l":"NHS Pathways in House Clinician","v":277}]},{"source":9,"target":12,"value":2000,"supply":[{"l":"Immediate threats to life","v":82},{"l":"Breathing Problems; Breathlessness or Wheeze","v":91},{"l":"Non-trauma Emergency","v":107},{"l":"Entry pathway","v":393},{"l":"Chest and Upper Back Pain","v":404},{"l":"NHS Pathways in House Clinician","v":923}]},{"source":10,"target":26,"value":100,"supply":[{"l":"Immediate threats to life","v":4},{"l":"Breathing Problems; Breathlessness or Wheeze","v":5},{"l":"Non-trauma Emergency","v":5},{"l":"Entry pathway","v":20},{"l":"Chest and Upper Back Pain","v":20},{"l":"NHS Pathways in House Clinician","v":46}]},{"source":11,"target":10,"value":100,"supply":[{"l":"Immediate threats to life","v":4},{"l":"Breathing Problems; Breathlessness or Wheeze","v":5},{"l":"Non-trauma Emergency","v":5},{"l":"Entry pathway","v":20},{"l":"Chest and Upper Back Pain","v":20},{"l":"NHS Pathways in House Clinician","v":46}]},{"source":12,"target":19,"value":500,"supply":[{"l":"Immediate threats to life","v":21},{"l":"Breathing Problems; Breathlessness or Wheeze","v":23},{"l":"Non-trauma Emergency","v":27},{"l":"Entry pathway","v":98},{"l":"Chest and Upper Back Pain","v":101},{"l":"NHS Pathways in House Clinician","v":231}]},{"source":13,"target":14,"value":100,"supply":[{"l":"Immediate threats to life","v":4},{"l":"Breathing Problems; Breathlessness or Wheeze","v":5},{"l":"Non-trauma Emergency","v":5},{"l":"Entry pathway","v":20},{"l":"Chest and Upper Back Pain","v":20},{"l":"NHS Pathways in House Clinician","v":46}]},{"source":13,"target":16,"value":1000,"supply":[{"l":"Immediate threats to life","v":41},{"l":"Breathing Problems; Breathlessness or Wheeze","v":45},{"l":"Non-trauma Emergency","v":54},{"l":"Entry pathway","v":196},{"l":"Chest and Upper Back Pain","v":202},{"l":"NHS Pathways in House Clinician","v":462}]},{"source":14,"target":26,"value":500,"supply":[{"l":"Immediate threats to life","v":21},{"l":"Breathing Problems; Breathlessness or Wheeze","v":23},{"l":"Non-trauma Emergency","v":27},{"l":"Entry pathway","v":98},{"l":"Chest and Upper Back Pain","v":101},{"l":"NHS Pathways in House Clinician","v":231}]},{"source":15,"target":14,"value":100,"supply":[{"l":"Immediate threats to life","v":4},{"l":"Breathing Problems; Breathlessness or Wheeze","v":5},{"l":"Non-trauma Emergency","v":5},{"l":"Entry pathway","v":20},{"l":"Chest and Upper Back Pain","v":20},{"l":"NHS Pathways in House Clinician","v":46}]},{"source":16,"target":19,"value":500,"supply":[{"l":"Immediate threats to life","v":21},{"l":"Breathing Problems; Breathlessness or Wheeze","v":23},{"l":"Non-trauma Emergency","v":27},{"l":"Entry pathway","v":98},{"l":"Chest and Upper Back Pain","v":101},{"l":"NHS Pathways in House Clinician","v":231}]},{"source":17,"target":25,"value":3000,"supply":[{"l":"Immediate threats to life","v":124},{"l":"Breathing Problems; Breathlessness or Wheeze","v":136},{"l":"Non-trauma Emergency","v":161},{"l":"Entry pathway","v":589},{"l":"Chest and Upper Back Pain","v":606},{"l":"NHS Pathways in House Clinician","v":1385}]},{"source":17,"target":1,"value":300,"supply":[{"l":"Immediate threats to life","v":12},{"l":"Breathing Problems; Breathlessness or Wheeze","v":14},{"l":"Non-trauma Emergency","v":16},{"l":"Entry pathway","v":59},{"l":"Chest and Upper Back Pain","v":61},{"l":"NHS Pathways in House Clinician","v":138}]},{"source":17,"target":6,"value":100,"supply":[{"l":"Immediate threats to life","v":4},{"l":"Breathing Problems; Breathlessness or Wheeze","v":5},{"l":"Non-trauma Emergency","v":5},{"l":"Entry pathway","v":20},{"l":"Chest and Upper Back Pain","v":20},{"l":"NHS Pathways in House Clinician","v":46}]},{"source":17,"target":11,"value":200,"supply":[{"l":"Immediate threats to life","v":8},{"l":"Breathing Problems; Breathlessness or Wheeze","v":9},{"l":"Non-trauma Emergency","v":11},{"l":"Entry pathway","v":39},{"l":"Chest and Upper Back Pain","v":40},{"l":"NHS Pathways in House Clinician","v":92}]},{"source":17,"target":14,"value":100,"supply":[{"l":"Immediate threats to life","v":4},{"l":"Breathing Problems; Breathlessness or Wheeze","v":5},{"l":"Non-trauma Emergency","v":5},{"l":"Entry pathway","v":20},{"l":"Chest and Upper Back Pain","v":20},{"l":"NHS Pathways in House Clinician","v":46}]},{"source":18,"target":26,"value":400,"supply":[{"l":"Immediate threats to life","v":16},{"l":"Breathing Problems; Breathlessness or Wheeze","v":18},{"l":"Non-trauma Emergency","v":21},{"l":"Entry pathway","v":79},{"l":"Chest and Upper Back Pain","v":81},{"l":"NHS Pathways in House Clinician","v":185}]},{"source":20,"target":1,"value":300,"supply":[{"l":"Immediate threats to life","v":12},{"l":"Breathing Problems; Breathlessness or Wheeze","v":14},{"l":"Non-trauma Emergency","v":16},{"l":"Entry pathway","v":59},{"l":"Chest and Upper Back Pain","v":61},{"l":"NHS Pathways in House Clinician","v":138}]},{"source":20,"target":6,"value":300,"supply":[{"l":"Immediate threats to life","v":12},{"l":"Breathing Problems; Breathlessness or Wheeze","v":14},{"l":"Non-trauma Emergency","v":16},{"l":"Entry pathway","v":59},{"l":"Chest and Upper Back Pain","v":61},{"l":"NHS Pathways in House Clinician","v":138}]},{"source":20,"target":10,"value":300,"supply":[{"l":"Immediate threats to life","v":12},{"l":"Breathing Problems; Breathlessness or Wheeze","v":14},{"l":"Non-trauma Emergency","v":16},{"l":"Entry pathway","v":59},{"l":"Chest and Upper Back Pain","v":61},{"l":"NHS Pathways in House Clinician","v":138}]},{"source":20,"target":14,"value":300,"supply":[{"l":"Immediate threats to life","v":12},{"l":"Breathing Problems; Breathlessness or Wheeze","v":14},{"l":"Non-trauma Emergency","v":16},{"l":"Entry pathway","v":59},{"l":"Chest and Upper Back Pain","v":61},{"l":"NHS Pathways in House Clinician","v":138}]},{"source":22,"target":21,"value":1000,"supply":[{"l":"Immediate threats to life","v":41},{"l":"Breathing Problems; Breathlessness or Wheeze","v":45},{"l":"Non-trauma Emergency","v":54},{"l":"Entry pathway","v":196},{"l":"Chest and Upper Back Pain","v":202},{"l":"NHS Pathways in House Clinician","v":462}]},{"source":23,"target":22,"value":6000,"supply":[{"l":"Immediate threats to life","v":247},{"l":"Breathing Problems; Breathlessness or Wheeze","v":272},{"l":"Non-trauma Emergency","v":321},{"l":"Entry pathway","v":1179},{"l":"Chest and Upper Back Pain","v":1212},{"l":"NHS Pathways in House Clinician","v":2769}]},{"source":25,"target":24,"value":300,"supply":[{"l":"Immediate threats to life","v":12},{"l":"Breathing Problems; Breathlessness or Wheeze","v":14},{"l":"Non-trauma Emergency","v":16},{"l":"Entry pathway","v":59},{"l":"Chest and Upper Back Pain","v":61},{"l":"NHS Pathways in House Clinician","v":138}]},{"source":25,"target":20,"value":100,"supply":[{"l":"Immediate threats to life","v":4},{"l":"Breathing Problems; Breathlessness or Wheeze","v":5},{"l":"Non-trauma Emergency","v":5},{"l":"Entry pathway","v":20},{"l":"Chest and Upper Back Pain","v":20},{"l":"NHS Pathways in House Clinician","v":46}]},{"source":25,"target":17,"value":4000,"supply":[{"l":"Immediate threats to life","v":165},{"l":"Breathing Problems; Breathlessness or Wheeze","v":181},{"l":"Non-trauma Emergency","v":214},{"l":"Entry pathway","v":786},{"l":"Chest and Upper Back Pain","v":808},{"l":"NHS Pathways in House Clinician","v":1846}]},{"source":25,"target":0,"value":6500,"supply":[{"l":"Immediate threats to life","v":268},{"l":"Breathing Problems; Breathlessness or Wheeze","v":295},{"l":"Non-trauma Emergency","v":348},{"l":"Entry pathway","v":1277},{"l":"Chest and Upper Back Pain","v":1312},{"l":"NHS Pathways in House Clinician","v":3000}]},{"source":25,"target":4,"value":500,"supply":[{"l":"Immediate threats to life","v":21},{"l":"Breathing Problems; Breathlessness or Wheeze","v":23},{"l":"Non-trauma Emergency","v":27},{"l":"Entry pathway","v":98},{"l":"Chest and Upper Back Pain","v":101},{"l":"NHS Pathways in House Clinician","v":231}]},{"source":25,"target":9,"value":500,"supply":[{"l":"Immediate threats to life","v":21},{"l":"Breathing Problems; Breathlessness or Wheeze","v":23},{"l":"Non-trauma Emergency","v":27},{"l":"Entry pathway","v":98},{"l":"Chest and Upper Back Pain","v":101},{"l":"NHS Pathways in House Clinician","v":231}]},{"source":25,"target":13,"value":3500,"supply":[{"l":"Immediate threats to life","v":144},{"l":"Breathing Problems; Breathlessness or Wheeze","v":159},{"l":"Non-trauma Emergency","v":188},{"l":"Entry pathway","v":688},{"l":"Chest and Upper Back Pain","v":707},{"l":"NHS Pathways in House Clinician","v":1615}]},{"source":25,"target":3,"value":2400,"supply":[{"l":"Immediate threats to life","v":99},{"l":"Breathing Problems; Breathlessness or Wheeze","v":109},{"l":"Non-trauma Emergency","v":129},{"l":"Entry pathway","v":471},{"l":"Chest and Upper Back Pain","v":485},{"l":"NHS Pathways in House Clinician","v":1108}]},{"source":25,"target":4,"value":1000,"supply":[{"l":"Immediate threats to life","v":41},{"l":"Breathing Problems; Breathlessness or Wheeze","v":45},{"l":"Non-trauma Emergency","v":54},{"l":"Entry pathway","v":196},{"l":"Chest and Upper Back Pain","v":202},{"l":"NHS Pathways in House Clinician","v":462}]},{"source":25,"target":8,"value":1000,"supply":[{"l":"Immediate threats to life","v":41},{"l":"Breathing Problems; Breathlessness or Wheeze","v":45},{"l":"Non-trauma Emergency","v":54},{"l":"Entry pathway","v":196},{"l":"Chest and Upper Back Pain","v":202},{"l":"NHS Pathways in House Clinician","v":462}]},{"source":25,"target":12,"value":1000,"supply":[{"l":"Immediate threats to life","v":41},{"l":"Breathing Problems; Breathlessness or Wheeze","v":45},{"l":"Non-trauma Emergency","v":54},{"l":"Entry pathway","v":196},{"l":"Chest and Upper Back Pain","v":202},{"l":"NHS Pathways in House Clinician","v":462}]},{"source":2,"target":16,"value":500,"supply":[{"l":"Immediate threats to life","v":21},{"l":"Breathing Problems; Breathlessness or Wheeze","v":23},{"l":"Non-trauma Emergency","v":27},{"l":"Entry pathway","v":98},{"l":"Chest and Upper Back Pain","v":101},{"l":"NHS Pathways in House Clinician","v":231}]}]}