{"nodes":[{"layer":1,"name":"LAS Covid-19 Call Response","fill":"#9c9ede"},{"layer":1,"name":"LAS Covid-19 CAS","fill":"#9c9ede"},{"layer":1,"name":"LAS CAS","fill":"#9c9ede"},{"layer":1,"name":"LAS","fill":"#9c9ede"},{"layer":1,"name":"LAS NE","fill":"#9c9ede"},{"layer":2,"name":"Care UK Covid-19 Call Response","fill":"#17becf"},{"layer":2,"name":"Care UK Covid-19 CAS","fill":"#17becf"},{"layer":2,"name":"Care UK CAS","fill":"#17becf"},{"layer":2,"name":"Care UK","fill":"#17becf"},{"layer":3,"name":"Vocare Covid-19 Call Response","fill":"#e7ba52"},{"layer":3,"name":"Vocare Covid-19 CAS","fill":"#e7ba52"},{"layer":3,"name":"Vocare CAS","fill":"#e7ba52"},{"layer":3,"name":"Vocare","fill":"#e7ba52"},{"layer":4,"name":"LCW Covid-19 Call Response","fill":"#ff9896"},{"layer":4,"name":"LCW Covid-19 CAS","fill":"#ff9896"},{"layer":4,"name":"LCW CAS","fill":"#ff9896"},{"layer":4,"name":"LCW","fill":"#ff9896"},{"layer":5,"name":"InHealth Covid-19 Call Response","fill":"#98df8a"},{"layer":6,"name":"Additional GP Capacity","fill":"#1f77b4"},{"layer":6,"name":"GP OOH/Extended Hours Hub","fill":"#1f77b4"},{"layer":7,"name":"111 Online","fill":"#d6616b"},{"layer":8,"name":"999 Clinical Hub","fill":"#aec7e8"},{"layer":8,"name":"999 CAD","fill":"#aec7e8"},{"layer":8,"name":"999","fill":"#aec7e8"},{"layer":9,"name":"SMILE","fill":"#bcbd22"},{"layer":10,"name":"London IVR","fill":"#2ca02c"},{"layer":11,"name":"NEL Covid-19 Downstream Services","fill":"#c5b0d5"}],"links":[{"source":0,"target":3,"value":2300},{"source":0,"target":1,"value":100},{"source":1,"target":26,"value":100},{"source":2,"target":1,"value":100},{"source":3,"target":19,"value":500},{"source":4,"target":19,"value":500},{"source":5,"target":6,"value":600},{"source":5,"target":8,"value":2000},{"source":6,"target":26,"value":100},{"source":7,"target":6,"value":500},{"source":8,"target":19,"value":600},{"source":9,"target":12,"value":2000},{"source":10,"target":26,"value":100},{"source":11,"target":10,"value":100},{"source":12,"target":19,"value":500},{"source":13,"target":14,"value":100},{"source":13,"target":16,"value":1000},{"source":14,"target":26,"value":500},{"source":15,"target":14,"value":100},{"source":16,"target":19,"value":500},{"source":17,"target":25,"value":3000},{"source":17,"target":1,"value":300},{"source":17,"target":6,"value":100},{"source":17,"target":11,"value":200},{"source":17,"target":14,"value":100},{"source":18,"target":26,"value":400},{"source":20,"target":1,"value":300},{"source":20,"target":6,"value":300},{"source":20,"target":10,"value":300},{"source":20,"target":14,"value":300},{"source":22,"target":21,"value":1000},{"source":23,"target":22,"value":6000},{"source":25,"target":24,"value":300},{"source":25,"target":20,"value":100},{"source":25,"target":17,"value":4000},{"source":25,"target":0,"value":6500},{"source":25,"target":4,"value":500},{"source":25,"target":9,"value":500},{"source":25,"target":13,"value":3500},{"source":25,"target":3,"value":2400},{"source":25,"target":4,"value":1000},{"source":25,"target":8,"value":1000},{"source":25,"target":12,"value":1000},{"source":2,"target":16,"value":500}]}