{"nodes":[{"layer":0,"name":"National Telephony","fill":"#8C2D04","grouping":[{"label":"National Telephony","value":1713}]},{"layer":1,"name":"Admin","fill":"#D94801","grouping":[{"label":"Admin","value":101}]},{"layer":1,"name":"CMC (Clinical Advisor)","fill":"#D94801","grouping":[{"label":"CMC (Clinical Advisor)","value":1}]},{"layer":1,"name":"Dental","fill":"#D94801","grouping":[{"label":"Dental","value":124}]},{"layer":1,"name":"Other","fill":"#D94801","grouping":[{"label":"Other","value":1380}]},{"layer":1,"name":"Star Lines","fill":"#D94801","grouping":[{"label":"Star Lines","value":58}]},{"layer":1,"name":"Worsening","fill":"#D94801","grouping":[{"label":"Worsening","value":49}]},{"layer":2,"name":"InHealth","fill":"#F16913","grouping":[{"label":"InHealth","value":913},{"label":"InHealth (Dental)","value":101}]},{"layer":2,"name":"SEL 111","fill":"#F16913","grouping":[{"label":"PRM","value":1713}]},{"layer":4,"name":"CA","fill":"#FD8D3C","grouping":[{"label":"CA","value":15}]},{"layer":4,"name":"GP","fill":"#FD8D3C","grouping":[{"label":"GP","value":22}]},{"layer":4,"name":"HA","fill":"#FD8D3C","grouping":[{"label":"HA","value":101}]},{"layer":4,"name":"SA","fill":"#FD8D3C","grouping":[{"label":"SA","value":13}]},{"layer":5,"name":"CA","fill":"#FDAE6B","grouping":[{"label":"CA","value":40}]},{"layer":5,"name":"GP","fill":"#FDAE6B","grouping":[{"label":"GP","value":71}]},{"layer":5,"name":"HA","fill":"#FDAE6B","grouping":[{"label":"HA","value":40}]},{"layer":7,"name":"999","fill":"#FDD0A2","grouping":[{"label":"NHS Ambulance Service","value":6}]},{"layer":7,"name":"Care Home","fill":"#FDD0A2","grouping":[{"label":"Care Home","value":2}]},{"layer":7,"name":"Dental","fill":"#FDD0A2","grouping":[{"label":"Dental Emergency","value":26}]},{"layer":7,"name":"District/Community Nurse","fill":"#FDD0A2","grouping":[{"label":"District/Community Nurse","value":6}]},{"layer":7,"name":"ED","fill":"#FDD0A2","grouping":[{"label":"Emergency Department (ED)","value":95},{"label":"Emergency Department (ED) Eye Casualty","value":1}]},{"layer":7,"name":"GP/GP Extended Hours/GP Choice/Hub","fill":"#FDD0A2","grouping":[{"label":"GP Access Hub","value":44},{"label":"GP Practice","value":166},{"label":"GP Practice Extended Hours","value":9}]},{"layer":7,"name":"IUC CAS/Calls/Treatment","fill":"#FDD0A2","grouping":[{"label":"Integrated Urgent Care (IUC) Clinical Assessment Service (CAS)","value":34},{"label":"Integrated Urgent Care (IUC) NHS 111 Call Handling Provider","value":21},{"label":"Integrated Urgent Care (IUC) Treatment Service","value":267}]},{"layer":7,"name":"Mental Health","fill":"#FDD0A2","grouping":[{"label":"Mental Health","value":4}]},{"layer":7,"name":"MIU/UTC/UCC/WiC","fill":"#FDD0A2","grouping":[]},{"layer":7,"name":"Specialist Services","fill":"#FDD0A2","grouping":[{"label":"Specialist Service","value":1}]}],"links":[{"source":0,"target":1,"value":101,"fill":"#FB8072","supply":[{"label":"00 hrs","value":0},{"label":"01 hrs","value":1},{"label":"02 hrs","value":4},{"label":"03 hrs","value":1},{"label":"04 hrs","value":0},{"label":"05 hrs","value":1},{"label":"06 hrs","value":0},{"label":"07 hrs","value":2},{"label":"08 hrs","value":7},{"label":"09 hrs","value":5},{"label":"10 hrs","value":6},{"label":"11 hrs","value":9},{"label":"12 hrs","value":10},{"label":"13 hrs","value":1},{"label":"14 hrs","value":5},{"label":"15 hrs","value":8},{"label":"16 hrs","value":10},{"label":"17 hrs","value":6},{"label":"18 hrs","value":5},{"label":"19 hrs","value":5},{"label":"20 hrs","value":4},{"label":"21 hrs","value":4},{"label":"22 hrs","value":3},{"label":"23 hrs","value":4}]},{"source":0,"target":2,"value":1,"fill":"#FCC5C0","supply":[{"label":"00 hrs","value":0},{"label":"01 hrs","value":0},{"label":"02 hrs","value":0},{"label":"03 hrs","value":0},{"label":"04 hrs","value":0},{"label":"05 hrs","value":0},{"label":"06 hrs","value":0},{"label":"07 hrs","value":0},{"label":"08 hrs","value":0},{"label":"09 hrs","value":0},{"label":"10 hrs","value":0},{"label":"11 hrs","value":1},{"label":"12 hrs","value":0},{"label":"13 hrs","value":0},{"label":"14 hrs","value":0},{"label":"15 hrs","value":0},{"label":"16 hrs","value":0},{"label":"17 hrs","value":0},{"label":"18 hrs","value":0},{"label":"19 hrs","value":0},{"label":"20 hrs","value":0},{"label":"21 hrs","value":0},{"label":"22 hrs","value":0},{"label":"23 hrs","value":0}]},{"source":0,"target":3,"value":23,"fill":"#FF7F00","supply":[{"label":"00 hrs","value":1},{"label":"01 hrs","value":4},{"label":"02 hrs","value":2},{"label":"03 hrs","value":2},{"label":"04 hrs","value":1},{"label":"05 hrs","value":2},{"label":"06 hrs","value":2},{"label":"07 hrs","value":3},{"label":"08 hrs","value":12},{"label":"09 hrs","value":15},{"label":"10 hrs","value":6},{"label":"11 hrs","value":9},{"label":"12 hrs","value":5},{"label":"13 hrs","value":8},{"label":"14 hrs","value":5},{"label":"15 hrs","value":4},{"label":"16 hrs","value":12},{"label":"17 hrs","value":3},{"label":"18 hrs","value":12},{"label":"19 hrs","value":6},{"label":"20 hrs","value":2},{"label":"21 hrs","value":5},{"label":"22 hrs","value":0},{"label":"23 hrs","value":3}]},{"source":0,"target":4,"value":467,"fill":"#BEBADA","supply":[{"label":"00 hrs","value":44},{"label":"01 hrs","value":21},{"label":"02 hrs","value":12},{"label":"03 hrs","value":12},{"label":"04 hrs","value":23},{"label":"05 hrs","value":22},{"label":"06 hrs","value":19},{"label":"07 hrs","value":47},{"label":"08 hrs","value":61},{"label":"09 hrs","value":102},{"label":"10 hrs","value":104},{"label":"11 hrs","value":112},{"label":"12 hrs","value":93},{"label":"13 hrs","value":46},{"label":"14 hrs","value":52},{"label":"15 hrs","value":91},{"label":"16 hrs","value":81},{"label":"17 hrs","value":82},{"label":"18 hrs","value":80},{"label":"19 hrs","value":75},{"label":"20 hrs","value":64},{"label":"21 hrs","value":57},{"label":"22 hrs","value":48},{"label":"23 hrs","value":32}]},{"source":0,"target":5,"value":58,"fill":"#8DD3C7","supply":[{"label":"00 hrs","value":0},{"label":"01 hrs","value":0},{"label":"02 hrs","value":6},{"label":"03 hrs","value":1},{"label":"04 hrs","value":1},{"label":"05 hrs","value":0},{"label":"06 hrs","value":1},{"label":"07 hrs","value":1},{"label":"08 hrs","value":2},{"label":"09 hrs","value":3},{"label":"10 hrs","value":4},{"label":"11 hrs","value":5},{"label":"12 hrs","value":3},{"label":"13 hrs","value":5},{"label":"14 hrs","value":7},{"label":"15 hrs","value":3},{"label":"16 hrs","value":2},{"label":"17 hrs","value":3},{"label":"18 hrs","value":4},{"label":"19 hrs","value":1},{"label":"20 hrs","value":2},{"label":"21 hrs","value":2},{"label":"22 hrs","value":2},{"label":"23 hrs","value":0}]},{"source":0,"target":6,"value":49,"fill":"#A65628","supply":[{"label":"00 hrs","value":0},{"label":"01 hrs","value":0},{"label":"02 hrs","value":0},{"label":"03 hrs","value":0},{"label":"04 hrs","value":0},{"label":"05 hrs","value":3},{"label":"06 hrs","value":3},{"label":"07 hrs","value":1},{"label":"08 hrs","value":3},{"label":"09 hrs","value":2},{"label":"10 hrs","value":2},{"label":"11 hrs","value":5},{"label":"12 hrs","value":2},{"label":"13 hrs","value":1},{"label":"14 hrs","value":2},{"label":"15 hrs","value":4},{"label":"16 hrs","value":4},{"label":"17 hrs","value":5},{"label":"18 hrs","value":1},{"label":"19 hrs","value":1},{"label":"20 hrs","value":1},{"label":"21 hrs","value":3},{"label":"22 hrs","value":5},{"label":"23 hrs","value":1}]},{"source":1,"target":8,"value":101,"fill":"#FB8072","supply":[{"label":"00 hrs","value":0},{"label":"01 hrs","value":1},{"label":"02 hrs","value":4},{"label":"03 hrs","value":1},{"label":"04 hrs","value":0},{"label":"05 hrs","value":1},{"label":"06 hrs","value":0},{"label":"07 hrs","value":2},{"label":"08 hrs","value":7},{"label":"09 hrs","value":5},{"label":"10 hrs","value":6},{"label":"11 hrs","value":9},{"label":"12 hrs","value":10},{"label":"13 hrs","value":1},{"label":"14 hrs","value":5},{"label":"15 hrs","value":8},{"label":"16 hrs","value":10},{"label":"17 hrs","value":6},{"label":"18 hrs","value":5},{"label":"19 hrs","value":5},{"label":"20 hrs","value":4},{"label":"21 hrs","value":4},{"label":"22 hrs","value":3},{"label":"23 hrs","value":4}]},{"source":2,"target":8,"value":1,"fill":"#FCC5C0","supply":[{"label":"00 hrs","value":0},{"label":"01 hrs","value":0},{"label":"02 hrs","value":0},{"label":"03 hrs","value":0},{"label":"04 hrs","value":0},{"label":"05 hrs","value":0},{"label":"06 hrs","value":0},{"label":"07 hrs","value":0},{"label":"08 hrs","value":0},{"label":"09 hrs","value":0},{"label":"10 hrs","value":0},{"label":"11 hrs","value":1},{"label":"12 hrs","value":0},{"label":"13 hrs","value":0},{"label":"14 hrs","value":0},{"label":"15 hrs","value":0},{"label":"16 hrs","value":0},{"label":"17 hrs","value":0},{"label":"18 hrs","value":0},{"label":"19 hrs","value":0},{"label":"20 hrs","value":0},{"label":"21 hrs","value":0},{"label":"22 hrs","value":0},{"label":"23 hrs","value":0}]},{"source":3,"target":8,"value":124,"fill":"#FF7F00","supply":[{"label":"00 hrs","value":1},{"label":"01 hrs","value":4},{"label":"02 hrs","value":2},{"label":"03 hrs","value":2},{"label":"04 hrs","value":1},{"label":"05 hrs","value":2},{"label":"06 hrs","value":2},{"label":"07 hrs","value":3},{"label":"08 hrs","value":12},{"label":"09 hrs","value":15},{"label":"10 hrs","value":6},{"label":"11 hrs","value":9},{"label":"12 hrs","value":5},{"label":"13 hrs","value":8},{"label":"14 hrs","value":5},{"label":"15 hrs","value":4},{"label":"16 hrs","value":12},{"label":"17 hrs","value":3},{"label":"18 hrs","value":12},{"label":"19 hrs","value":6},{"label":"20 hrs","value":2},{"label":"21 hrs","value":5},{"label":"22 hrs","value":0},{"label":"23 hrs","value":3}]},{"source":4,"target":8,"value":1380,"fill":"#BEBADA","supply":[{"label":"00 hrs","value":44},{"label":"01 hrs","value":21},{"label":"02 hrs","value":12},{"label":"03 hrs","value":12},{"label":"04 hrs","value":23},{"label":"05 hrs","value":22},{"label":"06 hrs","value":19},{"label":"07 hrs","value":47},{"label":"08 hrs","value":61},{"label":"09 hrs","value":102},{"label":"10 hrs","value":104},{"label":"11 hrs","value":112},{"label":"12 hrs","value":93},{"label":"13 hrs","value":46},{"label":"14 hrs","value":52},{"label":"15 hrs","value":91},{"label":"16 hrs","value":81},{"label":"17 hrs","value":82},{"label":"18 hrs","value":80},{"label":"19 hrs","value":75},{"label":"20 hrs","value":64},{"label":"21 hrs","value":57},{"label":"22 hrs","value":48},{"label":"23 hrs","value":32}]},{"source":5,"target":8,"value":58,"fill":"#8DD3C7","supply":[{"label":"00 hrs","value":0},{"label":"01 hrs","value":0},{"label":"02 hrs","value":6},{"label":"03 hrs","value":1},{"label":"04 hrs","value":1},{"label":"05 hrs","value":0},{"label":"06 hrs","value":1},{"label":"07 hrs","value":1},{"label":"08 hrs","value":2},{"label":"09 hrs","value":3},{"label":"10 hrs","value":4},{"label":"11 hrs","value":5},{"label":"12 hrs","value":3},{"label":"13 hrs","value":5},{"label":"14 hrs","value":7},{"label":"15 hrs","value":3},{"label":"16 hrs","value":2},{"label":"17 hrs","value":3},{"label":"18 hrs","value":4},{"label":"19 hrs","value":1},{"label":"20 hrs","value":2},{"label":"21 hrs","value":2},{"label":"22 hrs","value":2},{"label":"23 hrs","value":0}]},{"source":6,"target":8,"value":49,"fill":"#A65628","supply":[{"label":"00 hrs","value":0},{"label":"01 hrs","value":0},{"label":"02 hrs","value":0},{"label":"03 hrs","value":0},{"label":"04 hrs","value":0},{"label":"05 hrs","value":3},{"label":"06 hrs","value":3},{"label":"07 hrs","value":1},{"label":"08 hrs","value":3},{"label":"09 hrs","value":2},{"label":"10 hrs","value":2},{"label":"11 hrs","value":5},{"label":"12 hrs","value":2},{"label":"13 hrs","value":1},{"label":"14 hrs","value":2},{"label":"15 hrs","value":4},{"label":"16 hrs","value":4},{"label":"17 hrs","value":5},{"label":"18 hrs","value":1},{"label":"19 hrs","value":1},{"label":"20 hrs","value":1},{"label":"21 hrs","value":3},{"label":"22 hrs","value":5},{"label":"23 hrs","value":1}]},{"source":4,"target":7,"value":913,"fill":"#BEBADA","supply":[{"label":"00 hrs","value":0},{"label":"01 hrs","value":0},{"label":"02 hrs","value":0},{"label":"03 hrs","value":0},{"label":"04 hrs","value":0},{"label":"05 hrs","value":0},{"label":"06 hrs","value":0},{"label":"07 hrs","value":0},{"label":"08 hrs","value":54},{"label":"09 hrs","value":83},{"label":"10 hrs","value":88},{"label":"11 hrs","value":84},{"label":"12 hrs","value":60},{"label":"13 hrs","value":41},{"label":"14 hrs","value":42},{"label":"15 hrs","value":68},{"label":"16 hrs","value":64},{"label":"17 hrs","value":52},{"label":"18 hrs","value":64},{"label":"19 hrs","value":54},{"label":"20 hrs","value":51},{"label":"21 hrs","value":48},{"label":"22 hrs","value":35},{"label":"23 hrs","value":25}]},{"source":3,"target":7,"value":101,"fill":"#FF7F00","supply":[{"label":"00 hrs","value":0},{"label":"01 hrs","value":0},{"label":"02 hrs","value":0},{"label":"03 hrs","value":0},{"label":"04 hrs","value":0},{"label":"05 hrs","value":0},{"label":"06 hrs","value":0},{"label":"07 hrs","value":0},{"label":"08 hrs","value":11},{"label":"09 hrs","value":14},{"label":"10 hrs","value":6},{"label":"11 hrs","value":9},{"label":"12 hrs","value":5},{"label":"13 hrs","value":8},{"label":"14 hrs","value":5},{"label":"15 hrs","value":4},{"label":"16 hrs","value":12},{"label":"17 hrs","value":3},{"label":"18 hrs","value":11},{"label":"19 hrs","value":4},{"label":"20 hrs","value":2},{"label":"21 hrs","value":5},{"label":"22 hrs","value":0},{"label":"23 hrs","value":2}]},{"source":8,"target":10,"value":2,"fill":"#FCC5C0","supply":[{"label":"00 hrs","value":0},{"label":"01 hrs","value":0},{"label":"02 hrs","value":0},{"label":"03 hrs","value":1},{"label":"04 hrs","value":0},{"label":"05 hrs","value":0},{"label":"06 hrs","value":0},{"label":"07 hrs","value":0},{"label":"08 hrs","value":0},{"label":"09 hrs","value":0},{"label":"10 hrs","value":0},{"label":"11 hrs","value":0},{"label":"12 hrs","value":0},{"label":"13 hrs","value":0},{"label":"14 hrs","value":0},{"label":"15 hrs","value":1},{"label":"16 hrs","value":0},{"label":"17 hrs","value":0},{"label":"18 hrs","value":0},{"label":"19 hrs","value":0},{"label":"20 hrs","value":0},{"label":"21 hrs","value":0},{"label":"22 hrs","value":0},{"label":"23 hrs","value":0}]},{"source":8,"target":11,"value":49,"fill":"#FCC5C0","supply":[{"label":"00 hrs","value":3},{"label":"01 hrs","value":0},{"label":"02 hrs","value":1},{"label":"03 hrs","value":0},{"label":"04 hrs","value":2},{"label":"05 hrs","value":0},{"label":"06 hrs","value":0},{"label":"07 hrs","value":1},{"label":"08 hrs","value":2},{"label":"09 hrs","value":1},{"label":"10 hrs","value":3},{"label":"11 hrs","value":6},{"label":"12 hrs","value":5},{"label":"13 hrs","value":2},{"label":"14 hrs","value":2},{"label":"15 hrs","value":4},{"label":"16 hrs","value":2},{"label":"17 hrs","value":2},{"label":"18 hrs","value":0},{"label":"19 hrs","value":5},{"label":"20 hrs","value":4},{"label":"21 hrs","value":3},{"label":"22 hrs","value":1},{"label":"23 hrs","value":0}]},{"source":8,"target":12,"value":2,"fill":"#FCC5C0","supply":[{"label":"00 hrs","value":0},{"label":"01 hrs","value":1},{"label":"02 hrs","value":0},{"label":"03 hrs","value":0},{"label":"04 hrs","value":0},{"label":"05 hrs","value":0},{"label":"06 hrs","value":0},{"label":"07 hrs","value":0},{"label":"08 hrs","value":0},{"label":"09 hrs","value":0},{"label":"10 hrs","value":0},{"label":"11 hrs","value":0},{"label":"12 hrs","value":0},{"label":"13 hrs","value":1},{"label":"14 hrs","value":0},{"label":"15 hrs","value":0},{"label":"16 hrs","value":0},{"label":"17 hrs","value":0},{"label":"18 hrs","value":0},{"label":"19 hrs","value":0},{"label":"20 hrs","value":0},{"label":"21 hrs","value":0},{"label":"22 hrs","value":0},{"label":"23 hrs","value":0}]},{"source":8,"target":9,"value":1,"fill":"#8DD3C7","supply":[{"label":"00 hrs","value":0},{"label":"01 hrs","value":0},{"label":"02 hrs","value":0},{"label":"03 hrs","value":0},{"label":"04 hrs","value":0},{"label":"05 hrs","value":0},{"label":"06 hrs","value":0},{"label":"07 hrs","value":0},{"label":"08 hrs","value":0},{"label":"09 hrs","value":0},{"label":"10 hrs","value":0},{"label":"11 hrs","value":0},{"label":"12 hrs","value":0},{"label":"13 hrs","value":0},{"label":"14 hrs","value":0},{"label":"15 hrs","value":0},{"label":"16 hrs","value":0},{"label":"17 hrs","value":0},{"label":"18 hrs","value":0},{"label":"19 hrs","value":0},{"label":"20 hrs","value":1},{"label":"21 hrs","value":0},{"label":"22 hrs","value":0},{"label":"23 hrs","value":0}]},{"source":8,"target":10,"value":4,"fill":"#8DD3C7","supply":[{"label":"00 hrs","value":0},{"label":"01 hrs","value":0},{"label":"02 hrs","value":0},{"label":"03 hrs","value":0},{"label":"04 hrs","value":0},{"label":"05 hrs","value":0},{"label":"06 hrs","value":0},{"label":"07 hrs","value":0},{"label":"08 hrs","value":0},{"label":"09 hrs","value":0},{"label":"10 hrs","value":0},{"label":"11 hrs","value":0},{"label":"12 hrs","value":0},{"label":"13 hrs","value":2},{"label":"14 hrs","value":1},{"label":"15 hrs","value":1},{"label":"16 hrs","value":0},{"label":"17 hrs","value":0},{"label":"18 hrs","value":0},{"label":"19 hrs","value":0},{"label":"20 hrs","value":0},{"label":"21 hrs","value":0},{"label":"22 hrs","value":0},{"label":"23 hrs","value":0}]},{"source":8,"target":11,"value":69,"fill":"#8DD3C7","supply":[{"label":"00 hrs","value":2},{"label":"01 hrs","value":2},{"label":"02 hrs","value":2},{"label":"03 hrs","value":0},{"label":"04 hrs","value":3},{"label":"05 hrs","value":1},{"label":"06 hrs","value":1},{"label":"07 hrs","value":2},{"label":"08 hrs","value":3},{"label":"09 hrs","value":2},{"label":"10 hrs","value":2},{"label":"11 hrs","value":7},{"label":"12 hrs","value":3},{"label":"13 hrs","value":5},{"label":"14 hrs","value":4},{"label":"15 hrs","value":6},{"label":"16 hrs","value":4},{"label":"17 hrs","value":1},{"label":"18 hrs","value":3},{"label":"19 hrs","value":2},{"label":"20 hrs","value":1},{"label":"21 hrs","value":4},{"label":"22 hrs","value":5},{"label":"23 hrs","value":4}]},{"source":8,"target":12,"value":4,"fill":"#8DD3C7","supply":[{"label":"00 hrs","value":0},{"label":"01 hrs","value":0},{"label":"02 hrs","value":0},{"label":"03 hrs","value":0},{"label":"04 hrs","value":0},{"label":"05 hrs","value":0},{"label":"06 hrs","value":0},{"label":"07 hrs","value":0},{"label":"08 hrs","value":0},{"label":"09 hrs","value":0},{"label":"10 hrs","value":0},{"label":"11 hrs","value":0},{"label":"12 hrs","value":0},{"label":"13 hrs","value":3},{"label":"14 hrs","value":0},{"label":"15 hrs","value":0},{"label":"16 hrs","value":0},{"label":"17 hrs","value":0},{"label":"18 hrs","value":1},{"label":"19 hrs","value":0},{"label":"20 hrs","value":0},{"label":"21 hrs","value":0},{"label":"22 hrs","value":0},{"label":"23 hrs","value":0}]},{"source":8,"target":9,"value":76,"fill":"#BEBADA","supply":[{"label":"00 hrs","value":0},{"label":"01 hrs","value":0},{"label":"02 hrs","value":2},{"label":"03 hrs","value":2},{"label":"04 hrs","value":5},{"label":"05 hrs","value":5},{"label":"06 hrs","value":0},{"label":"07 hrs","value":1},{"label":"08 hrs","value":3},{"label":"09 hrs","value":3},{"label":"10 hrs","value":4},{"label":"11 hrs","value":4},{"label":"12 hrs","value":5},{"label":"13 hrs","value":5},{"label":"14 hrs","value":3},{"label":"15 hrs","value":6},{"label":"16 hrs","value":4},{"label":"17 hrs","value":3},{"label":"18 hrs","value":6},{"label":"19 hrs","value":5},{"label":"20 hrs","value":6},{"label":"21 hrs","value":0},{"label":"22 hrs","value":2},{"label":"23 hrs","value":2}]},{"source":8,"target":10,"value":173,"fill":"#BEBADA","supply":[{"label":"00 hrs","value":8},{"label":"01 hrs","value":7},{"label":"02 hrs","value":3},{"label":"03 hrs","value":10},{"label":"04 hrs","value":5},{"label":"05 hrs","value":2},{"label":"06 hrs","value":5},{"label":"07 hrs","value":5},{"label":"08 hrs","value":4},{"label":"09 hrs","value":10},{"label":"10 hrs","value":9},{"label":"11 hrs","value":14},{"label":"12 hrs","value":4},{"label":"13 hrs","value":9},{"label":"14 hrs","value":8},{"label":"15 hrs","value":11},{"label":"16 hrs","value":10},{"label":"17 hrs","value":9},{"label":"18 hrs","value":5},{"label":"19 hrs","value":8},{"label":"20 hrs","value":4},{"label":"21 hrs","value":6},{"label":"22 hrs","value":12},{"label":"23 hrs","value":5}]},{"source":8,"target":11,"value":1298,"fill":"#BEBADA","supply":[{"label":"00 hrs","value":46},{"label":"01 hrs","value":40},{"label":"02 hrs","value":40},{"label":"03 hrs","value":39},{"label":"04 hrs","value":35},{"label":"05 hrs","value":31},{"label":"06 hrs","value":29},{"label":"07 hrs","value":30},{"label":"08 hrs","value":52},{"label":"09 hrs","value":67},{"label":"10 hrs","value":68},{"label":"11 hrs","value":79},{"label":"12 hrs","value":74},{"label":"13 hrs","value":80},{"label":"14 hrs","value":51},{"label":"15 hrs","value":61},{"label":"16 hrs","value":71},{"label":"17 hrs","value":59},{"label":"18 hrs","value":69},{"label":"19 hrs","value":66},{"label":"20 hrs","value":50},{"label":"21 hrs","value":73},{"label":"22 hrs","value":50},{"label":"23 hrs","value":38}]},{"source":8,"target":12,"value":18,"fill":"#BEBADA","supply":[{"label":"00 hrs","value":1},{"label":"01 hrs","value":0},{"label":"02 hrs","value":3},{"label":"03 hrs","value":0},{"label":"04 hrs","value":0},{"label":"05 hrs","value":0},{"label":"06 hrs","value":0},{"label":"07 hrs","value":0},{"label":"08 hrs","value":0},{"label":"09 hrs","value":0},{"label":"10 hrs","value":0},{"label":"11 hrs","value":0},{"label":"12 hrs","value":0},{"label":"13 hrs","value":1},{"label":"14 hrs","value":2},{"label":"15 hrs","value":0},{"label":"16 hrs","value":1},{"label":"17 hrs","value":2},{"label":"18 hrs","value":2},{"label":"19 hrs","value":2},{"label":"20 hrs","value":1},{"label":"21 hrs","value":1},{"label":"22 hrs","value":1},{"label":"23 hrs","value":1}]},{"source":9,"target":13,"value":61,"fill":"#BEBADA","supply":[{"label":"00 hrs","value":0},{"label":"01 hrs","value":0},{"label":"02 hrs","value":2},{"label":"03 hrs","value":2},{"label":"04 hrs","value":4},{"label":"05 hrs","value":4},{"label":"06 hrs","value":0},{"label":"07 hrs","value":1},{"label":"08 hrs","value":3},{"label":"09 hrs","value":1},{"label":"10 hrs","value":4},{"label":"11 hrs","value":2},{"label":"12 hrs","value":4},{"label":"13 hrs","value":4},{"label":"14 hrs","value":3},{"label":"15 hrs","value":5},{"label":"16 hrs","value":4},{"label":"17 hrs","value":3},{"label":"18 hrs","value":4},{"label":"19 hrs","value":5},{"label":"20 hrs","value":5},{"label":"21 hrs","value":0},{"label":"22 hrs","value":1},{"label":"23 hrs","value":0}]},{"source":9,"target":14,"value":15,"fill":"#BEBADA","supply":[{"label":"00 hrs","value":0},{"label":"01 hrs","value":0},{"label":"02 hrs","value":0},{"label":"03 hrs","value":0},{"label":"04 hrs","value":1},{"label":"05 hrs","value":1},{"label":"06 hrs","value":0},{"label":"07 hrs","value":0},{"label":"08 hrs","value":0},{"label":"09 hrs","value":2},{"label":"10 hrs","value":0},{"label":"11 hrs","value":2},{"label":"12 hrs","value":1},{"label":"13 hrs","value":1},{"label":"14 hrs","value":0},{"label":"15 hrs","value":1},{"label":"16 hrs","value":0},{"label":"17 hrs","value":0},{"label":"18 hrs","value":2},{"label":"19 hrs","value":0},{"label":"20 hrs","value":1},{"label":"21 hrs","value":0},{"label":"22 hrs","value":1},{"label":"23 hrs","value":2}]},{"source":9,"target":14,"value":1,"fill":"#8DD3C7","supply":[{"label":"00 hrs","value":0},{"label":"01 hrs","value":0},{"label":"02 hrs","value":0},{"label":"03 hrs","value":0},{"label":"04 hrs","value":0},{"label":"05 hrs","value":0},{"label":"06 hrs","value":0},{"label":"07 hrs","value":0},{"label":"08 hrs","value":0},{"label":"09 hrs","value":0},{"label":"10 hrs","value":0},{"label":"11 hrs","value":0},{"label":"12 hrs","value":0},{"label":"13 hrs","value":0},{"label":"14 hrs","value":0},{"label":"15 hrs","value":0},{"label":"16 hrs","value":0},{"label":"17 hrs","value":0},{"label":"18 hrs","value":0},{"label":"19 hrs","value":0},{"label":"20 hrs","value":1},{"label":"21 hrs","value":0},{"label":"22 hrs","value":0},{"label":"23 hrs","value":0}]},{"source":10,"target":14,"value":173,"fill":"#BEBADA","supply":[{"label":"00 hrs","value":8},{"label":"01 hrs","value":7},{"label":"02 hrs","value":3},{"label":"03 hrs","value":10},{"label":"04 hrs","value":5},{"label":"05 hrs","value":2},{"label":"06 hrs","value":5},{"label":"07 hrs","value":5},{"label":"08 hrs","value":4},{"label":"09 hrs","value":10},{"label":"10 hrs","value":9},{"label":"11 hrs","value":14},{"label":"12 hrs","value":4},{"label":"13 hrs","value":9},{"label":"14 hrs","value":8},{"label":"15 hrs","value":11},{"label":"16 hrs","value":10},{"label":"17 hrs","value":9},{"label":"18 hrs","value":5},{"label":"19 hrs","value":8},{"label":"20 hrs","value":4},{"label":"21 hrs","value":6},{"label":"22 hrs","value":12},{"label":"23 hrs","value":5}]},{"source":10,"target":14,"value":2,"fill":"#FCC5C0","supply":[{"label":"00 hrs","value":0},{"label":"01 hrs","value":0},{"label":"02 hrs","value":0},{"label":"03 hrs","value":1},{"label":"04 hrs","value":0},{"label":"05 hrs","value":0},{"label":"06 hrs","value":0},{"label":"07 hrs","value":0},{"label":"08 hrs","value":0},{"label":"09 hrs","value":0},{"label":"10 hrs","value":0},{"label":"11 hrs","value":0},{"label":"12 hrs","value":0},{"label":"13 hrs","value":0},{"label":"14 hrs","value":0},{"label":"15 hrs","value":1},{"label":"16 hrs","value":0},{"label":"17 hrs","value":0},{"label":"18 hrs","value":0},{"label":"19 hrs","value":0},{"label":"20 hrs","value":0},{"label":"21 hrs","value":0},{"label":"22 hrs","value":0},{"label":"23 hrs","value":0}]},{"source":10,"target":14,"value":4,"fill":"#8DD3C7","supply":[{"label":"00 hrs","value":0},{"label":"01 hrs","value":0},{"label":"02 hrs","value":0},{"label":"03 hrs","value":0},{"label":"04 hrs","value":0},{"label":"05 hrs","value":0},{"label":"06 hrs","value":0},{"label":"07 hrs","value":0},{"label":"08 hrs","value":0},{"label":"09 hrs","value":0},{"label":"10 hrs","value":0},{"label":"11 hrs","value":0},{"label":"12 hrs","value":0},{"label":"13 hrs","value":2},{"label":"14 hrs","value":1},{"label":"15 hrs","value":1},{"label":"16 hrs","value":0},{"label":"17 hrs","value":0},{"label":"18 hrs","value":0},{"label":"19 hrs","value":0},{"label":"20 hrs","value":0},{"label":"21 hrs","value":0},{"label":"22 hrs","value":0},{"label":"23 hrs","value":0}]},{"source":11,"target":13,"value":278,"fill":"#BEBADA","supply":[{"label":"00 hrs","value":6},{"label":"01 hrs","value":6},{"label":"02 hrs","value":4},{"label":"03 hrs","value":3},{"label":"04 hrs","value":7},{"label":"05 hrs","value":5},{"label":"06 hrs","value":8},{"label":"07 hrs","value":8},{"label":"08 hrs","value":11},{"label":"09 hrs","value":12},{"label":"10 hrs","value":18},{"label":"11 hrs","value":21},{"label":"12 hrs","value":17},{"label":"13 hrs","value":12},{"label":"14 hrs","value":20},{"label":"15 hrs","value":13},{"label":"16 hrs","value":13},{"label":"17 hrs","value":7},{"label":"18 hrs","value":15},{"label":"19 hrs","value":19},{"label":"20 hrs","value":15},{"label":"21 hrs","value":17},{"label":"22 hrs","value":12},{"label":"23 hrs","value":9}]},{"source":11,"target":13,"value":5,"fill":"#FCC5C0","supply":[{"label":"00 hrs","value":0},{"label":"01 hrs","value":0},{"label":"02 hrs","value":0},{"label":"03 hrs","value":0},{"label":"04 hrs","value":0},{"label":"05 hrs","value":0},{"label":"06 hrs","value":0},{"label":"07 hrs","value":0},{"label":"08 hrs","value":0},{"label":"09 hrs","value":0},{"label":"10 hrs","value":0},{"label":"11 hrs","value":0},{"label":"12 hrs","value":1},{"label":"13 hrs","value":0},{"label":"14 hrs","value":1},{"label":"15 hrs","value":0},{"label":"16 hrs","value":0},{"label":"17 hrs","value":1},{"label":"18 hrs","value":0},{"label":"19 hrs","value":0},{"label":"20 hrs","value":0},{"label":"21 hrs","value":2},{"label":"22 hrs","value":0},{"label":"23 hrs","value":0}]},{"source":11,"target":13,"value":3,"fill":"#8DD3C7","supply":[{"label":"00 hrs","value":0},{"label":"01 hrs","value":0},{"label":"02 hrs","value":0},{"label":"03 hrs","value":0},{"label":"04 hrs","value":1},{"label":"05 hrs","value":0},{"label":"06 hrs","value":0},{"label":"07 hrs","value":0},{"label":"08 hrs","value":0},{"label":"09 hrs","value":0},{"label":"10 hrs","value":0},{"label":"11 hrs","value":0},{"label":"12 hrs","value":0},{"label":"13 hrs","value":0},{"label":"14 hrs","value":1},{"label":"15 hrs","value":0},{"label":"16 hrs","value":0},{"label":"17 hrs","value":0},{"label":"18 hrs","value":0},{"label":"19 hrs","value":0},{"label":"20 hrs","value":0},{"label":"21 hrs","value":1},{"label":"22 hrs","value":0},{"label":"23 hrs","value":0}]},{"source":11,"target":14,"value":524,"fill":"#BEBADA","supply":[{"label":"00 hrs","value":21},{"label":"01 hrs","value":21},{"label":"02 hrs","value":25},{"label":"03 hrs","value":27},{"label":"04 hrs","value":20},{"label":"05 hrs","value":15},{"label":"06 hrs","value":10},{"label":"07 hrs","value":13},{"label":"08 hrs","value":17},{"label":"09 hrs","value":22},{"label":"10 hrs","value":29},{"label":"11 hrs","value":32},{"label":"12 hrs","value":24},{"label":"13 hrs","value":28},{"label":"14 hrs","value":19},{"label":"15 hrs","value":23},{"label":"16 hrs","value":26},{"label":"17 hrs","value":31},{"label":"18 hrs","value":22},{"label":"19 hrs","value":20},{"label":"20 hrs","value":15},{"label":"21 hrs","value":27},{"label":"22 hrs","value":21},{"label":"23 hrs","value":16}]},{"source":11,"target":14,"value":25,"fill":"#FCC5C0","supply":[{"label":"00 hrs","value":1},{"label":"01 hrs","value":0},{"label":"02 hrs","value":1},{"label":"03 hrs","value":0},{"label":"04 hrs","value":1},{"label":"05 hrs","value":0},{"label":"06 hrs","value":0},{"label":"07 hrs","value":1},{"label":"08 hrs","value":1},{"label":"09 hrs","value":0},{"label":"10 hrs","value":2},{"label":"11 hrs","value":3},{"label":"12 hrs","value":2},{"label":"13 hrs","value":2},{"label":"14 hrs","value":0},{"label":"15 hrs","value":3},{"label":"16 hrs","value":1},{"label":"17 hrs","value":0},{"label":"18 hrs","value":0},{"label":"19 hrs","value":3},{"label":"20 hrs","value":3},{"label":"21 hrs","value":0},{"label":"22 hrs","value":1},{"label":"23 hrs","value":0}]},{"source":11,"target":14,"value":52,"fill":"#8DD3C7","supply":[{"label":"00 hrs","value":2},{"label":"01 hrs","value":2},{"label":"02 hrs","value":1},{"label":"03 hrs","value":0},{"label":"04 hrs","value":1},{"label":"05 hrs","value":1},{"label":"06 hrs","value":0},{"label":"07 hrs","value":2},{"label":"08 hrs","value":3},{"label":"09 hrs","value":2},{"label":"10 hrs","value":1},{"label":"11 hrs","value":6},{"label":"12 hrs","value":2},{"label":"13 hrs","value":4},{"label":"14 hrs","value":2},{"label":"15 hrs","value":4},{"label":"16 hrs","value":4},{"label":"17 hrs","value":1},{"label":"18 hrs","value":1},{"label":"19 hrs","value":2},{"label":"20 hrs","value":1},{"label":"21 hrs","value":3},{"label":"22 hrs","value":5},{"label":"23 hrs","value":2}]},{"source":11,"target":15,"value":496,"fill":"#BEBADA","supply":[{"label":"00 hrs","value":19},{"label":"01 hrs","value":13},{"label":"02 hrs","value":11},{"label":"03 hrs","value":9},{"label":"04 hrs","value":8},{"label":"05 hrs","value":11},{"label":"06 hrs","value":11},{"label":"07 hrs","value":9},{"label":"08 hrs","value":24},{"label":"09 hrs","value":33},{"label":"10 hrs","value":21},{"label":"11 hrs","value":26},{"label":"12 hrs","value":33},{"label":"13 hrs","value":40},{"label":"14 hrs","value":12},{"label":"15 hrs","value":25},{"label":"16 hrs","value":32},{"label":"17 hrs","value":21},{"label":"18 hrs","value":32},{"label":"19 hrs","value":27},{"label":"20 hrs","value":20},{"label":"21 hrs","value":29},{"label":"22 hrs","value":17},{"label":"23 hrs","value":13}]},{"source":11,"target":15,"value":19,"fill":"#FCC5C0","supply":[{"label":"00 hrs","value":2},{"label":"01 hrs","value":0},{"label":"02 hrs","value":0},{"label":"03 hrs","value":0},{"label":"04 hrs","value":1},{"label":"05 hrs","value":0},{"label":"06 hrs","value":0},{"label":"07 hrs","value":0},{"label":"08 hrs","value":1},{"label":"09 hrs","value":1},{"label":"10 hrs","value":1},{"label":"11 hrs","value":3},{"label":"12 hrs","value":2},{"label":"13 hrs","value":0},{"label":"14 hrs","value":1},{"label":"15 hrs","value":1},{"label":"16 hrs","value":1},{"label":"17 hrs","value":1},{"label":"18 hrs","value":0},{"label":"19 hrs","value":2},{"label":"20 hrs","value":1},{"label":"21 hrs","value":1},{"label":"22 hrs","value":0},{"label":"23 hrs","value":0}]},{"source":11,"target":15,"value":14,"fill":"#8DD3C7","supply":[{"label":"00 hrs","value":0},{"label":"01 hrs","value":0},{"label":"02 hrs","value":1},{"label":"03 hrs","value":0},{"label":"04 hrs","value":1},{"label":"05 hrs","value":0},{"label":"06 hrs","value":1},{"label":"07 hrs","value":0},{"label":"08 hrs","value":0},{"label":"09 hrs","value":0},{"label":"10 hrs","value":1},{"label":"11 hrs","value":1},{"label":"12 hrs","value":1},{"label":"13 hrs","value":1},{"label":"14 hrs","value":1},{"label":"15 hrs","value":2},{"label":"16 hrs","value":0},{"label":"17 hrs","value":0},{"label":"18 hrs","value":2},{"label":"19 hrs","value":0},{"label":"20 hrs","value":0},{"label":"21 hrs","value":0},{"label":"22 hrs","value":0},{"label":"23 hrs","value":2}]},{"source":12,"target":13,"value":5,"fill":"#BEBADA","supply":[{"label":"00 hrs","value":0},{"label":"01 hrs","value":0},{"label":"02 hrs","value":0},{"label":"03 hrs","value":0},{"label":"04 hrs","value":0},{"label":"05 hrs","value":0},{"label":"06 hrs","value":0},{"label":"07 hrs","value":0},{"label":"08 hrs","value":0},{"label":"09 hrs","value":0},{"label":"10 hrs","value":0},{"label":"11 hrs","value":0},{"label":"12 hrs","value":0},{"label":"13 hrs","value":0},{"label":"14 hrs","value":0},{"label":"15 hrs","value":0},{"label":"16 hrs","value":0},{"label":"17 hrs","value":1},{"label":"18 hrs","value":1},{"label":"19 hrs","value":0},{"label":"20 hrs","value":1},{"label":"21 hrs","value":1},{"label":"22 hrs","value":1},{"label":"23 hrs","value":0}]},{"source":12,"target":13,"value":1,"fill":"#FCC5C0","supply":[{"label":"00 hrs","value":0},{"label":"01 hrs","value":0},{"label":"02 hrs","value":0},{"label":"03 hrs","value":0},{"label":"04 hrs","value":0},{"label":"05 hrs","value":0},{"label":"06 hrs","value":0},{"label":"07 hrs","value":0},{"label":"08 hrs","value":0},{"label":"09 hrs","value":0},{"label":"10 hrs","value":0},{"label":"11 hrs","value":0},{"label":"12 hrs","value":0},{"label":"13 hrs","value":1},{"label":"14 hrs","value":0},{"label":"15 hrs","value":0},{"label":"16 hrs","value":0},{"label":"17 hrs","value":0},{"label":"18 hrs","value":0},{"label":"19 hrs","value":0},{"label":"20 hrs","value":0},{"label":"21 hrs","value":0},{"label":"22 hrs","value":0},{"label":"23 hrs","value":0}]},{"source":12,"target":13,"value":4,"fill":"#8DD3C7","supply":[{"label":"00 hrs","value":0},{"label":"01 hrs","value":0},{"label":"02 hrs","value":0},{"label":"03 hrs","value":0},{"label":"04 hrs","value":0},{"label":"05 hrs","value":0},{"label":"06 hrs","value":0},{"label":"07 hrs","value":0},{"label":"08 hrs","value":0},{"label":"09 hrs","value":0},{"label":"10 hrs","value":0},{"label":"11 hrs","value":0},{"label":"12 hrs","value":0},{"label":"13 hrs","value":3},{"label":"14 hrs","value":0},{"label":"15 hrs","value":0},{"label":"16 hrs","value":0},{"label":"17 hrs","value":0},{"label":"18 hrs","value":1},{"label":"19 hrs","value":0},{"label":"20 hrs","value":0},{"label":"21 hrs","value":0},{"label":"22 hrs","value":0},{"label":"23 hrs","value":0}]},{"source":12,"target":14,"value":8,"fill":"#BEBADA","supply":[{"label":"00 hrs","value":1},{"label":"01 hrs","value":0},{"label":"02 hrs","value":3},{"label":"03 hrs","value":0},{"label":"04 hrs","value":0},{"label":"05 hrs","value":0},{"label":"06 hrs","value":0},{"label":"07 hrs","value":0},{"label":"08 hrs","value":0},{"label":"09 hrs","value":0},{"label":"10 hrs","value":0},{"label":"11 hrs","value":0},{"label":"12 hrs","value":0},{"label":"13 hrs","value":0},{"label":"14 hrs","value":0},{"label":"15 hrs","value":0},{"label":"16 hrs","value":1},{"label":"17 hrs","value":0},{"label":"18 hrs","value":0},{"label":"19 hrs","value":2},{"label":"20 hrs","value":0},{"label":"21 hrs","value":0},{"label":"22 hrs","value":0},{"label":"23 hrs","value":1}]},{"source":12,"target":14,"value":1,"fill":"#FCC5C0","supply":[{"label":"00 hrs","value":0},{"label":"01 hrs","value":1},{"label":"02 hrs","value":0},{"label":"03 hrs","value":0},{"label":"04 hrs","value":0},{"label":"05 hrs","value":0},{"label":"06 hrs","value":0},{"label":"07 hrs","value":0},{"label":"08 hrs","value":0},{"label":"09 hrs","value":0},{"label":"10 hrs","value":0},{"label":"11 hrs","value":0},{"label":"12 hrs","value":0},{"label":"13 hrs","value":0},{"label":"14 hrs","value":0},{"label":"15 hrs","value":0},{"label":"16 hrs","value":0},{"label":"17 hrs","value":0},{"label":"18 hrs","value":0},{"label":"19 hrs","value":0},{"label":"20 hrs","value":0},{"label":"21 hrs","value":0},{"label":"22 hrs","value":0},{"label":"23 hrs","value":0}]},{"source":12,"target":15,"value":5,"fill":"#BEBADA","supply":[{"label":"00 hrs","value":0},{"label":"01 hrs","value":0},{"label":"02 hrs","value":0},{"label":"03 hrs","value":0},{"label":"04 hrs","value":0},{"label":"05 hrs","value":0},{"label":"06 hrs","value":0},{"label":"07 hrs","value":0},{"label":"08 hrs","value":0},{"label":"09 hrs","value":0},{"label":"10 hrs","value":0},{"label":"11 hrs","value":0},{"label":"12 hrs","value":0},{"label":"13 hrs","value":1},{"label":"14 hrs","value":2},{"label":"15 hrs","value":0},{"label":"16 hrs","value":0},{"label":"17 hrs","value":1},{"label":"18 hrs","value":1},{"label":"19 hrs","value":0},{"label":"20 hrs","value":0},{"label":"21 hrs","value":0},{"label":"22 hrs","value":0},{"label":"23 hrs","value":0}]},{"source":13,"target":18,"value":3,"fill":"#BEBADA","supply":[{"label":"00 hrs","value":0},{"label":"01 hrs","value":0},{"label":"02 hrs","value":0},{"label":"03 hrs","value":0},{"label":"04 hrs","value":0},{"label":"05 hrs","value":0},{"label":"06 hrs","value":0},{"label":"07 hrs","value":0},{"label":"08 hrs","value":0},{"label":"09 hrs","value":0},{"label":"10 hrs","value":0},{"label":"11 hrs","value":1},{"label":"12 hrs","value":1},{"label":"13 hrs","value":0},{"label":"14 hrs","value":1},{"label":"15 hrs","value":0},{"label":"16 hrs","value":0},{"label":"17 hrs","value":0},{"label":"18 hrs","value":0},{"label":"19 hrs","value":0},{"label":"20 hrs","value":0},{"label":"21 hrs","value":0},{"label":"22 hrs","value":0},{"label":"23 hrs","value":0}]},{"source":14,"target":18,"value":14,"fill":"#BEBADA","supply":[{"label":"00 hrs","value":0},{"label":"01 hrs","value":0},{"label":"02 hrs","value":0},{"label":"03 hrs","value":0},{"label":"04 hrs","value":0},{"label":"05 hrs","value":0},{"label":"06 hrs","value":1},{"label":"07 hrs","value":0},{"label":"08 hrs","value":2},{"label":"09 hrs","value":1},{"label":"10 hrs","value":2},{"label":"11 hrs","value":1},{"label":"12 hrs","value":1},{"label":"13 hrs","value":1},{"label":"14 hrs","value":0},{"label":"15 hrs","value":0},{"label":"16 hrs","value":0},{"label":"17 hrs","value":0},{"label":"18 hrs","value":1},{"label":"19 hrs","value":2},{"label":"20 hrs","value":0},{"label":"21 hrs","value":0},{"label":"22 hrs","value":2},{"label":"23 hrs","value":0}]},{"source":15,"target":18,"value":9,"fill":"#BEBADA","supply":[{"label":"00 hrs","value":0},{"label":"01 hrs","value":0},{"label":"02 hrs","value":0},{"label":"03 hrs","value":0},{"label":"04 hrs","value":0},{"label":"05 hrs","value":0},{"label":"06 hrs","value":0},{"label":"07 hrs","value":0},{"label":"08 hrs","value":0},{"label":"09 hrs","value":1},{"label":"10 hrs","value":1},{"label":"11 hrs","value":1},{"label":"12 hrs","value":0},{"label":"13 hrs","value":1},{"label":"14 hrs","value":0},{"label":"15 hrs","value":1},{"label":"16 hrs","value":0},{"label":"17 hrs","value":3},{"label":"18 hrs","value":1},{"label":"19 hrs","value":0},{"label":"20 hrs","value":0},{"label":"21 hrs","value":0},{"label":"22 hrs","value":0},{"label":"23 hrs","value":0}]},{"source":13,"target":21,"value":62,"fill":"#BEBADA","supply":[{"label":"00 hrs","value":0},{"label":"01 hrs","value":1},{"label":"02 hrs","value":0},{"label":"03 hrs","value":0},{"label":"04 hrs","value":0},{"label":"05 hrs","value":0},{"label":"06 hrs","value":0},{"label":"07 hrs","value":1},{"label":"08 hrs","value":1},{"label":"09 hrs","value":3},{"label":"10 hrs","value":4},{"label":"11 hrs","value":7},{"label":"12 hrs","value":7},{"label":"13 hrs","value":2},{"label":"14 hrs","value":2},{"label":"15 hrs","value":5},{"label":"16 hrs","value":2},{"label":"17 hrs","value":0},{"label":"18 hrs","value":7},{"label":"19 hrs","value":3},{"label":"20 hrs","value":3},{"label":"21 hrs","value":6},{"label":"22 hrs","value":5},{"label":"23 hrs","value":3}]},{"source":13,"target":21,"value":1,"fill":"#FCC5C0","supply":[{"label":"00 hrs","value":0},{"label":"01 hrs","value":0},{"label":"02 hrs","value":0},{"label":"03 hrs","value":0},{"label":"04 hrs","value":0},{"label":"05 hrs","value":0},{"label":"06 hrs","value":0},{"label":"07 hrs","value":0},{"label":"08 hrs","value":0},{"label":"09 hrs","value":0},{"label":"10 hrs","value":0},{"label":"11 hrs","value":0},{"label":"12 hrs","value":0},{"label":"13 hrs","value":0},{"label":"14 hrs","value":0},{"label":"15 hrs","value":0},{"label":"16 hrs","value":0},{"label":"17 hrs","value":1},{"label":"18 hrs","value":0},{"label":"19 hrs","value":0},{"label":"20 hrs","value":0},{"label":"21 hrs","value":0},{"label":"22 hrs","value":0},{"label":"23 hrs","value":0}]},{"source":14,"target":21,"value":55,"fill":"#BEBADA","supply":[{"label":"00 hrs","value":2},{"label":"01 hrs","value":2},{"label":"02 hrs","value":2},{"label":"03 hrs","value":0},{"label":"04 hrs","value":0},{"label":"05 hrs","value":0},{"label":"06 hrs","value":0},{"label":"07 hrs","value":1},{"label":"08 hrs","value":0},{"label":"09 hrs","value":3},{"label":"10 hrs","value":3},{"label":"11 hrs","value":3},{"label":"12 hrs","value":4},{"label":"13 hrs","value":4},{"label":"14 hrs","value":3},{"label":"15 hrs","value":5},{"label":"16 hrs","value":2},{"label":"17 hrs","value":2},{"label":"18 hrs","value":3},{"label":"19 hrs","value":3},{"label":"20 hrs","value":2},{"label":"21 hrs","value":3},{"label":"22 hrs","value":6},{"label":"23 hrs","value":2}]},{"source":14,"target":21,"value":5,"fill":"#FCC5C0","supply":[{"label":"00 hrs","value":0},{"label":"01 hrs","value":0},{"label":"02 hrs","value":0},{"label":"03 hrs","value":0},{"label":"04 hrs","value":0},{"label":"05 hrs","value":0},{"label":"06 hrs","value":0},{"label":"07 hrs","value":0},{"label":"08 hrs","value":0},{"label":"09 hrs","value":0},{"label":"10 hrs","value":0},{"label":"11 hrs","value":0},{"label":"12 hrs","value":1},{"label":"13 hrs","value":1},{"label":"14 hrs","value":0},{"label":"15 hrs","value":0},{"label":"16 hrs","value":0},{"label":"17 hrs","value":0},{"label":"18 hrs","value":0},{"label":"19 hrs","value":2},{"label":"20 hrs","value":1},{"label":"21 hrs","value":0},{"label":"22 hrs","value":0},{"label":"23 hrs","value":0}]},{"source":14,"target":21,"value":9,"fill":"#8DD3C7","supply":[{"label":"00 hrs","value":0},{"label":"01 hrs","value":0},{"label":"02 hrs","value":0},{"label":"03 hrs","value":0},{"label":"04 hrs","value":0},{"label":"05 hrs","value":0},{"label":"06 hrs","value":0},{"label":"07 hrs","value":0},{"label":"08 hrs","value":0},{"label":"09 hrs","value":0},{"label":"10 hrs","value":0},{"label":"11 hrs","value":0},{"label":"12 hrs","value":0},{"label":"13 hrs","value":2},{"label":"14 hrs","value":1},{"label":"15 hrs","value":1},{"label":"16 hrs","value":1},{"label":"17 hrs","value":0},{"label":"18 hrs","value":1},{"label":"19 hrs","value":0},{"label":"20 hrs","value":1},{"label":"21 hrs","value":0},{"label":"22 hrs","value":1},{"label":"23 hrs","value":1}]},{"source":15,"target":21,"value":87,"fill":"#BEBADA","supply":[{"label":"00 hrs","value":0},{"label":"01 hrs","value":0},{"label":"02 hrs","value":3},{"label":"03 hrs","value":0},{"label":"04 hrs","value":0},{"label":"05 hrs","value":6},{"label":"06 hrs","value":1},{"label":"07 hrs","value":2},{"label":"08 hrs","value":1},{"label":"09 hrs","value":6},{"label":"10 hrs","value":8},{"label":"11 hrs","value":3},{"label":"12 hrs","value":11},{"label":"13 hrs","value":6},{"label":"14 hrs","value":2},{"label":"15 hrs","value":2},{"label":"16 hrs","value":5},{"label":"17 hrs","value":2},{"label":"18 hrs","value":10},{"label":"19 hrs","value":4},{"label":"20 hrs","value":5},{"label":"21 hrs","value":5},{"label":"22 hrs","value":2},{"label":"23 hrs","value":3}]},{"source":13,"target":22,"value":115,"fill":"#BEBADA","supply":[{"label":"00 hrs","value":2},{"label":"01 hrs","value":0},{"label":"02 hrs","value":3},{"label":"03 hrs","value":3},{"label":"04 hrs","value":1},{"label":"05 hrs","value":2},{"label":"06 hrs","value":4},{"label":"07 hrs","value":4},{"label":"08 hrs","value":6},{"label":"09 hrs","value":6},{"label":"10 hrs","value":7},{"label":"11 hrs","value":6},{"label":"12 hrs","value":7},{"label":"13 hrs","value":6},{"label":"14 hrs","value":9},{"label":"15 hrs","value":2},{"label":"16 hrs","value":6},{"label":"17 hrs","value":4},{"label":"18 hrs","value":8},{"label":"19 hrs","value":12},{"label":"20 hrs","value":7},{"label":"21 hrs","value":4},{"label":"22 hrs","value":3},{"label":"23 hrs","value":3}]},{"source":13,"target":22,"value":1,"fill":"#8DD3C7","supply":[{"label":"00 hrs","value":0},{"label":"01 hrs","value":0},{"label":"02 hrs","value":0},{"label":"03 hrs","value":0},{"label":"04 hrs","value":0},{"label":"05 hrs","value":0},{"label":"06 hrs","value":0},{"label":"07 hrs","value":0},{"label":"08 hrs","value":0},{"label":"09 hrs","value":0},{"label":"10 hrs","value":0},{"label":"11 hrs","value":0},{"label":"12 hrs","value":0},{"label":"13 hrs","value":0},{"label":"14 hrs","value":1},{"label":"15 hrs","value":0},{"label":"16 hrs","value":0},{"label":"17 hrs","value":0},{"label":"18 hrs","value":0},{"label":"19 hrs","value":0},{"label":"20 hrs","value":0},{"label":"21 hrs","value":0},{"label":"22 hrs","value":0},{"label":"23 hrs","value":0}]},{"source":14,"target":22,"value":98,"fill":"#BEBADA","supply":[{"label":"00 hrs","value":4},{"label":"01 hrs","value":2},{"label":"02 hrs","value":5},{"label":"03 hrs","value":10},{"label":"04 hrs","value":4},{"label":"05 hrs","value":3},{"label":"06 hrs","value":2},{"label":"07 hrs","value":3},{"label":"08 hrs","value":1},{"label":"09 hrs","value":5},{"label":"10 hrs","value":5},{"label":"11 hrs","value":5},{"label":"12 hrs","value":5},{"label":"13 hrs","value":7},{"label":"14 hrs","value":3},{"label":"15 hrs","value":3},{"label":"16 hrs","value":1},{"label":"17 hrs","value":2},{"label":"18 hrs","value":2},{"label":"19 hrs","value":1},{"label":"20 hrs","value":5},{"label":"21 hrs","value":5},{"label":"22 hrs","value":10},{"label":"23 hrs","value":5}]},{"source":14,"target":22,"value":2,"fill":"#FCC5C0","supply":[{"label":"00 hrs","value":1},{"label":"01 hrs","value":0},{"label":"02 hrs","value":0},{"label":"03 hrs","value":0},{"label":"04 hrs","value":0},{"label":"05 hrs","value":0},{"label":"06 hrs","value":0},{"label":"07 hrs","value":0},{"label":"08 hrs","value":0},{"label":"09 hrs","value":0},{"label":"10 hrs","value":0},{"label":"11 hrs","value":1},{"label":"12 hrs","value":0},{"label":"13 hrs","value":0},{"label":"14 hrs","value":0},{"label":"15 hrs","value":0},{"label":"16 hrs","value":0},{"label":"17 hrs","value":0},{"label":"18 hrs","value":0},{"label":"19 hrs","value":0},{"label":"20 hrs","value":0},{"label":"21 hrs","value":0},{"label":"22 hrs","value":0},{"label":"23 hrs","value":0}]},{"source":14,"target":22,"value":6,"fill":"#8DD3C7","supply":[{"label":"00 hrs","value":0},{"label":"01 hrs","value":0},{"label":"02 hrs","value":0},{"label":"03 hrs","value":0},{"label":"04 hrs","value":0},{"label":"05 hrs","value":0},{"label":"06 hrs","value":0},{"label":"07 hrs","value":0},{"label":"08 hrs","value":0},{"label":"09 hrs","value":1},{"label":"10 hrs","value":0},{"label":"11 hrs","value":2},{"label":"12 hrs","value":0},{"label":"13 hrs","value":1},{"label":"14 hrs","value":0},{"label":"15 hrs","value":0},{"label":"16 hrs","value":0},{"label":"17 hrs","value":0},{"label":"18 hrs","value":0},{"label":"19 hrs","value":1},{"label":"20 hrs","value":0},{"label":"21 hrs","value":0},{"label":"22 hrs","value":0},{"label":"23 hrs","value":1}]},{"source":15,"target":22,"value":86,"fill":"#BEBADA","supply":[{"label":"00 hrs","value":6},{"label":"01 hrs","value":3},{"label":"02 hrs","value":7},{"label":"03 hrs","value":5},{"label":"04 hrs","value":0},{"label":"05 hrs","value":1},{"label":"06 hrs","value":2},{"label":"07 hrs","value":3},{"label":"08 hrs","value":4},{"label":"09 hrs","value":2},{"label":"10 hrs","value":2},{"label":"11 hrs","value":2},{"label":"12 hrs","value":4},{"label":"13 hrs","value":6},{"label":"14 hrs","value":4},{"label":"15 hrs","value":7},{"label":"16 hrs","value":5},{"label":"17 hrs","value":4},{"label":"18 hrs","value":3},{"label":"19 hrs","value":3},{"label":"20 hrs","value":2},{"label":"21 hrs","value":3},{"label":"22 hrs","value":4},{"label":"23 hrs","value":4}]},{"source":15,"target":22,"value":9,"fill":"#FCC5C0","supply":[{"label":"00 hrs","value":1},{"label":"01 hrs","value":0},{"label":"02 hrs","value":0},{"label":"03 hrs","value":0},{"label":"04 hrs","value":1},{"label":"05 hrs","value":0},{"label":"06 hrs","value":0},{"label":"07 hrs","value":0},{"label":"08 hrs","value":1},{"label":"09 hrs","value":1},{"label":"10 hrs","value":0},{"label":"11 hrs","value":2},{"label":"12 hrs","value":0},{"label":"13 hrs","value":0},{"label":"14 hrs","value":0},{"label":"15 hrs","value":1},{"label":"16 hrs","value":0},{"label":"17 hrs","value":1},{"label":"18 hrs","value":0},{"label":"19 hrs","value":1},{"label":"20 hrs","value":0},{"label":"21 hrs","value":0},{"label":"22 hrs","value":0},{"label":"23 hrs","value":0}]},{"source":15,"target":22,"value":9,"fill":"#8DD3C7","supply":[{"label":"00 hrs","value":0},{"label":"01 hrs","value":0},{"label":"02 hrs","value":1},{"label":"03 hrs","value":0},{"label":"04 hrs","value":1},{"label":"05 hrs","value":0},{"label":"06 hrs","value":1},{"label":"07 hrs","value":0},{"label":"08 hrs","value":0},{"label":"09 hrs","value":0},{"label":"10 hrs","value":0},{"label":"11 hrs","value":1},{"label":"12 hrs","value":1},{"label":"13 hrs","value":1},{"label":"14 hrs","value":0},{"label":"15 hrs","value":1},{"label":"16 hrs","value":0},{"label":"17 hrs","value":0},{"label":"18 hrs","value":2},{"label":"19 hrs","value":0},{"label":"20 hrs","value":0},{"label":"21 hrs","value":0},{"label":"22 hrs","value":0},{"label":"23 hrs","value":0}]},{"source":13,"target":23,"value":2,"fill":"#BEBADA","supply":[{"label":"00 hrs","value":0},{"label":"01 hrs","value":0},{"label":"02 hrs","value":0},{"label":"03 hrs","value":0},{"label":"04 hrs","value":0},{"label":"05 hrs","value":1},{"label":"06 hrs","value":0},{"label":"07 hrs","value":0},{"label":"08 hrs","value":0},{"label":"09 hrs","value":0},{"label":"10 hrs","value":1},{"label":"11 hrs","value":0},{"label":"12 hrs","value":0},{"label":"13 hrs","value":0},{"label":"14 hrs","value":0},{"label":"15 hrs","value":0},{"label":"16 hrs","value":0},{"label":"17 hrs","value":0},{"label":"18 hrs","value":0},{"label":"19 hrs","value":0},{"label":"20 hrs","value":0},{"label":"21 hrs","value":0},{"label":"22 hrs","value":0},{"label":"23 hrs","value":0}]},{"source":15,"target":23,"value":2,"fill":"#BEBADA","supply":[{"label":"00 hrs","value":0},{"label":"01 hrs","value":0},{"label":"02 hrs","value":0},{"label":"03 hrs","value":0},{"label":"04 hrs","value":0},{"label":"05 hrs","value":0},{"label":"06 hrs","value":0},{"label":"07 hrs","value":0},{"label":"08 hrs","value":0},{"label":"09 hrs","value":0},{"label":"10 hrs","value":0},{"label":"11 hrs","value":0},{"label":"12 hrs","value":0},{"label":"13 hrs","value":0},{"label":"14 hrs","value":0},{"label":"15 hrs","value":1},{"label":"16 hrs","value":1},{"label":"17 hrs","value":0},{"label":"18 hrs","value":0},{"label":"19 hrs","value":0},{"label":"20 hrs","value":0},{"label":"21 hrs","value":0},{"label":"22 hrs","value":0},{"label":"23 hrs","value":0}]},{"source":13,"target":25,"value":13,"fill":"#BEBADA","supply":[{"label":"00 hrs","value":0},{"label":"01 hrs","value":0},{"label":"02 hrs","value":1},{"label":"03 hrs","value":0},{"label":"04 hrs","value":0},{"label":"05 hrs","value":0},{"label":"06 hrs","value":1},{"label":"07 hrs","value":1},{"label":"08 hrs","value":0},{"label":"09 hrs","value":0},{"label":"10 hrs","value":1},{"label":"11 hrs","value":3},{"label":"12 hrs","value":0},{"label":"13 hrs","value":2},{"label":"14 hrs","value":1},{"label":"15 hrs","value":0},{"label":"16 hrs","value":0},{"label":"17 hrs","value":0},{"label":"18 hrs","value":0},{"label":"19 hrs","value":1},{"label":"20 hrs","value":1},{"label":"21 hrs","value":0},{"label":"22 hrs","value":1},{"label":"23 hrs","value":0}]},{"source":14,"target":25,"value":33,"fill":"#BEBADA","supply":[{"label":"00 hrs","value":0},{"label":"01 hrs","value":0},{"label":"02 hrs","value":1},{"label":"03 hrs","value":0},{"label":"04 hrs","value":1},{"label":"05 hrs","value":1},{"label":"06 hrs","value":1},{"label":"07 hrs","value":1},{"label":"08 hrs","value":2},{"label":"09 hrs","value":3},{"label":"10 hrs","value":3},{"label":"11 hrs","value":5},{"label":"12 hrs","value":1},{"label":"13 hrs","value":2},{"label":"14 hrs","value":3},{"label":"15 hrs","value":1},{"label":"16 hrs","value":0},{"label":"17 hrs","value":2},{"label":"18 hrs","value":2},{"label":"19 hrs","value":1},{"label":"20 hrs","value":0},{"label":"21 hrs","value":2},{"label":"22 hrs","value":1},{"label":"23 hrs","value":0}]},{"source":14,"target":25,"value":8,"fill":"#FCC5C0","supply":[{"label":"00 hrs","value":0},{"label":"01 hrs","value":1},{"label":"02 hrs","value":1},{"label":"03 hrs","value":0},{"label":"04 hrs","value":0},{"label":"05 hrs","value":0},{"label":"06 hrs","value":0},{"label":"07 hrs","value":1},{"label":"08 hrs","value":0},{"label":"09 hrs","value":0},{"label":"10 hrs","value":1},{"label":"11 hrs","value":1},{"label":"12 hrs","value":1},{"label":"13 hrs","value":0},{"label":"14 hrs","value":0},{"label":"15 hrs","value":1},{"label":"16 hrs","value":0},{"label":"17 hrs","value":0},{"label":"18 hrs","value":0},{"label":"19 hrs","value":0},{"label":"20 hrs","value":1},{"label":"21 hrs","value":0},{"label":"22 hrs","value":0},{"label":"23 hrs","value":0}]},{"source":14,"target":25,"value":9,"fill":"#8DD3C7","supply":[{"label":"00 hrs","value":0},{"label":"01 hrs","value":0},{"label":"02 hrs","value":0},{"label":"03 hrs","value":0},{"label":"04 hrs","value":0},{"label":"05 hrs","value":0},{"label":"06 hrs","value":0},{"label":"07 hrs","value":1},{"label":"08 hrs","value":0},{"label":"09 hrs","value":0},{"label":"10 hrs","value":1},{"label":"11 hrs","value":1},{"label":"12 hrs","value":0},{"label":"13 hrs","value":0},{"label":"14 hrs","value":0},{"label":"15 hrs","value":2},{"label":"16 hrs","value":0},{"label":"17 hrs","value":1},{"label":"18 hrs","value":0},{"label":"19 hrs","value":0},{"label":"20 hrs","value":1},{"label":"21 hrs","value":0},{"label":"22 hrs","value":2},{"label":"23 hrs","value":0}]},{"source":15,"target":25,"value":42,"fill":"#BEBADA","supply":[{"label":"00 hrs","value":2},{"label":"01 hrs","value":0},{"label":"02 hrs","value":0},{"label":"03 hrs","value":0},{"label":"04 hrs","value":1},{"label":"05 hrs","value":0},{"label":"06 hrs","value":0},{"label":"07 hrs","value":1},{"label":"08 hrs","value":7},{"label":"09 hrs","value":5},{"label":"10 hrs","value":2},{"label":"11 hrs","value":5},{"label":"12 hrs","value":3},{"label":"13 hrs","value":2},{"label":"14 hrs","value":0},{"label":"15 hrs","value":2},{"label":"16 hrs","value":1},{"label":"17 hrs","value":0},{"label":"18 hrs","value":3},{"label":"19 hrs","value":1},{"label":"20 hrs","value":1},{"label":"21 hrs","value":4},{"label":"22 hrs","value":2},{"label":"23 hrs","value":0}]},{"source":15,"target":25,"value":1,"fill":"#FCC5C0","supply":[{"label":"00 hrs","value":0},{"label":"01 hrs","value":0},{"label":"02 hrs","value":0},{"label":"03 hrs","value":0},{"label":"04 hrs","value":0},{"label":"05 hrs","value":0},{"label":"06 hrs","value":0},{"label":"07 hrs","value":0},{"label":"08 hrs","value":0},{"label":"09 hrs","value":0},{"label":"10 hrs","value":0},{"label":"11 hrs","value":1},{"label":"12 hrs","value":0},{"label":"13 hrs","value":0},{"label":"14 hrs","value":0},{"label":"15 hrs","value":0},{"label":"16 hrs","value":0},{"label":"17 hrs","value":0},{"label":"18 hrs","value":0},{"label":"19 hrs","value":0},{"label":"20 hrs","value":0},{"label":"21 hrs","value":0},{"label":"22 hrs","value":0},{"label":"23 hrs","value":0}]},{"source":14,"target":17,"value":2,"fill":"#BEBADA","supply":[{"label":"00 hrs","value":1},{"label":"01 hrs","value":0},{"label":"02 hrs","value":0},{"label":"03 hrs","value":0},{"label":"04 hrs","value":0},{"label":"05 hrs","value":0},{"label":"06 hrs","value":0},{"label":"07 hrs","value":0},{"label":"08 hrs","value":0},{"label":"09 hrs","value":0},{"label":"10 hrs","value":0},{"label":"11 hrs","value":1},{"label":"12 hrs","value":0},{"label":"13 hrs","value":0},{"label":"14 hrs","value":0},{"label":"15 hrs","value":0},{"label":"16 hrs","value":0},{"label":"17 hrs","value":0},{"label":"18 hrs","value":0},{"label":"19 hrs","value":0},{"label":"20 hrs","value":0},{"label":"21 hrs","value":0},{"label":"22 hrs","value":0},{"label":"23 hrs","value":0}]},{"source":14,"target":19,"value":2,"fill":"#BEBADA","supply":[{"label":"00 hrs","value":0},{"label":"01 hrs","value":0},{"label":"02 hrs","value":0},{"label":"03 hrs","value":0},{"label":"04 hrs","value":0},{"label":"05 hrs","value":0},{"label":"06 hrs","value":0},{"label":"07 hrs","value":0},{"label":"08 hrs","value":0},{"label":"09 hrs","value":0},{"label":"10 hrs","value":0},{"label":"11 hrs","value":0},{"label":"12 hrs","value":0},{"label":"13 hrs","value":0},{"label":"14 hrs","value":0},{"label":"15 hrs","value":1},{"label":"16 hrs","value":0},{"label":"17 hrs","value":1},{"label":"18 hrs","value":0},{"label":"19 hrs","value":0},{"label":"20 hrs","value":0},{"label":"21 hrs","value":0},{"label":"22 hrs","value":0},{"label":"23 hrs","value":0}]},{"source":14,"target":19,"value":1,"fill":"#FCC5C0","supply":[{"label":"00 hrs","value":0},{"label":"01 hrs","value":0},{"label":"02 hrs","value":0},{"label":"03 hrs","value":0},{"label":"04 hrs","value":0},{"label":"05 hrs","value":0},{"label":"06 hrs","value":0},{"label":"07 hrs","value":0},{"label":"08 hrs","value":0},{"label":"09 hrs","value":0},{"label":"10 hrs","value":0},{"label":"11 hrs","value":0},{"label":"12 hrs","value":0},{"label":"13 hrs","value":0},{"label":"14 hrs","value":0},{"label":"15 hrs","value":0},{"label":"16 hrs","value":1},{"label":"17 hrs","value":0},{"label":"18 hrs","value":0},{"label":"19 hrs","value":0},{"label":"20 hrs","value":0},{"label":"21 hrs","value":0},{"label":"22 hrs","value":0},{"label":"23 hrs","value":0}]},{"source":15,"target":19,"value":3,"fill":"#BEBADA","supply":[{"label":"00 hrs","value":0},{"label":"01 hrs","value":0},{"label":"02 hrs","value":0},{"label":"03 hrs","value":0},{"label":"04 hrs","value":0},{"label":"05 hrs","value":0},{"label":"06 hrs","value":0},{"label":"07 hrs","value":0},{"label":"08 hrs","value":0},{"label":"09 hrs","value":0},{"label":"10 hrs","value":0},{"label":"11 hrs","value":0},{"label":"12 hrs","value":0},{"label":"13 hrs","value":0},{"label":"14 hrs","value":0},{"label":"15 hrs","value":0},{"label":"16 hrs","value":0},{"label":"17 hrs","value":0},{"label":"18 hrs","value":1},{"label":"19 hrs","value":1},{"label":"20 hrs","value":1},{"label":"21 hrs","value":0},{"label":"22 hrs","value":0},{"label":"23 hrs","value":0}]},{"source":13,"target":20,"value":18,"fill":"#BEBADA","supply":[{"label":"00 hrs","value":0},{"label":"01 hrs","value":0},{"label":"02 hrs","value":0},{"label":"03 hrs","value":0},{"label":"04 hrs","value":0},{"label":"05 hrs","value":0},{"label":"06 hrs","value":0},{"label":"07 hrs","value":1},{"label":"08 hrs","value":2},{"label":"09 hrs","value":1},{"label":"10 hrs","value":1},{"label":"11 hrs","value":0},{"label":"12 hrs","value":0},{"label":"13 hrs","value":0},{"label":"14 hrs","value":1},{"label":"15 hrs","value":4},{"label":"16 hrs","value":2},{"label":"17 hrs","value":1},{"label":"18 hrs","value":2},{"label":"19 hrs","value":1},{"label":"20 hrs","value":0},{"label":"21 hrs","value":1},{"label":"22 hrs","value":1},{"label":"23 hrs","value":0}]},{"source":14,"target":20,"value":36,"fill":"#BEBADA","supply":[{"label":"00 hrs","value":1},{"label":"01 hrs","value":1},{"label":"02 hrs","value":1},{"label":"03 hrs","value":1},{"label":"04 hrs","value":1},{"label":"05 hrs","value":0},{"label":"06 hrs","value":1},{"label":"07 hrs","value":1},{"label":"08 hrs","value":1},{"label":"09 hrs","value":2},{"label":"10 hrs","value":1},{"label":"11 hrs","value":1},{"label":"12 hrs","value":1},{"label":"13 hrs","value":0},{"label":"14 hrs","value":0},{"label":"15 hrs","value":4},{"label":"16 hrs","value":3},{"label":"17 hrs","value":2},{"label":"18 hrs","value":2},{"label":"19 hrs","value":1},{"label":"20 hrs","value":3},{"label":"21 hrs","value":3},{"label":"22 hrs","value":1},{"label":"23 hrs","value":4}]},{"source":14,"target":20,"value":1,"fill":"#FCC5C0","supply":[{"label":"00 hrs","value":0},{"label":"01 hrs","value":0},{"label":"02 hrs","value":0},{"label":"03 hrs","value":0},{"label":"04 hrs","value":0},{"label":"05 hrs","value":0},{"label":"06 hrs","value":0},{"label":"07 hrs","value":0},{"label":"08 hrs","value":0},{"label":"09 hrs","value":0},{"label":"10 hrs","value":0},{"label":"11 hrs","value":0},{"label":"12 hrs","value":0},{"label":"13 hrs","value":1},{"label":"14 hrs","value":0},{"label":"15 hrs","value":0},{"label":"16 hrs","value":0},{"label":"17 hrs","value":0},{"label":"18 hrs","value":0},{"label":"19 hrs","value":0},{"label":"20 hrs","value":0},{"label":"21 hrs","value":0},{"label":"22 hrs","value":0},{"label":"23 hrs","value":0}]},{"source":14,"target":20,"value":2,"fill":"#8DD3C7","supply":[{"label":"00 hrs","value":0},{"label":"01 hrs","value":0},{"label":"02 hrs","value":0},{"label":"03 hrs","value":0},{"label":"04 hrs","value":0},{"label":"05 hrs","value":0},{"label":"06 hrs","value":0},{"label":"07 hrs","value":0},{"label":"08 hrs","value":0},{"label":"09 hrs","value":0},{"label":"10 hrs","value":0},{"label":"11 hrs","value":0},{"label":"12 hrs","value":0},{"label":"13 hrs","value":1},{"label":"14 hrs","value":0},{"label":"15 hrs","value":1},{"label":"16 hrs","value":0},{"label":"17 hrs","value":0},{"label":"18 hrs","value":0},{"label":"19 hrs","value":0},{"label":"20 hrs","value":0},{"label":"21 hrs","value":0},{"label":"22 hrs","value":0},{"label":"23 hrs","value":0}]},{"source":15,"target":20,"value":40,"fill":"#BEBADA","supply":[{"label":"00 hrs","value":2},{"label":"01 hrs","value":1},{"label":"02 hrs","value":0},{"label":"03 hrs","value":0},{"label":"04 hrs","value":1},{"label":"05 hrs","value":1},{"label":"06 hrs","value":1},{"label":"07 hrs","value":0},{"label":"08 hrs","value":2},{"label":"09 hrs","value":2},{"label":"10 hrs","value":0},{"label":"11 hrs","value":2},{"label":"12 hrs","value":3},{"label":"13 hrs","value":4},{"label":"14 hrs","value":2},{"label":"15 hrs","value":1},{"label":"16 hrs","value":6},{"label":"17 hrs","value":3},{"label":"18 hrs","value":1},{"label":"19 hrs","value":6},{"label":"20 hrs","value":0},{"label":"21 hrs","value":0},{"label":"22 hrs","value":2},{"label":"23 hrs","value":0}]},{"source":13,"target":24,"value":17,"fill":"#BEBADA","supply":[{"label":"00 hrs","value":1},{"label":"01 hrs","value":0},{"label":"02 hrs","value":0},{"label":"03 hrs","value":0},{"label":"04 hrs","value":0},{"label":"05 hrs","value":0},{"label":"06 hrs","value":0},{"label":"07 hrs","value":0},{"label":"08 hrs","value":1},{"label":"09 hrs","value":2},{"label":"10 hrs","value":1},{"label":"11 hrs","value":0},{"label":"12 hrs","value":0},{"label":"13 hrs","value":1},{"label":"14 hrs","value":2},{"label":"15 hrs","value":3},{"label":"16 hrs","value":0},{"label":"17 hrs","value":1},{"label":"18 hrs","value":1},{"label":"19 hrs","value":1},{"label":"20 hrs","value":0},{"label":"21 hrs","value":2},{"label":"22 hrs","value":1},{"label":"23 hrs","value":0}]},{"source":14,"target":24,"value":41,"fill":"#BEBADA","supply":[{"label":"00 hrs","value":2},{"label":"01 hrs","value":2},{"label":"02 hrs","value":1},{"label":"03 hrs","value":0},{"label":"04 hrs","value":1},{"label":"05 hrs","value":1},{"label":"06 hrs","value":1},{"label":"07 hrs","value":0},{"label":"08 hrs","value":1},{"label":"09 hrs","value":2},{"label":"10 hrs","value":1},{"label":"11 hrs","value":3},{"label":"12 hrs","value":3},{"label":"13 hrs","value":7},{"label":"14 hrs","value":2},{"label":"15 hrs","value":0},{"label":"16 hrs","value":5},{"label":"17 hrs","value":2},{"label":"18 hrs","value":0},{"label":"19 hrs","value":1},{"label":"20 hrs","value":2},{"label":"21 hrs","value":2},{"label":"22 hrs","value":0},{"label":"23 hrs","value":2}]},{"source":14,"target":24,"value":1,"fill":"#FCC5C0","supply":[{"label":"00 hrs","value":0},{"label":"01 hrs","value":0},{"label":"02 hrs","value":0},{"label":"03 hrs","value":0},{"label":"04 hrs","value":0},{"label":"05 hrs","value":0},{"label":"06 hrs","value":0},{"label":"07 hrs","value":0},{"label":"08 hrs","value":0},{"label":"09 hrs","value":0},{"label":"10 hrs","value":0},{"label":"11 hrs","value":0},{"label":"12 hrs","value":0},{"label":"13 hrs","value":0},{"label":"14 hrs","value":0},{"label":"15 hrs","value":0},{"label":"16 hrs","value":0},{"label":"17 hrs","value":0},{"label":"18 hrs","value":0},{"label":"19 hrs","value":0},{"label":"20 hrs","value":1},{"label":"21 hrs","value":0},{"label":"22 hrs","value":0},{"label":"23 hrs","value":0}]},{"source":15,"target":24,"value":63,"fill":"#BEBADA","supply":[{"label":"00 hrs","value":3},{"label":"01 hrs","value":3},{"label":"02 hrs","value":0},{"label":"03 hrs","value":1},{"label":"04 hrs","value":2},{"label":"05 hrs","value":2},{"label":"06 hrs","value":4},{"label":"07 hrs","value":1},{"label":"08 hrs","value":4},{"label":"09 hrs","value":6},{"label":"10 hrs","value":2},{"label":"11 hrs","value":2},{"label":"12 hrs","value":4},{"label":"13 hrs","value":5},{"label":"14 hrs","value":1},{"label":"15 hrs","value":3},{"label":"16 hrs","value":2},{"label":"17 hrs","value":3},{"label":"18 hrs","value":2},{"label":"19 hrs","value":1},{"label":"20 hrs","value":4},{"label":"21 hrs","value":7},{"label":"22 hrs","value":0},{"label":"23 hrs","value":1}]},{"source":15,"target":16,"value":5,"fill":"#BEBADA","supply":[{"label":"00 hrs","value":0},{"label":"01 hrs","value":0},{"label":"02 hrs","value":0},{"label":"03 hrs","value":0},{"label":"04 hrs","value":0},{"label":"05 hrs","value":0},{"label":"06 hrs","value":0},{"label":"07 hrs","value":0},{"label":"08 hrs","value":0},{"label":"09 hrs","value":0},{"label":"10 hrs","value":0},{"label":"11 hrs","value":0},{"label":"12 hrs","value":1},{"label":"13 hrs","value":2},{"label":"14 hrs","value":0},{"label":"15 hrs","value":0},{"label":"16 hrs","value":0},{"label":"17 hrs","value":1},{"label":"18 hrs","value":1},{"label":"19 hrs","value":0},{"label":"20 hrs","value":0},{"label":"21 hrs","value":0},{"label":"22 hrs","value":0},{"label":"23 hrs","value":0}]},{"source":15,"target":16,"value":1,"fill":"#FCC5C0","supply":[{"label":"00 hrs","value":0},{"label":"01 hrs","value":0},{"label":"02 hrs","value":0},{"label":"03 hrs","value":0},{"label":"04 hrs","value":0},{"label":"05 hrs","value":0},{"label":"06 hrs","value":0},{"label":"07 hrs","value":0},{"label":"08 hrs","value":0},{"label":"09 hrs","value":0},{"label":"10 hrs","value":0},{"label":"11 hrs","value":0},{"label":"12 hrs","value":0},{"label":"13 hrs","value":0},{"label":"14 hrs","value":0},{"label":"15 hrs","value":0},{"label":"16 hrs","value":0},{"label":"17 hrs","value":0},{"label":"18 hrs","value":0},{"label":"19 hrs","value":0},{"label":"20 hrs","value":1},{"label":"21 hrs","value":0},{"label":"22 hrs","value":0},{"label":"23 hrs","value":0}]}]}