{
  "nodes": [
{"layer": 1,"name": "Health Advisor  HA ","fill": "#8C2D04"}, 
{"layer": 1,"name": "Clinical Advisor  CA ","fill": "#8C2D04"}, 
{"layer": 1,"name": "LAS 999 Callers  HCP5 ","fill": "#8C2D04"}, 
{"layer": 1,"name": "Care Home Callers  HCP6 ","fill": "#8C2D04"}, 
{"layer": 1,"name": "Rapid Response  HCP7 ","fill": "#8C2D04"}, 
{"layer": 1,"name": "Worsening  HAW ","fill": "#8C2D04"}, 
{"layer": 1,"name": "Admin","fill": "#8C2D04"}, 
{"layer": 1,"name": "Dental","fill": "#8C2D04"}, 
{"layer": 1,"name": "National Contingency","fill": "#8C2D04"}, 
{"layer": 1,"name": "No Destination Call Type","fill": "#8C2D04"}, 
{"layer": 1,"name": "Other","fill": "#8C2D04"}, 
{"layer": 1,"name": "Dental","fill": "#8C2D04"}, 
{"layer": 2,"name": "InHealth","fill": "#D94801"}, 
{"layer": 2,"name": "SEL 111","fill": "#D94801"}],
  "links": [{"source": 0,"target": 13,"value": 1159,"fill": "#BEBADA","supply": [{"label": "00 hrs","value": 8}, {"label": "01 hrs","value": 18}, {"label": "02 hrs","value": 11}, {"label": "03 hrs","value": 12}, {"label": "04 hrs","value": 21}, {"label": "05 hrs","value": 19}, {"label": "06 hrs","value": 13}, {"label": "07 hrs","value": 40}, {"label": "08 hrs","value": 58}, {"label": "09 hrs","value": 93}, {"label": "10 hrs","value": 97}, {"label": "11 hrs","value": 91}, {"label": "12 hrs","value": 74}, {"label": "13 hrs","value": 40}, {"label": "14 hrs","value": 46}, {"label": "15 hrs","value": 79}, {"label": "16 hrs","value": 69}, {"label": "17 hrs","value": 61}, {"label": "18 hrs","value": 70}, {"label": "19 hrs","value": 65}, {"label": "20 hrs","value": 56}, {"label": "21 hrs","value": 51}, {"label": "22 hrs","value": 39}, {"label": "23 hrs","value": 28}],"supplyDx": [{"label": "","value": 0}],"supplyService": [{"label": "","value": 0}],"supplyBook": [{"label": "","value": 0}]}, {"source": 1,"target": 13,"value": 1,"fill": "#FCC5C0","supply": [{"label": "00 hrs","value": 0}, {"label": "01 hrs","value": 0}, {"label": "02 hrs","value": 0}, {"label": "03 hrs","value": 0}, {"label": "04 hrs","value": 0}, {"label": "05 hrs","value": 0}, {"label": "06 hrs","value": 0}, {"label": "07 hrs","value": 0}, {"label": "08 hrs","value": 0}, {"label": "09 hrs","value": 0}, {"label": "10 hrs","value": 0}, {"label": "11 hrs","value": 1}, {"label": "12 hrs","value": 0}, {"label": "13 hrs","value": 0}, {"label": "14 hrs","value": 0}, {"label": "15 hrs","value": 0}, {"label": "16 hrs","value": 0}, {"label": "17 hrs","value": 0}, {"label": "18 hrs","value": 0}, {"label": "19 hrs","value": 0}, {"label": "20 hrs","value": 0}, {"label": "21 hrs","value": 0}, {"label": "22 hrs","value": 0}, {"label": "23 hrs","value": 0}],"supplyDx": [{"label": "","value": 0}],"supplyService": [{"label": "","value": 0}],"supplyBook": [{"label": "","value": 0}]}, {"source": 2,"target": 13,"value": 31,"fill": "#8DD3C7","supply": [{"label": "00 hrs","value": 0}, {"label": "01 hrs","value": 0}, {"label": "02 hrs","value": 3}, {"label": "03 hrs","value": 0}, {"label": "04 hrs","value": 0}, {"label": "05 hrs","value": 0}, {"label": "06 hrs","value": 0}, {"label": "07 hrs","value": 0}, {"label": "08 hrs","value": 1}, {"label": "09 hrs","value": 1}, {"label": "10 hrs","value": 1}, {"label": "11 hrs","value": 0}, {"label": "12 hrs","value": 3}, {"label": "13 hrs","value": 5}, {"label": "14 hrs","value": 5}, {"label": "15 hrs","value": 3}, {"label": "16 hrs","value": 0}, {"label": "17 hrs","value": 2}, {"label": "18 hrs","value": 3}, {"label": "19 hrs","value": 0}, {"label": "20 hrs","value": 1}, {"label": "21 hrs","value": 2}, {"label": "22 hrs","value": 1}, {"label": "23 hrs","value": 0}],"supplyDx": [{"label": "","value": 0}],"supplyService": [{"label": "","value": 0}],"supplyBook": [{"label": "","value": 0}]}, {"source": 3,"target": 13,"value": 24,"fill": "#8DD3C7","supply": [{"label": "00 hrs","value": 0}, {"label": "01 hrs","value": 0}, {"label": "02 hrs","value": 3}, {"label": "03 hrs","value": 1}, {"label": "04 hrs","value": 1}, {"label": "05 hrs","value": 0}, {"label": "06 hrs","value": 1}, {"label": "07 hrs","value": 0}, {"label": "08 hrs","value": 1}, {"label": "09 hrs","value": 2}, {"label": "10 hrs","value": 3}, {"label": "11 hrs","value": 5}, {"label": "12 hrs","value": 0}, {"label": "13 hrs","value": 0}, {"label": "14 hrs","value": 1}, {"label": "15 hrs","value": 0}, {"label": "16 hrs","value": 2}, {"label": "17 hrs","value": 1}, {"label": "18 hrs","value": 0}, {"label": "19 hrs","value": 1}, {"label": "20 hrs","value": 1}, {"label": "21 hrs","value": 0}, {"label": "22 hrs","value": 1}, {"label": "23 hrs","value": 0}],"supplyDx": [{"label": "","value": 0}],"supplyService": [{"label": "","value": 0}],"supplyBook": [{"label": "","value": 0}]}, {"source": 4,"target": 13,"value": 3,"fill": "#8DD3C7","supply": [{"label": "00 hrs","value": 0}, {"label": "01 hrs","value": 0}, {"label": "02 hrs","value": 0}, {"label": "03 hrs","value": 0}, {"label": "04 hrs","value": 0}, {"label": "05 hrs","value": 0}, {"label": "06 hrs","value": 0}, {"label": "07 hrs","value": 1}, {"label": "08 hrs","value": 0}, {"label": "09 hrs","value": 0}, {"label": "10 hrs","value": 0}, {"label": "11 hrs","value": 0}, {"label": "12 hrs","value": 0}, {"label": "13 hrs","value": 0}, {"label": "14 hrs","value": 1}, {"label": "15 hrs","value": 0}, {"label": "16 hrs","value": 0}, {"label": "17 hrs","value": 0}, {"label": "18 hrs","value": 1}, {"label": "19 hrs","value": 0}, {"label": "20 hrs","value": 0}, {"label": "21 hrs","value": 0}, {"label": "22 hrs","value": 0}, {"label": "23 hrs","value": 0}],"supplyDx": [{"label": "","value": 0}],"supplyService": [{"label": "","value": 0}],"supplyBook": [{"label": "","value": 0}]}, {"source": 5,"target": 13,"value": 49,"fill": "#A65628","supply": [{"label": "00 hrs","value": 0}, {"label": "01 hrs","value": 0}, {"label": "02 hrs","value": 0}, {"label": "03 hrs","value": 0}, {"label": "04 hrs","value": 0}, {"label": "05 hrs","value": 3}, {"label": "06 hrs","value": 3}, {"label": "07 hrs","value": 1}, {"label": "08 hrs","value": 3}, {"label": "09 hrs","value": 2}, {"label": "10 hrs","value": 2}, {"label": "11 hrs","value": 5}, {"label": "12 hrs","value": 2}, {"label": "13 hrs","value": 1}, {"label": "14 hrs","value": 2}, {"label": "15 hrs","value": 4}, {"label": "16 hrs","value": 4}, {"label": "17 hrs","value": 5}, {"label": "18 hrs","value": 1}, {"label": "19 hrs","value": 1}, {"label": "20 hrs","value": 1}, {"label": "21 hrs","value": 3}, {"label": "22 hrs","value": 5}, {"label": "23 hrs","value": 1}],"supplyDx": [{"label": "","value": 0}],"supplyService": [{"label": "","value": 0}],"supplyBook": [{"label": "","value": 0}]}, {"source": 6,"target": 13,"value": 101,"fill": "#FB8072","supply": [{"label": "00 hrs","value": 0}, {"label": "01 hrs","value": 1}, {"label": "02 hrs","value": 4}, {"label": "03 hrs","value": 1}, {"label": "04 hrs","value": 0}, {"label": "05 hrs","value": 1}, {"label": "06 hrs","value": 0}, {"label": "07 hrs","value": 2}, {"label": "08 hrs","value": 7}, {"label": "09 hrs","value": 5}, {"label": "10 hrs","value": 6}, {"label": "11 hrs","value": 9}, {"label": "12 hrs","value": 10}, {"label": "13 hrs","value": 1}, {"label": "14 hrs","value": 5}, {"label": "15 hrs","value": 8}, {"label": "16 hrs","value": 10}, {"label": "17 hrs","value": 6}, {"label": "18 hrs","value": 5}, {"label": "19 hrs","value": 5}, {"label": "20 hrs","value": 4}, {"label": "21 hrs","value": 4}, {"label": "22 hrs","value": 3}, {"label": "23 hrs","value": 4}],"supplyDx": [{"label": "","value": 0}],"supplyService": [{"label": "","value": 0}],"supplyBook": [{"label": "","value": 0}]}, {"source": 7,"target": 13,"value": 124,"fill": "#FF7F00","supply": [{"label": "00 hrs","value": 1}, {"label": "01 hrs","value": 4}, {"label": "02 hrs","value": 2}, {"label": "03 hrs","value": 2}, {"label": "04 hrs","value": 1}, {"label": "05 hrs","value": 2}, {"label": "06 hrs","value": 2}, {"label": "07 hrs","value": 3}, {"label": "08 hrs","value": 12}, {"label": "09 hrs","value": 15}, {"label": "10 hrs","value": 6}, {"label": "11 hrs","value": 9}, {"label": "12 hrs","value": 5}, {"label": "13 hrs","value": 8}, {"label": "14 hrs","value": 5}, {"label": "15 hrs","value": 4}, {"label": "16 hrs","value": 12}, {"label": "17 hrs","value": 3}, {"label": "18 hrs","value": 12}, {"label": "19 hrs","value": 6}, {"label": "20 hrs","value": 2}, {"label": "21 hrs","value": 5}, {"label": "22 hrs","value": 0}, {"label": "23 hrs","value": 3}],"supplyDx": [{"label": "","value": 0}],"supplyService": [{"label": "","value": 0}],"supplyBook": [{"label": "","value": 0}]}, {"source": 8,"target": 13,"value": 77,"fill": "#BEBADA","supply": [{"label": "00 hrs","value": 4}, {"label": "01 hrs","value": 1}, {"label": "02 hrs","value": 0}, {"label": "03 hrs","value": 0}, {"label": "04 hrs","value": 2}, {"label": "05 hrs","value": 2}, {"label": "06 hrs","value": 2}, {"label": "07 hrs","value": 4}, {"label": "08 hrs","value": 3}, {"label": "09 hrs","value": 1}, {"label": "10 hrs","value": 2}, {"label": "11 hrs","value": 9}, {"label": "12 hrs","value": 7}, {"label": "13 hrs","value": 5}, {"label": "14 hrs","value": 1}, {"label": "15 hrs","value": 5}, {"label": "16 hrs","value": 5}, {"label": "17 hrs","value": 6}, {"label": "18 hrs","value": 5}, {"label": "19 hrs","value": 4}, {"label": "20 hrs","value": 2}, {"label": "21 hrs","value": 4}, {"label": "22 hrs","value": 2}, {"label": "23 hrs","value": 1}],"supplyDx": [{"label": "","value": 0}],"supplyService": [{"label": "","value": 0}],"supplyBook": [{"label": "","value": 0}]}, {"source": 9,"target": 13,"value": 144,"fill": "#BEBADA","supply": [{"label": "00 hrs","value": 32}, {"label": "01 hrs","value": 2}, {"label": "02 hrs","value": 1}, {"label": "03 hrs","value": 0}, {"label": "04 hrs","value": 0}, {"label": "05 hrs","value": 1}, {"label": "06 hrs","value": 4}, {"label": "07 hrs","value": 3}, {"label": "08 hrs","value": 0}, {"label": "09 hrs","value": 8}, {"label": "10 hrs","value": 5}, {"label": "11 hrs","value": 12}, {"label": "12 hrs","value": 12}, {"label": "13 hrs","value": 1}, {"label": "14 hrs","value": 5}, {"label": "15 hrs","value": 7}, {"label": "16 hrs","value": 7}, {"label": "17 hrs","value": 15}, {"label": "18 hrs","value": 5}, {"label": "19 hrs","value": 6}, {"label": "20 hrs","value": 6}, {"label": "21 hrs","value": 2}, {"label": "22 hrs","value": 7}, {"label": "23 hrs","value": 3}],"supplyDx": [{"label": "","value": 0}],"supplyService": [{"label": "","value": 0}],"supplyBook": [{"label": "","value": 0}]}, {"source": 10,"target": 12,"value": 913,"fill": "#BEBADA","supply": [{"label": "00 hrs","value": 0}, {"label": "01 hrs","value": 0}, {"label": "02 hrs","value": 0}, {"label": "03 hrs","value": 0}, {"label": "04 hrs","value": 0}, {"label": "05 hrs","value": 0}, {"label": "06 hrs","value": 0}, {"label": "07 hrs","value": 0}, {"label": "08 hrs","value": 54}, {"label": "09 hrs","value": 83}, {"label": "10 hrs","value": 88}, {"label": "11 hrs","value": 84}, {"label": "12 hrs","value": 60}, {"label": "13 hrs","value": 41}, {"label": "14 hrs","value": 42}, {"label": "15 hrs","value": 68}, {"label": "16 hrs","value": 64}, {"label": "17 hrs","value": 52}, {"label": "18 hrs","value": 64}, {"label": "19 hrs","value": 54}, {"label": "20 hrs","value": 51}, {"label": "21 hrs","value": 48}, {"label": "22 hrs","value": 35}, {"label": "23 hrs","value": 25}],"supplyDx": [{"label": "","value": 0}],"supplyService": [{"label": "","value": 0}],"supplyBook": [{"label": "","value": 0}]}, {"source": 11,"target": 12,"value": 101,"fill": "#FF7F00","supply": [{"label": "00 hrs","value": 0}, {"label": "01 hrs","value": 0}, {"label": "02 hrs","value": 0}, {"label": "03 hrs","value": 0}, {"label": "04 hrs","value": 0}, {"label": "05 hrs","value": 0}, {"label": "06 hrs","value": 0}, {"label": "07 hrs","value": 0}, {"label": "08 hrs","value": 11}, {"label": "09 hrs","value": 14}, {"label": "10 hrs","value": 6}, {"label": "11 hrs","value": 9}, {"label": "12 hrs","value": 5}, {"label": "13 hrs","value": 8}, {"label": "14 hrs","value": 5}, {"label": "15 hrs","value": 4}, {"label": "16 hrs","value": 12}, {"label": "17 hrs","value": 3}, {"label": "18 hrs","value": 11}, {"label": "19 hrs","value": 4}, {"label": "20 hrs","value": 2}, {"label": "21 hrs","value": 5}, {"label": "22 hrs","value": 0}, {"label": "23 hrs","value": 2}],"supplyDx": [{"label": "","value": 0}],"supplyService": [{"label": "","value": 0}],"supplyBook": [{"label": "","value": 0}]}]}