{
  "nodes": [
{"layer": 1,"name": "Health Advisor  HA ","fill": "#8C2D04"}, 
{"layer": 1,"name": "Clinical Advisor  CA ","fill": "#8C2D04"}, 
{"layer": 1,"name": "LAS 999 Callers  HCP5 ","fill": "#8C2D04"}, 
{"layer": 1,"name": "Care Home Callers  HCP6 ","fill": "#8C2D04"}, 
{"layer": 1,"name": "Worsening  HAW ","fill": "#8C2D04"}, 
{"layer": 1,"name": "Admin","fill": "#8C2D04"}, 
{"layer": 1,"name": "Dental","fill": "#8C2D04"}, 
{"layer": 1,"name": "National Contingency","fill": "#8C2D04"}, 
{"layer": 1,"name": "No Destination Call Type","fill": "#8C2D04"}, 
{"layer": 1,"name": "Other","fill": "#8C2D04"}, 
{"layer": 1,"name": "Dental","fill": "#8C2D04"}, 
{"layer": 2,"name": "InHealth","fill": "#D94801"}, 
{"layer": 2,"name": "SEL 111","fill": "#D94801"}],
"links": [{"source": 0,"target": 12,"value": 924,"fill": "#BEBADA","supply": [{"label": "00 hrs","value": 8}, {"label": "01 hrs","value": 11}, {"label": "02 hrs","value": 8}, {"label": "03 hrs","value": 14}, {"label": "04 hrs","value": 8}, {"label": "05 hrs","value": 8}, {"label": "06 hrs","value": 15}, {"label": "07 hrs","value": 33}, {"label": "08 hrs","value": 34}, {"label": "09 hrs","value": 49}, {"label": "10 hrs","value": 43}, {"label": "11 hrs","value": 48}, {"label": "12 hrs","value": 39}, {"label": "13 hrs","value": 54}, {"label": "14 hrs","value": 56}, {"label": "15 hrs","value": 45}, {"label": "16 hrs","value": 47}, {"label": "17 hrs","value": 59}, {"label": "18 hrs","value": 66}, {"label": "19 hrs","value": 73}, {"label": "20 hrs","value": 71}, {"label": "21 hrs","value": 46}, {"label": "22 hrs","value": 50}, {"label": "23 hrs","value": 39}],"supplyDx": [{"label": "","value": 0}],"supplyService": [{"label": "","value": 0}],"supplyBook": [{"label": "","value": 0}]}, {"source": 1,"target": 12,"value": 1,"fill": "#FCC5C0","supply": [{"label": "00 hrs","value": 0}, {"label": "01 hrs","value": 0}, {"label": "02 hrs","value": 0}, {"label": "03 hrs","value": 0}, {"label": "04 hrs","value": 0}, {"label": "05 hrs","value": 0}, {"label": "06 hrs","value": 0}, {"label": "07 hrs","value": 0}, {"label": "08 hrs","value": 0}, {"label": "09 hrs","value": 0}, {"label": "10 hrs","value": 0}, {"label": "11 hrs","value": 0}, {"label": "12 hrs","value": 1}, {"label": "13 hrs","value": 0}, {"label": "14 hrs","value": 0}, {"label": "15 hrs","value": 0}, {"label": "16 hrs","value": 0}, {"label": "17 hrs","value": 0}, {"label": "18 hrs","value": 0}, {"label": "19 hrs","value": 0}, {"label": "20 hrs","value": 0}, {"label": "21 hrs","value": 0}, {"label": "22 hrs","value": 0}, {"label": "23 hrs","value": 0}],"supplyDx": [{"label": "","value": 0}],"supplyService": [{"label": "","value": 0}],"supplyBook": [{"label": "","value": 0}]}, {"source": 2,"target": 12,"value": 20,"fill": "#8DD3C7","supply": [{"label": "00 hrs","value": 1}, {"label": "01 hrs","value": 1}, {"label": "02 hrs","value": 0}, {"label": "03 hrs","value": 1}, {"label": "04 hrs","value": 0}, {"label": "05 hrs","value": 1}, {"label": "06 hrs","value": 1}, {"label": "07 hrs","value": 1}, {"label": "08 hrs","value": 0}, {"label": "09 hrs","value": 0}, {"label": "10 hrs","value": 0}, {"label": "11 hrs","value": 0}, {"label": "12 hrs","value": 0}, {"label": "13 hrs","value": 0}, {"label": "14 hrs","value": 0}, {"label": "15 hrs","value": 0}, {"label": "16 hrs","value": 1}, {"label": "17 hrs","value": 0}, {"label": "18 hrs","value": 2}, {"label": "19 hrs","value": 1}, {"label": "20 hrs","value": 6}, {"label": "21 hrs","value": 3}, {"label": "22 hrs","value": 0}, {"label": "23 hrs","value": 1}],"supplyDx": [{"label": "","value": 0}],"supplyService": [{"label": "","value": 0}],"supplyBook": [{"label": "","value": 0}]}, {"source": 3,"target": 12,"value": 17,"fill": "#8DD3C7","supply": [{"label": "00 hrs","value": 0}, {"label": "01 hrs","value": 0}, {"label": "02 hrs","value": 0}, {"label": "03 hrs","value": 1}, {"label": "04 hrs","value": 2}, {"label": "05 hrs","value": 0}, {"label": "06 hrs","value": 0}, {"label": "07 hrs","value": 2}, {"label": "08 hrs","value": 1}, {"label": "09 hrs","value": 0}, {"label": "10 hrs","value": 0}, {"label": "11 hrs","value": 4}, {"label": "12 hrs","value": 0}, {"label": "13 hrs","value": 0}, {"label": "14 hrs","value": 1}, {"label": "15 hrs","value": 1}, {"label": "16 hrs","value": 0}, {"label": "17 hrs","value": 0}, {"label": "18 hrs","value": 2}, {"label": "19 hrs","value": 0}, {"label": "20 hrs","value": 1}, {"label": "21 hrs","value": 1}, {"label": "22 hrs","value": 1}, {"label": "23 hrs","value": 0}],"supplyDx": [{"label": "","value": 0}],"supplyService": [{"label": "","value": 0}],"supplyBook": [{"label": "","value": 0}]}, {"source": 4,"target": 12,"value": 39,"fill": "#A65628","supply": [{"label": "00 hrs","value": 0}, {"label": "01 hrs","value": 1}, {"label": "02 hrs","value": 1}, {"label": "03 hrs","value": 0}, {"label": "04 hrs","value": 3}, {"label": "05 hrs","value": 1}, {"label": "06 hrs","value": 1}, {"label": "07 hrs","value": 3}, {"label": "08 hrs","value": 3}, {"label": "09 hrs","value": 1}, {"label": "10 hrs","value": 3}, {"label": "11 hrs","value": 0}, {"label": "12 hrs","value": 2}, {"label": "13 hrs","value": 3}, {"label": "14 hrs","value": 0}, {"label": "15 hrs","value": 2}, {"label": "16 hrs","value": 1}, {"label": "17 hrs","value": 2}, {"label": "18 hrs","value": 3}, {"label": "19 hrs","value": 2}, {"label": "20 hrs","value": 4}, {"label": "21 hrs","value": 1}, {"label": "22 hrs","value": 0}, {"label": "23 hrs","value": 2}],"supplyDx": [{"label": "","value": 0}],"supplyService": [{"label": "","value": 0}],"supplyBook": [{"label": "","value": 0}]}, {"source": 5,"target": 12,"value": 78,"fill": "#FB8072","supply": [{"label": "00 hrs","value": 0}, {"label": "01 hrs","value": 0}, {"label": "02 hrs","value": 0}, {"label": "03 hrs","value": 1}, {"label": "04 hrs","value": 1}, {"label": "05 hrs","value": 0}, {"label": "06 hrs","value": 3}, {"label": "07 hrs","value": 4}, {"label": "08 hrs","value": 2}, {"label": "09 hrs","value": 6}, {"label": "10 hrs","value": 4}, {"label": "11 hrs","value": 5}, {"label": "12 hrs","value": 3}, {"label": "13 hrs","value": 3}, {"label": "14 hrs","value": 8}, {"label": "15 hrs","value": 8}, {"label": "16 hrs","value": 4}, {"label": "17 hrs","value": 4}, {"label": "18 hrs","value": 4}, {"label": "19 hrs","value": 7}, {"label": "20 hrs","value": 1}, {"label": "21 hrs","value": 6}, {"label": "22 hrs","value": 2}, {"label": "23 hrs","value": 2}],"supplyDx": [{"label": "","value": 0}],"supplyService": [{"label": "","value": 0}],"supplyBook": [{"label": "","value": 0}]}, {"source": 6,"target": 12,"value": 101,"fill": "#FF7F00","supply": [{"label": "00 hrs","value": 0}, {"label": "01 hrs","value": 6}, {"label": "02 hrs","value": 1}, {"label": "03 hrs","value": 0}, {"label": "04 hrs","value": 0}, {"label": "05 hrs","value": 1}, {"label": "06 hrs","value": 2}, {"label": "07 hrs","value": 1}, {"label": "08 hrs","value": 5}, {"label": "09 hrs","value": 6}, {"label": "10 hrs","value": 7}, {"label": "11 hrs","value": 3}, {"label": "12 hrs","value": 6}, {"label": "13 hrs","value": 12}, {"label": "14 hrs","value": 6}, {"label": "15 hrs","value": 12}, {"label": "16 hrs","value": 4}, {"label": "17 hrs","value": 6}, {"label": "18 hrs","value": 2}, {"label": "19 hrs","value": 6}, {"label": "20 hrs","value": 4}, {"label": "21 hrs","value": 4}, {"label": "22 hrs","value": 2}, {"label": "23 hrs","value": 5}],"supplyDx": [{"label": "","value": 0}],"supplyService": [{"label": "","value": 0}],"supplyBook": [{"label": "","value": 0}]}, {"source": 7,"target": 12,"value": 56,"fill": "#BEBADA","supply": [{"label": "00 hrs","value": 0}, {"label": "01 hrs","value": 0}, {"label": "02 hrs","value": 0}, {"label": "03 hrs","value": 0}, {"label": "04 hrs","value": 0}, {"label": "05 hrs","value": 0}, {"label": "06 hrs","value": 0}, {"label": "07 hrs","value": 0}, {"label": "08 hrs","value": 0}, {"label": "09 hrs","value": 0}, {"label": "10 hrs","value": 0}, {"label": "11 hrs","value": 0}, {"label": "12 hrs","value": 0}, {"label": "13 hrs","value": 0}, {"label": "14 hrs","value": 0}, {"label": "15 hrs","value": 0}, {"label": "16 hrs","value": 6}, {"label": "17 hrs","value": 4}, {"label": "18 hrs","value": 9}, {"label": "19 hrs","value": 14}, {"label": "20 hrs","value": 5}, {"label": "21 hrs","value": 7}, {"label": "22 hrs","value": 5}, {"label": "23 hrs","value": 6}],"supplyDx": [{"label": "","value": 0}],"supplyService": [{"label": "","value": 0}],"supplyBook": [{"label": "","value": 0}]}, {"source": 8,"target": 12,"value": 507,"fill": "#BEBADA","supply": [{"label": "00 hrs","value": 26}, {"label": "01 hrs","value": 9}, {"label": "02 hrs","value": 1}, {"label": "03 hrs","value": 4}, {"label": "04 hrs","value": 2}, {"label": "05 hrs","value": 4}, {"label": "06 hrs","value": 8}, {"label": "07 hrs","value": 10}, {"label": "08 hrs","value": 36}, {"label": "09 hrs","value": 48}, {"label": "10 hrs","value": 54}, {"label": "11 hrs","value": 39}, {"label": "12 hrs","value": 33}, {"label": "13 hrs","value": 34}, {"label": "14 hrs","value": 37}, {"label": "15 hrs","value": 41}, {"label": "16 hrs","value": 34}, {"label": "17 hrs","value": 30}, {"label": "18 hrs","value": 25}, {"label": "19 hrs","value": 8}, {"label": "20 hrs","value": 12}, {"label": "21 hrs","value": 4}, {"label": "22 hrs","value": 5}, {"label": "23 hrs","value": 3}],"supplyDx": [{"label": "","value": 0}],"supplyService": [{"label": "","value": 0}],"supplyBook": [{"label": "","value": 0}]}, {"source": 9,"target": 11,"value": 702,"fill": "#BEBADA","supply": [{"label": "00 hrs","value": 0}, {"label": "01 hrs","value": 0}, {"label": "02 hrs","value": 0}, {"label": "03 hrs","value": 0}, {"label": "04 hrs","value": 0}, {"label": "05 hrs","value": 0}, {"label": "06 hrs","value": 0}, {"label": "07 hrs","value": 0}, {"label": "08 hrs","value": 32}, {"label": "09 hrs","value": 42}, {"label": "10 hrs","value": 37}, {"label": "11 hrs","value": 42}, {"label": "12 hrs","value": 35}, {"label": "13 hrs","value": 43}, {"label": "14 hrs","value": 49}, {"label": "15 hrs","value": 35}, {"label": "16 hrs","value": 38}, {"label": "17 hrs","value": 45}, {"label": "18 hrs","value": 54}, {"label": "19 hrs","value": 67}, {"label": "20 hrs","value": 64}, {"label": "21 hrs","value": 39}, {"label": "22 hrs","value": 40}, {"label": "23 hrs","value": 40}],"supplyDx": [{"label": "","value": 0}],"supplyService": [{"label": "","value": 0}],"supplyBook": [{"label": "","value": 0}]}, {"source": 10,"target": 11,"value": 79,"fill": "#FF7F00","supply": [{"label": "00 hrs","value": 0}, {"label": "01 hrs","value": 0}, {"label": "02 hrs","value": 0}, {"label": "03 hrs","value": 0}, {"label": "04 hrs","value": 0}, {"label": "05 hrs","value": 0}, {"label": "06 hrs","value": 0}, {"label": "07 hrs","value": 0}, {"label": "08 hrs","value": 5}, {"label": "09 hrs","value": 4}, {"label": "10 hrs","value": 7}, {"label": "11 hrs","value": 2}, {"label": "12 hrs","value": 6}, {"label": "13 hrs","value": 8}, {"label": "14 hrs","value": 7}, {"label": "15 hrs","value": 9}, {"label": "16 hrs","value": 5}, {"label": "17 hrs","value": 5}, {"label": "18 hrs","value": 2}, {"label": "19 hrs","value": 5}, {"label": "20 hrs","value": 4}, {"label": "21 hrs","value": 4}, {"label": "22 hrs","value": 2}, {"label": "23 hrs","value": 4}],"supplyDx": [{"label": "","value": 0}],"supplyService": [{"label": "","value": 0}],"supplyBook": [{"label": "","value": 0}]}]}