{"nodes":[{"layer":1,"name":"Health Advisor  HA ","fill":"#8C2D04","grouping":[{"label":"Health Advisor  HA ","value":1}]},{"layer":1,"name":"Clinical Advisor  CA ","fill":"#8C2D04","grouping":[{"label":"Clinical Advisor  CA ","value":1}]},{"layer":1,"name":"LAS 999 Callers  HCP5 ","fill":"#8C2D04","grouping":[{"label":"LAS 999 Callers  HCP5 ","value":1}]},{"layer":1,"name":"Care Home Callers  HCP6 ","fill":"#8C2D04","grouping":[{"label":"Care Home Callers  HCP6 ","value":1}]},{"layer":1,"name":"Rapid Response  HCP7 ","fill":"#8C2D04","grouping":[{"label":"Rapid Response  HCP7 ","value":1}]},{"layer":1,"name":"Pharmacy Callers  HCP8 ","fill":"#8C2D04","grouping":[{"label":"Pharmacy Callers  HCP8 ","value":1}]},{"layer":1,"name":"Worsening  HAW ","fill":"#8C2D04","grouping":[{"label":"Worsening  HAW ","value":1}]},{"layer":1,"name":"Admin","fill":"#8C2D04","grouping":[{"label":"Admin","value":1}]},{"layer":1,"name":"Dental","fill":"#8C2D04","grouping":[{"label":"Dental","value":1}]},{"layer":1,"name":"National Contingency","fill":"#8C2D04","grouping":[{"label":"National Contingency","value":1}]},{"layer":1,"name":"No Destination Call Type","fill":"#8C2D04","grouping":[{"label":"No Destination Call Type","value":1}]},{"layer":1,"name":"Other","fill":"#8C2D04","grouping":[{"label":"Other","value":1}]},{"layer":1,"name":"Dental","fill":"#8C2D04","grouping":[{"label":"Dental","value":1}]},{"layer":2,"name":"InHealth","fill":"#D94801","grouping":[{"label":"InHealth","value":1}]},{"layer":2,"name":"SEL 111","fill":"#D94801","grouping":[{"label":"PRM","value":1}]}],"links":[{"source":0,"target":14,"value":1563,"fill":"#BEBADA","supply":[{"label":"00 hrs","value":16},{"label":"01 hrs","value":18},{"label":"02 hrs","value":15},{"label":"03 hrs","value":13},{"label":"04 hrs","value":12},{"label":"05 hrs","value":10},{"label":"06 hrs","value":20},{"label":"07 hrs","value":47},{"label":"08 hrs","value":72},{"label":"09 hrs","value":120},{"label":"10 hrs","value":115},{"label":"11 hrs","value":153},{"label":"12 hrs","value":144},{"label":"13 hrs","value":129},{"label":"14 hrs","value":113},{"label":"15 hrs","value":107},{"label":"16 hrs","value":83},{"label":"17 hrs","value":76},{"label":"18 hrs","value":69},{"label":"19 hrs","value":58},{"label":"20 hrs","value":55},{"label":"21 hrs","value":60},{"label":"22 hrs","value":33},{"label":"23 hrs","value":25}],"supplyDx":[{"label":"","value":0}],"supplyService":[{"label":"","value":0}],"supplyBook":[{"label":"","value":0}]},{"source":1,"target":14,"value":7,"fill":"#FCC5C0","supply":[{"label":"00 hrs","value":0},{"label":"01 hrs","value":0},{"label":"02 hrs","value":0},{"label":"03 hrs","value":0},{"label":"04 hrs","value":0},{"label":"05 hrs","value":0},{"label":"06 hrs","value":0},{"label":"07 hrs","value":0},{"label":"08 hrs","value":0},{"label":"09 hrs","value":0},{"label":"10 hrs","value":2},{"label":"11 hrs","value":1},{"label":"12 hrs","value":0},{"label":"13 hrs","value":1},{"label":"14 hrs","value":0},{"label":"15 hrs","value":0},{"label":"16 hrs","value":2},{"label":"17 hrs","value":0},{"label":"18 hrs","value":1},{"label":"19 hrs","value":0},{"label":"20 hrs","value":0},{"label":"21 hrs","value":0},{"label":"22 hrs","value":0},{"label":"23 hrs","value":0}],"supplyDx":[{"label":"","value":0}],"supplyService":[{"label":"","value":0}],"supplyBook":[{"label":"","value":0}]},{"source":2,"target":14,"value":26,"fill":"#8DD3C7","supply":[{"label":"00 hrs","value":0},{"label":"01 hrs","value":1},{"label":"02 hrs","value":0},{"label":"03 hrs","value":0},{"label":"04 hrs","value":0},{"label":"05 hrs","value":0},{"label":"06 hrs","value":0},{"label":"07 hrs","value":0},{"label":"08 hrs","value":1},{"label":"09 hrs","value":0},{"label":"10 hrs","value":0},{"label":"11 hrs","value":2},{"label":"12 hrs","value":1},{"label":"13 hrs","value":4},{"label":"14 hrs","value":2},{"label":"15 hrs","value":1},{"label":"16 hrs","value":0},{"label":"17 hrs","value":0},{"label":"18 hrs","value":3},{"label":"19 hrs","value":2},{"label":"20 hrs","value":3},{"label":"21 hrs","value":4},{"label":"22 hrs","value":0},{"label":"23 hrs","value":2}],"supplyDx":[{"label":"","value":0}],"supplyService":[{"label":"","value":0}],"supplyBook":[{"label":"","value":0}]},{"source":3,"target":14,"value":29,"fill":"#8DD3C7","supply":[{"label":"00 hrs","value":0},{"label":"01 hrs","value":0},{"label":"02 hrs","value":2},{"label":"03 hrs","value":0},{"label":"04 hrs","value":0},{"label":"05 hrs","value":0},{"label":"06 hrs","value":0},{"label":"07 hrs","value":0},{"label":"08 hrs","value":0},{"label":"09 hrs","value":2},{"label":"10 hrs","value":2},{"label":"11 hrs","value":3},{"label":"12 hrs","value":1},{"label":"13 hrs","value":3},{"label":"14 hrs","value":1},{"label":"15 hrs","value":1},{"label":"16 hrs","value":3},{"label":"17 hrs","value":3},{"label":"18 hrs","value":1},{"label":"19 hrs","value":2},{"label":"20 hrs","value":1},{"label":"21 hrs","value":1},{"label":"22 hrs","value":1},{"label":"23 hrs","value":2}],"supplyDx":[{"label":"","value":0}],"supplyService":[{"label":"","value":0}],"supplyBook":[{"label":"","value":0}]},{"source":4,"target":14,"value":2,"fill":"#8DD3C7","supply":[{"label":"00 hrs","value":0},{"label":"01 hrs","value":0},{"label":"02 hrs","value":0},{"label":"03 hrs","value":0},{"label":"04 hrs","value":0},{"label":"05 hrs","value":0},{"label":"06 hrs","value":0},{"label":"07 hrs","value":0},{"label":"08 hrs","value":0},{"label":"09 hrs","value":0},{"label":"10 hrs","value":0},{"label":"11 hrs","value":0},{"label":"12 hrs","value":0},{"label":"13 hrs","value":1},{"label":"14 hrs","value":0},{"label":"15 hrs","value":0},{"label":"16 hrs","value":0},{"label":"17 hrs","value":0},{"label":"18 hrs","value":0},{"label":"19 hrs","value":1},{"label":"20 hrs","value":0},{"label":"21 hrs","value":0},{"label":"22 hrs","value":0},{"label":"23 hrs","value":0}],"supplyDx":[{"label":"","value":0}],"supplyService":[{"label":"","value":0}],"supplyBook":[{"label":"","value":0}]},{"source":5,"target":14,"value":6,"fill":"#8DD3C7","supply":[{"label":"00 hrs","value":0},{"label":"01 hrs","value":0},{"label":"02 hrs","value":0},{"label":"03 hrs","value":0},{"label":"04 hrs","value":0},{"label":"05 hrs","value":0},{"label":"06 hrs","value":0},{"label":"07 hrs","value":0},{"label":"08 hrs","value":0},{"label":"09 hrs","value":2},{"label":"10 hrs","value":0},{"label":"11 hrs","value":0},{"label":"12 hrs","value":3},{"label":"13 hrs","value":0},{"label":"14 hrs","value":0},{"label":"15 hrs","value":0},{"label":"16 hrs","value":0},{"label":"17 hrs","value":0},{"label":"18 hrs","value":0},{"label":"19 hrs","value":1},{"label":"20 hrs","value":0},{"label":"21 hrs","value":0},{"label":"22 hrs","value":0},{"label":"23 hrs","value":0}],"supplyDx":[{"label":"","value":0}],"supplyService":[{"label":"","value":0}],"supplyBook":[{"label":"","value":0}]},{"source":6,"target":14,"value":38,"fill":"#A65628","supply":[{"label":"00 hrs","value":0},{"label":"01 hrs","value":0},{"label":"02 hrs","value":0},{"label":"03 hrs","value":0},{"label":"04 hrs","value":0},{"label":"05 hrs","value":0},{"label":"06 hrs","value":0},{"label":"07 hrs","value":1},{"label":"08 hrs","value":1},{"label":"09 hrs","value":0},{"label":"10 hrs","value":4},{"label":"11 hrs","value":2},{"label":"12 hrs","value":7},{"label":"13 hrs","value":4},{"label":"14 hrs","value":1},{"label":"15 hrs","value":2},{"label":"16 hrs","value":1},{"label":"17 hrs","value":5},{"label":"18 hrs","value":1},{"label":"19 hrs","value":0},{"label":"20 hrs","value":4},{"label":"21 hrs","value":2},{"label":"22 hrs","value":2},{"label":"23 hrs","value":1}],"supplyDx":[{"label":"","value":0}],"supplyService":[{"label":"","value":0}],"supplyBook":[{"label":"","value":0}]},{"source":7,"target":14,"value":123,"fill":"#FB8072","supply":[{"label":"00 hrs","value":2},{"label":"01 hrs","value":2},{"label":"02 hrs","value":0},{"label":"03 hrs","value":0},{"label":"04 hrs","value":2},{"label":"05 hrs","value":1},{"label":"06 hrs","value":3},{"label":"07 hrs","value":3},{"label":"08 hrs","value":2},{"label":"09 hrs","value":3},{"label":"10 hrs","value":7},{"label":"11 hrs","value":10},{"label":"12 hrs","value":10},{"label":"13 hrs","value":9},{"label":"14 hrs","value":11},{"label":"15 hrs","value":8},{"label":"16 hrs","value":12},{"label":"17 hrs","value":7},{"label":"18 hrs","value":5},{"label":"19 hrs","value":8},{"label":"20 hrs","value":9},{"label":"21 hrs","value":3},{"label":"22 hrs","value":5},{"label":"23 hrs","value":1}],"supplyDx":[{"label":"","value":0}],"supplyService":[{"label":"","value":0}],"supplyBook":[{"label":"","value":0}]},{"source":8,"target":14,"value":158,"fill":"#FF7F00","supply":[{"label":"00 hrs","value":0},{"label":"01 hrs","value":2},{"label":"02 hrs","value":1},{"label":"03 hrs","value":1},{"label":"04 hrs","value":1},{"label":"05 hrs","value":2},{"label":"06 hrs","value":2},{"label":"07 hrs","value":3},{"label":"08 hrs","value":11},{"label":"09 hrs","value":13},{"label":"10 hrs","value":18},{"label":"11 hrs","value":12},{"label":"12 hrs","value":15},{"label":"13 hrs","value":9},{"label":"14 hrs","value":13},{"label":"15 hrs","value":10},{"label":"16 hrs","value":9},{"label":"17 hrs","value":5},{"label":"18 hrs","value":5},{"label":"19 hrs","value":9},{"label":"20 hrs","value":5},{"label":"21 hrs","value":9},{"label":"22 hrs","value":0},{"label":"23 hrs","value":3}],"supplyDx":[{"label":"","value":0}],"supplyService":[{"label":"","value":0}],"supplyBook":[{"label":"","value":0}]},{"source":9,"target":14,"value":111,"fill":"#BEBADA","supply":[{"label":"00 hrs","value":2},{"label":"01 hrs","value":1},{"label":"02 hrs","value":1},{"label":"03 hrs","value":2},{"label":"04 hrs","value":2},{"label":"05 hrs","value":0},{"label":"06 hrs","value":3},{"label":"07 hrs","value":4},{"label":"08 hrs","value":2},{"label":"09 hrs","value":8},{"label":"10 hrs","value":7},{"label":"11 hrs","value":11},{"label":"12 hrs","value":12},{"label":"13 hrs","value":7},{"label":"14 hrs","value":10},{"label":"15 hrs","value":3},{"label":"16 hrs","value":9},{"label":"17 hrs","value":4},{"label":"18 hrs","value":3},{"label":"19 hrs","value":6},{"label":"20 hrs","value":5},{"label":"21 hrs","value":6},{"label":"22 hrs","value":2},{"label":"23 hrs","value":1}],"supplyDx":[{"label":"","value":0}],"supplyService":[{"label":"","value":0}],"supplyBook":[{"label":"","value":0}]},{"source":10,"target":14,"value":174,"fill":"#BEBADA","supply":[{"label":"00 hrs","value":18},{"label":"01 hrs","value":1},{"label":"02 hrs","value":1},{"label":"03 hrs","value":2},{"label":"04 hrs","value":2},{"label":"05 hrs","value":0},{"label":"06 hrs","value":4},{"label":"07 hrs","value":3},{"label":"08 hrs","value":4},{"label":"09 hrs","value":9},{"label":"10 hrs","value":15},{"label":"11 hrs","value":21},{"label":"12 hrs","value":19},{"label":"13 hrs","value":11},{"label":"14 hrs","value":7},{"label":"15 hrs","value":11},{"label":"16 hrs","value":10},{"label":"17 hrs","value":6},{"label":"18 hrs","value":7},{"label":"19 hrs","value":5},{"label":"20 hrs","value":9},{"label":"21 hrs","value":4},{"label":"22 hrs","value":2},{"label":"23 hrs","value":3}],"supplyDx":[{"label":"","value":0}],"supplyService":[{"label":"","value":0}],"supplyBook":[{"label":"","value":0}]},{"source":12,"target":13,"value":1211,"fill":"#BEBADA","supply":[{"label":"00 hrs","value":0},{"label":"01 hrs","value":0},{"label":"02 hrs","value":0},{"label":"03 hrs","value":0},{"label":"04 hrs","value":0},{"label":"05 hrs","value":0},{"label":"06 hrs","value":0},{"label":"07 hrs","value":0},{"label":"08 hrs","value":59},{"label":"09 hrs","value":111},{"label":"10 hrs","value":104},{"label":"11 hrs","value":126},{"label":"12 hrs","value":132},{"label":"13 hrs","value":115},{"label":"14 hrs","value":104},{"label":"15 hrs","value":93},{"label":"16 hrs","value":73},{"label":"17 hrs","value":67},{"label":"18 hrs","value":58},{"label":"19 hrs","value":44},{"label":"20 hrs","value":24},{"label":"21 hrs","value":50},{"label":"22 hrs","value":30},{"label":"23 hrs","value":21}],"supplyDx":[{"label":"","value":0}],"supplyService":[{"label":"","value":0}],"supplyBook":[{"label":"","value":0}]},{"source":12,"target":13,"value":125,"fill":"#FF7F00","supply":[{"label":"00 hrs","value":0},{"label":"01 hrs","value":0},{"label":"02 hrs","value":0},{"label":"03 hrs","value":0},{"label":"04 hrs","value":0},{"label":"05 hrs","value":0},{"label":"06 hrs","value":0},{"label":"07 hrs","value":0},{"label":"08 hrs","value":11},{"label":"09 hrs","value":11},{"label":"10 hrs","value":16},{"label":"11 hrs","value":11},{"label":"12 hrs","value":13},{"label":"13 hrs","value":9},{"label":"14 hrs","value":12},{"label":"15 hrs","value":9},{"label":"16 hrs","value":5},{"label":"17 hrs","value":2},{"label":"18 hrs","value":4},{"label":"19 hrs","value":7},{"label":"20 hrs","value":5},{"label":"21 hrs","value":9},{"label":"22 hrs","value":0},{"label":"23 hrs","value":1}],"supplyDx":[{"label":"","value":0}],"supplyService":[{"label":"","value":0}],"supplyBook":[{"label":"","value":0}]}]}