{
  "nodes": [
    {"layer": 0,"name": "National Telephony","fill": "#8C2D04"}, 
    {"layer": 1,"name": "Admin","fill": "#D94801"}, 
    {"layer": 1,"name": "CMC (Clinical Advisor)","fill": "#D94801"}, 
    {"layer": 1,"name": "Dental","fill": "#D94801"}, 
    {"layer": 1,"name": "Other","fill": "#D94801"}, 
    {"layer": 1,"name": "Star Lines","fill": "#D94801"}, 
    {"layer": 1,"name": "Worsening","fill": "#D94801"}, 
    {"layer": 2,"name": "InHealth","fill": "#F16913","grouping": [{"label": "InHealth","value": 720}, {"label": "InHealth (Dental)","value": 53}]}, 
    {"layer": 2,"name": "SEL 111","fill": "#F16913"}, 
    {"layer": 4,"name": "CA","fill": "#FD8D3C"}, 
    {"layer": 4,"name": "GP","fill": "#FD8D3C"}, 
    {"layer": 4,"name": "HA","fill": "#FD8D3C"}, 
    {"layer": 4,"name": "SA","fill": "#FD8D3C"}, 
    {"layer": 4,"name": "Unknown","fill": "#FD8D3C"}, 
    {"layer": 5,"name": "CA","fill": "#FDAE6B"}, 
    {"layer": 5,"name": "GP","fill": "#FDAE6B"}, 
    {"layer": 5,"name": "HA","fill": "#FDAE6B"}, 
    {"layer": 5,"name": "Unknown","fill": "#FDAE6B"}, 
    {"layer": 7,"name": "999","fill": "#FDD0A2"}, 
    {"layer": 7,"name": "Care Home","fill": "#FDD0A2"}, 
    {"layer": 7,"name": "Dental","fill": "#FDD0A2","grouping": [{"label": "Dental Emergency","value": 88}, {"label": "Dental Service","value": 8}]}, 
    {"layer": 7,"name": "District/Community Nurse","fill": "#FDD0A2"}, 
    {"layer": 7,"name": "ED","fill": "#FDD0A2","grouping": [{"label": "Emergency Department (ED)","value": 57}, {"label": "Emergency Department (ED) Eye Casualty","value": 1}]}, 
    {"layer": 7,"name": "GP/GP Extended Hours/GP Choice/Hub","fill": "#FDD0A2","grouping": [{"label": "GP Access Hub","value": 7}, {"label": "GP Practice","value": 178}, {"label": "GP Practice Extended Hours","value": 8}]}, 
    {"layer": 7,"name": "IUC CAS/Calls/Treatment","fill": "#FDD0A2","grouping": [{"label": "Integrated Urgent Care (IUC) Clinical Assessment Service (CAS)","value": 29}, {"label": "Integrated Urgent Care (IUC) NHS 111 Call Handling Provider","value": 56}, {"label": "Integrated Urgent Care (IUC) Treatment Service","value": 143}]}, 
    {"layer": 7,"name": "Mental Health","fill": "#FDD0A2"}, 
    {"layer": 7,"name": "MIU/UTC/UCC/WiC","fill": "#FDD0A2"}, 
    {"layer": 7,"name": "Specialist Services","fill": "#FDD0A2"}
  ],
  "links": [{"source": 0,"target": 1,"value": 103,"fill": "#FB8072","supply": [{"label": "00 hrs","value": 0}, {"label": "01 hrs","value": 4}, {"label": "02 hrs","value": 0}, {"label": "03 hrs","value": 3}, {"label": "04 hrs","value": 2}, {"label": "05 hrs","value": 0}, {"label": "06 hrs","value": 0}, {"label": "07 hrs","value": 1}, {"label": "08 hrs","value": 2}, {"label": "09 hrs","value": 10}, {"label": "10 hrs","value": 8}, {"label": "11 hrs","value": 10}, {"label": "12 hrs","value": 8}, {"label": "13 hrs","value": 11}, {"label": "14 hrs","value": 4}, {"label": "15 hrs","value": 3}, {"label": "16 hrs","value": 7}, {"label": "17 hrs","value": 4}, {"label": "18 hrs","value": 3}, {"label": "19 hrs","value": 4}, {"label": "20 hrs","value": 2}, {"label": "21 hrs","value": 6}, {"label": "22 hrs","value": 7}, {"label": "23 hrs","value": 4}]}, {"source": 0,"target": 2,"value": 1,"fill": "#FCC5C0","supply": [{"label": "00 hrs","value": 0}, {"label": "01 hrs","value": 0}, {"label": "02 hrs","value": 0}, {"label": "03 hrs","value": 0}, {"label": "04 hrs","value": 0}, {"label": "05 hrs","value": 0}, {"label": "06 hrs","value": 0}, {"label": "07 hrs","value": 0}, {"label": "08 hrs","value": 0}, {"label": "09 hrs","value": 0}, {"label": "10 hrs","value": 0}, {"label": "11 hrs","value": 0}, {"label": "12 hrs","value": 0}, {"label": "13 hrs","value": 0}, {"label": "14 hrs","value": 0}, {"label": "15 hrs","value": 0}, {"label": "16 hrs","value": 0}, {"label": "17 hrs","value": 0}, {"label": "18 hrs","value": 0}, {"label": "19 hrs","value": 0}, {"label": "20 hrs","value": 0}, {"label": "21 hrs","value": 0}, {"label": "22 hrs","value": 1}, {"label": "23 hrs","value": 0}]}, {"source": 0,"target": 3,"value": 25,"fill": "#FF7F00","supply": [{"label": "00 hrs","value": 0}, {"label": "01 hrs","value": 0}, {"label": "02 hrs","value": 2}, {"label": "03 hrs","value": 3}, {"label": "04 hrs","value": 0}, {"label": "05 hrs","value": 3}, {"label": "06 hrs","value": 1}, {"label": "07 hrs","value": 2}, {"label": "08 hrs","value": 4}, {"label": "09 hrs","value": 5}, {"label": "10 hrs","value": 3}, {"label": "11 hrs","value": 5}, {"label": "12 hrs","value": 4}, {"label": "13 hrs","value": 4}, {"label": "14 hrs","value": 2}, {"label": "15 hrs","value": 2}, {"label": "16 hrs","value": 4}, {"label": "17 hrs","value": 6}, {"label": "18 hrs","value": 7}, {"label": "19 hrs","value": 3}, {"label": "20 hrs","value": 5}, {"label": "21 hrs","value": 6}, {"label": "22 hrs","value": 5}, {"label": "23 hrs","value": 2}]}, {"source": 0,"target": 4,"value": 1107,"fill": "#BEBADA","supply": [{"label": "00 hrs","value": 23}, {"label": "01 hrs","value": 26}, {"label": "02 hrs","value": 23}, {"label": "03 hrs","value": 18}, {"label": "04 hrs","value": 20}, {"label": "05 hrs","value": 16}, {"label": "06 hrs","value": 27}, {"label": "07 hrs","value": 48}, {"label": "08 hrs","value": 113}, {"label": "09 hrs","value": 142}, {"label": "10 hrs","value": 151}, {"label": "11 hrs","value": 145}, {"label": "12 hrs","value": 142}, {"label": "13 hrs","value": 110}, {"label": "14 hrs","value": 117}, {"label": "15 hrs","value": 106}, {"label": "16 hrs","value": 87}, {"label": "17 hrs","value": 98}, {"label": "18 hrs","value": 99}, {"label": "19 hrs","value": 89}, {"label": "20 hrs","value": 72}, {"label": "21 hrs","value": 70}, {"label": "22 hrs","value": 50}, {"label": "23 hrs","value": 35}]}, {"source": 0,"target": 5,"value": 14,"fill": "#8DD3C7","supply": [{"label": "00 hrs","value": 0}, {"label": "01 hrs","value": 0}, {"label": "02 hrs","value": 0}, {"label": "03 hrs","value": 0}, {"label": "04 hrs","value": 0}, {"label": "05 hrs","value": 1}, {"label": "06 hrs","value": 0}, {"label": "07 hrs","value": 1}, {"label": "08 hrs","value": 0}, {"label": "09 hrs","value": 1}, {"label": "10 hrs","value": 0}, {"label": "11 hrs","value": 0}, {"label": "12 hrs","value": 0}, {"label": "13 hrs","value": 1}, {"label": "14 hrs","value": 1}, {"label": "15 hrs","value": 0}, {"label": "16 hrs","value": 0}, {"label": "17 hrs","value": 1}, {"label": "18 hrs","value": 2}, {"label": "19 hrs","value": 2}, {"label": "20 hrs","value": 3}, {"label": "21 hrs","value": 0}, {"label": "22 hrs","value": 0}, {"label": "23 hrs","value": 1}]}, {"source": 0,"target": 6,"value": 37,"fill": "#A65628","supply": [{"label": "00 hrs","value": 0}, {"label": "01 hrs","value": 0}, {"label": "02 hrs","value": 1}, {"label": "03 hrs","value": 0}, {"label": "04 hrs","value": 0}, {"label": "05 hrs","value": 1}, {"label": "06 hrs","value": 0}, {"label": "07 hrs","value": 3}, {"label": "08 hrs","value": 6}, {"label": "09 hrs","value": 5}, {"label": "10 hrs","value": 0}, {"label": "11 hrs","value": 5}, {"label": "12 hrs","value": 5}, {"label": "13 hrs","value": 2}, {"label": "14 hrs","value": 0}, {"label": "15 hrs","value": 1}, {"label": "16 hrs","value": 1}, {"label": "17 hrs","value": 3}, {"label": "18 hrs","value": 1}, {"label": "19 hrs","value": 1}, {"label": "20 hrs","value": 0}, {"label": "21 hrs","value": 0}, {"label": "22 hrs","value": 2}, {"label": "23 hrs","value": 0}]}, {"source": 1,"target": 8,"value": 103,"fill": "#FB8072","supply": [{"label": "00 hrs","value": 0}, {"label": "01 hrs","value": 4}, {"label": "02 hrs","value": 0}, {"label": "03 hrs","value": 3}, {"label": "04 hrs","value": 2}, {"label": "05 hrs","value": 0}, {"label": "06 hrs","value": 0}, {"label": "07 hrs","value": 1}, {"label": "08 hrs","value": 2}, {"label": "09 hrs","value": 10}, {"label": "10 hrs","value": 8}, {"label": "11 hrs","value": 10}, {"label": "12 hrs","value": 8}, {"label": "13 hrs","value": 11}, {"label": "14 hrs","value": 4}, {"label": "15 hrs","value": 3}, {"label": "16 hrs","value": 7}, {"label": "17 hrs","value": 4}, {"label": "18 hrs","value": 3}, {"label": "19 hrs","value": 4}, {"label": "20 hrs","value": 2}, {"label": "21 hrs","value": 6}, {"label": "22 hrs","value": 7}, {"label": "23 hrs","value": 4}]}, {"source": 2,"target": 8,"value": 1,"fill": "#FCC5C0","supply": [{"label": "00 hrs","value": 0}, {"label": "01 hrs","value": 0}, {"label": "02 hrs","value": 0}, {"label": "03 hrs","value": 0}, {"label": "04 hrs","value": 0}, {"label": "05 hrs","value": 0}, {"label": "06 hrs","value": 0}, {"label": "07 hrs","value": 0}, {"label": "08 hrs","value": 0}, {"label": "09 hrs","value": 0}, {"label": "10 hrs","value": 0}, {"label": "11 hrs","value": 0}, {"label": "12 hrs","value": 0}, {"label": "13 hrs","value": 0}, {"label": "14 hrs","value": 0}, {"label": "15 hrs","value": 0}, {"label": "16 hrs","value": 0}, {"label": "17 hrs","value": 0}, {"label": "18 hrs","value": 0}, {"label": "19 hrs","value": 0}, {"label": "20 hrs","value": 0}, {"label": "21 hrs","value": 0}, {"label": "22 hrs","value": 1}, {"label": "23 hrs","value": 0}]}, {"source": 3,"target": 8,"value": 78,"fill": "#FF7F00","supply": [{"label": "00 hrs","value": 0}, {"label": "01 hrs","value": 0}, {"label": "02 hrs","value": 2}, {"label": "03 hrs","value": 3}, {"label": "04 hrs","value": 0}, {"label": "05 hrs","value": 3}, {"label": "06 hrs","value": 1}, {"label": "07 hrs","value": 2}, {"label": "08 hrs","value": 4}, {"label": "09 hrs","value": 5}, {"label": "10 hrs","value": 3}, {"label": "11 hrs","value": 5}, {"label": "12 hrs","value": 4}, {"label": "13 hrs","value": 4}, {"label": "14 hrs","value": 2}, {"label": "15 hrs","value": 2}, {"label": "16 hrs","value": 4}, {"label": "17 hrs","value": 6}, {"label": "18 hrs","value": 7}, {"label": "19 hrs","value": 3}, {"label": "20 hrs","value": 5}, {"label": "21 hrs","value": 6}, {"label": "22 hrs","value": 5}, {"label": "23 hrs","value": 2}]}, {"source": 4,"target": 8,"value": 1827,"fill": "#BEBADA","supply": [{"label": "00 hrs","value": 23}, {"label": "01 hrs","value": 26}, {"label": "02 hrs","value": 23}, {"label": "03 hrs","value": 18}, {"label": "04 hrs","value": 20}, {"label": "05 hrs","value": 16}, {"label": "06 hrs","value": 27}, {"label": "07 hrs","value": 48}, {"label": "08 hrs","value": 113}, {"label": "09 hrs","value": 142}, {"label": "10 hrs","value": 151}, {"label": "11 hrs","value": 145}, {"label": "12 hrs","value": 142}, {"label": "13 hrs","value": 110}, {"label": "14 hrs","value": 117}, {"label": "15 hrs","value": 106}, {"label": "16 hrs","value": 87}, {"label": "17 hrs","value": 98}, {"label": "18 hrs","value": 99}, {"label": "19 hrs","value": 89}, {"label": "20 hrs","value": 72}, {"label": "21 hrs","value": 70}, {"label": "22 hrs","value": 50}, {"label": "23 hrs","value": 35}]}, {"source": 5,"target": 8,"value": 14,"fill": "#8DD3C7","supply": [{"label": "00 hrs","value": 0}, {"label": "01 hrs","value": 0}, {"label": "02 hrs","value": 0}, {"label": "03 hrs","value": 0}, {"label": "04 hrs","value": 0}, {"label": "05 hrs","value": 1}, {"label": "06 hrs","value": 0}, {"label": "07 hrs","value": 1}, {"label": "08 hrs","value": 0}, {"label": "09 hrs","value": 1}, {"label": "10 hrs","value": 0}, {"label": "11 hrs","value": 0}, {"label": "12 hrs","value": 0}, {"label": "13 hrs","value": 1}, {"label": "14 hrs","value": 1}, {"label": "15 hrs","value": 0}, {"label": "16 hrs","value": 0}, {"label": "17 hrs","value": 1}, {"label": "18 hrs","value": 2}, {"label": "19 hrs","value": 2}, {"label": "20 hrs","value": 3}, {"label": "21 hrs","value": 0}, {"label": "22 hrs","value": 0}, {"label": "23 hrs","value": 1}]}, {"source": 6,"target": 8,"value": 37,"fill": "#A65628","supply": [{"label": "00 hrs","value": 0}, {"label": "01 hrs","value": 0}, {"label": "02 hrs","value": 1}, {"label": "03 hrs","value": 0}, {"label": "04 hrs","value": 0}, {"label": "05 hrs","value": 1}, {"label": "06 hrs","value": 0}, {"label": "07 hrs","value": 3}, {"label": "08 hrs","value": 6}, {"label": "09 hrs","value": 5}, {"label": "10 hrs","value": 0}, {"label": "11 hrs","value": 5}, {"label": "12 hrs","value": 5}, {"label": "13 hrs","value": 2}, {"label": "14 hrs","value": 0}, {"label": "15 hrs","value": 1}, {"label": "16 hrs","value": 1}, {"label": "17 hrs","value": 3}, {"label": "18 hrs","value": 1}, {"label": "19 hrs","value": 1}, {"label": "20 hrs","value": 0}, {"label": "21 hrs","value": 0}, {"label": "22 hrs","value": 2}, {"label": "23 hrs","value": 0}]}, {"source": 4,"target": 7,"value": 720,"fill": "#BEBADA","supply": [{"label": "00 hrs","value": 0}, {"label": "01 hrs","value": 0}, {"label": "02 hrs","value": 0}, {"label": "03 hrs","value": 0}, {"label": "04 hrs","value": 0}, {"label": "05 hrs","value": 0}, {"label": "06 hrs","value": 0}, {"label": "07 hrs","value": 0}, {"label": "08 hrs","value": 34}, {"label": "09 hrs","value": 56}, {"label": "10 hrs","value": 55}, {"label": "11 hrs","value": 51}, {"label": "12 hrs","value": 57}, {"label": "13 hrs","value": 46}, {"label": "14 hrs","value": 45}, {"label": "15 hrs","value": 45}, {"label": "16 hrs","value": 47}, {"label": "17 hrs","value": 47}, {"label": "18 hrs","value": 50}, {"label": "19 hrs","value": 52}, {"label": "20 hrs","value": 40}, {"label": "21 hrs","value": 45}, {"label": "22 hrs","value": 27}, {"label": "23 hrs","value": 23}]}, {"source": 3,"target": 7,"value": 53,"fill": "#FF7F00","supply": [{"label": "00 hrs","value": 0}, {"label": "01 hrs","value": 0}, {"label": "02 hrs","value": 0}, {"label": "03 hrs","value": 0}, {"label": "04 hrs","value": 0}, {"label": "05 hrs","value": 0}, {"label": "06 hrs","value": 0}, {"label": "07 hrs","value": 0}, {"label": "08 hrs","value": 0}, {"label": "09 hrs","value": 0}, {"label": "10 hrs","value": 0}, {"label": "11 hrs","value": 2}, {"label": "12 hrs","value": 5}, {"label": "13 hrs","value": 3}, {"label": "14 hrs","value": 2}, {"label": "15 hrs","value": 2}, {"label": "16 hrs","value": 4}, {"label": "17 hrs","value": 6}, {"label": "18 hrs","value": 7}, {"label": "19 hrs","value": 4}, {"label": "20 hrs","value": 5}, {"label": "21 hrs","value": 6}, {"label": "22 hrs","value": 5}, {"label": "23 hrs","value": 2}]}, {"source": 8,"target": 9,"value": 1,"fill": "#FCC5C0","supply": [{"label": "00 hrs","value": 0}, {"label": "01 hrs","value": 0}, {"label": "02 hrs","value": 0}, {"label": "03 hrs","value": 0}, {"label": "04 hrs","value": 0}, {"label": "05 hrs","value": 0}, {"label": "06 hrs","value": 1}, {"label": "07 hrs","value": 0}, {"label": "08 hrs","value": 0}, {"label": "09 hrs","value": 0}, {"label": "10 hrs","value": 0}, {"label": "11 hrs","value": 0}, {"label": "12 hrs","value": 0}, {"label": "13 hrs","value": 0}, {"label": "14 hrs","value": 0}, {"label": "15 hrs","value": 0}, {"label": "16 hrs","value": 0}, {"label": "17 hrs","value": 0}, {"label": "18 hrs","value": 0}, {"label": "19 hrs","value": 0}, {"label": "20 hrs","value": 0}, {"label": "21 hrs","value": 0}, {"label": "22 hrs","value": 0}, {"label": "23 hrs","value": 0}]}, {"source": 8,"target": 10,"value": 1,"fill": "#FCC5C0","supply": [{"label": "00 hrs","value": 0}, {"label": "01 hrs","value": 0}, {"label": "02 hrs","value": 0}, {"label": "03 hrs","value": 0}, {"label": "04 hrs","value": 0}, {"label": "05 hrs","value": 0}, {"label": "06 hrs","value": 0}, {"label": "07 hrs","value": 0}, {"label": "08 hrs","value": 0}, {"label": "09 hrs","value": 0}, {"label": "10 hrs","value": 0}, {"label": "11 hrs","value": 0}, {"label": "12 hrs","value": 0}, {"label": "13 hrs","value": 1}, {"label": "14 hrs","value": 0}, {"label": "15 hrs","value": 0}, {"label": "16 hrs","value": 0}, {"label": "17 hrs","value": 0}, {"label": "18 hrs","value": 0}, {"label": "19 hrs","value": 0}, {"label": "20 hrs","value": 0}, {"label": "21 hrs","value": 0}, {"label": "22 hrs","value": 0}, {"label": "23 hrs","value": 0}]}, {"source": 8,"target": 11,"value": 23,"fill": "#FCC5C0","supply": [{"label": "00 hrs","value": 0}, {"label": "01 hrs","value": 1}, {"label": "02 hrs","value": 2}, {"label": "03 hrs","value": 2}, {"label": "04 hrs","value": 1}, {"label": "05 hrs","value": 1}, {"label": "06 hrs","value": 1}, {"label": "07 hrs","value": 1}, {"label": "08 hrs","value": 0}, {"label": "09 hrs","value": 1}, {"label": "10 hrs","value": 2}, {"label": "11 hrs","value": 1}, {"label": "12 hrs","value": 0}, {"label": "13 hrs","value": 0}, {"label": "14 hrs","value": 0}, {"label": "15 hrs","value": 0}, {"label": "16 hrs","value": 0}, {"label": "17 hrs","value": 0}, {"label": "18 hrs","value": 2}, {"label": "19 hrs","value": 3}, {"label": "20 hrs","value": 1}, {"label": "21 hrs","value": 3}, {"label": "22 hrs","value": 0}, {"label": "23 hrs","value": 1}]}, {"source": 8,"target": 9,"value": 1,"fill": "#8DD3C7","supply": [{"label": "00 hrs","value": 0}, {"label": "01 hrs","value": 0}, {"label": "02 hrs","value": 0}, {"label": "03 hrs","value": 0}, {"label": "04 hrs","value": 0}, {"label": "05 hrs","value": 0}, {"label": "06 hrs","value": 0}, {"label": "07 hrs","value": 0}, {"label": "08 hrs","value": 0}, {"label": "09 hrs","value": 0}, {"label": "10 hrs","value": 0}, {"label": "11 hrs","value": 0}, {"label": "12 hrs","value": 0}, {"label": "13 hrs","value": 0}, {"label": "14 hrs","value": 0}, {"label": "15 hrs","value": 0}, {"label": "16 hrs","value": 0}, {"label": "17 hrs","value": 0}, {"label": "18 hrs","value": 0}, {"label": "19 hrs","value": 0}, {"label": "20 hrs","value": 1}, {"label": "21 hrs","value": 0}, {"label": "22 hrs","value": 0}, {"label": "23 hrs","value": 0}]}, {"source": 8,"target": 11,"value": 25,"fill": "#8DD3C7","supply": [{"label": "00 hrs","value": 2}, {"label": "01 hrs","value": 4}, {"label": "02 hrs","value": 4}, {"label": "03 hrs","value": 1}, {"label": "04 hrs","value": 0}, {"label": "05 hrs","value": 0}, {"label": "06 hrs","value": 0}, {"label": "07 hrs","value": 0}, {"label": "08 hrs","value": 0}, {"label": "09 hrs","value": 2}, {"label": "10 hrs","value": 1}, {"label": "11 hrs","value": 1}, {"label": "12 hrs","value": 0}, {"label": "13 hrs","value": 0}, {"label": "14 hrs","value": 0}, {"label": "15 hrs","value": 0}, {"label": "16 hrs","value": 0}, {"label": "17 hrs","value": 0}, {"label": "18 hrs","value": 2}, {"label": "19 hrs","value": 1}, {"label": "20 hrs","value": 2}, {"label": "21 hrs","value": 3}, {"label": "22 hrs","value": 1}, {"label": "23 hrs","value": 1}]}, {"source": 8,"target": 9,"value": 64,"fill": "#BEBADA","supply": [{"label": "00 hrs","value": 2}, {"label": "01 hrs","value": 1}, {"label": "02 hrs","value": 0}, {"label": "03 hrs","value": 4}, {"label": "04 hrs","value": 2}, {"label": "05 hrs","value": 0}, {"label": "06 hrs","value": 1}, {"label": "07 hrs","value": 1}, {"label": "08 hrs","value": 2}, {"label": "09 hrs","value": 2}, {"label": "10 hrs","value": 3}, {"label": "11 hrs","value": 2}, {"label": "12 hrs","value": 3}, {"label": "13 hrs","value": 13}, {"label": "14 hrs","value": 4}, {"label": "15 hrs","value": 4}, {"label": "16 hrs","value": 3}, {"label": "17 hrs","value": 2}, {"label": "18 hrs","value": 1}, {"label": "19 hrs","value": 1}, {"label": "20 hrs","value": 3}, {"label": "21 hrs","value": 4}, {"label": "22 hrs","value": 3}, {"label": "23 hrs","value": 3}]}, {"source": 8,"target": 10,"value": 168,"fill": "#BEBADA","supply": [{"label": "00 hrs","value": 1}, {"label": "01 hrs","value": 2}, {"label": "02 hrs","value": 2}, {"label": "03 hrs","value": 1}, {"label": "04 hrs","value": 1}, {"label": "05 hrs","value": 0}, {"label": "06 hrs","value": 1}, {"label": "07 hrs","value": 2}, {"label": "08 hrs","value": 7}, {"label": "09 hrs","value": 8}, {"label": "10 hrs","value": 11}, {"label": "11 hrs","value": 11}, {"label": "12 hrs","value": 15}, {"label": "13 hrs","value": 10}, {"label": "14 hrs","value": 10}, {"label": "15 hrs","value": 14}, {"label": "16 hrs","value": 10}, {"label": "17 hrs","value": 9}, {"label": "18 hrs","value": 7}, {"label": "19 hrs","value": 14}, {"label": "20 hrs","value": 8}, {"label": "21 hrs","value": 13}, {"label": "22 hrs","value": 6}, {"label": "23 hrs","value": 5}]}, {"source": 8,"target": 11,"value": 987,"fill": "#BEBADA","supply": [{"label": "00 hrs","value": 16}, {"label": "01 hrs","value": 18}, {"label": "02 hrs","value": 13}, {"label": "03 hrs","value": 19}, {"label": "04 hrs","value": 22}, {"label": "05 hrs","value": 24}, {"label": "06 hrs","value": 16}, {"label": "07 hrs","value": 26}, {"label": "08 hrs","value": 40}, {"label": "09 hrs","value": 55}, {"label": "10 hrs","value": 45}, {"label": "11 hrs","value": 54}, {"label": "12 hrs","value": 53}, {"label": "13 hrs","value": 47}, {"label": "14 hrs","value": 53}, {"label": "15 hrs","value": 66}, {"label": "16 hrs","value": 52}, {"label": "17 hrs","value": 65}, {"label": "18 hrs","value": 54}, {"label": "19 hrs","value": 52}, {"label": "20 hrs","value": 57}, {"label": "21 hrs","value": 59}, {"label": "22 hrs","value": 47}, {"label": "23 hrs","value": 34}]}, {"source": 8,"target": 12,"value": 22,"fill": "#BEBADA","supply": [{"label": "00 hrs","value": 0}, {"label": "01 hrs","value": 1}, {"label": "02 hrs","value": 1}, {"label": "03 hrs","value": 1}, {"label": "04 hrs","value": 2}, {"label": "05 hrs","value": 0}, {"label": "06 hrs","value": 0}, {"label": "07 hrs","value": 1}, {"label": "08 hrs","value": 0}, {"label": "09 hrs","value": 0}, {"label": "10 hrs","value": 0}, {"label": "11 hrs","value": 1}, {"label": "12 hrs","value": 3}, {"label": "13 hrs","value": 0}, {"label": "14 hrs","value": 0}, {"label": "15 hrs","value": 1}, {"label": "16 hrs","value": 0}, {"label": "17 hrs","value": 1}, {"label": "18 hrs","value": 5}, {"label": "19 hrs","value": 2}, {"label": "20 hrs","value": 1}, {"label": "21 hrs","value": 1}, {"label": "22 hrs","value": 1}, {"label": "23 hrs","value": 0}]}, {"source": 8,"target": 13,"value": 1,"fill": "#BEBADA","supply": [{"label": "00 hrs","value": 0}, {"label": "01 hrs","value": 0}, {"label": "02 hrs","value": 0}, {"label": "03 hrs","value": 0}, {"label": "04 hrs","value": 0}, {"label": "05 hrs","value": 0}, {"label": "06 hrs","value": 0}, {"label": "07 hrs","value": 0}, {"label": "08 hrs","value": 0}, {"label": "09 hrs","value": 0}, {"label": "10 hrs","value": 0}, {"label": "11 hrs","value": 1}, {"label": "12 hrs","value": 0}, {"label": "13 hrs","value": 0}, {"label": "14 hrs","value": 0}, {"label": "15 hrs","value": 0}, {"label": "16 hrs","value": 0}, {"label": "17 hrs","value": 0}, {"label": "18 hrs","value": 0}, {"label": "19 hrs","value": 0}, {"label": "20 hrs","value": 0}, {"label": "21 hrs","value": 0}, {"label": "22 hrs","value": 0}, {"label": "23 hrs","value": 0}]}, {"source": 9,"target": 14,"value": 58,"fill": "#BEBADA","supply": [{"label": "00 hrs","value": 2}, {"label": "01 hrs","value": 1}, {"label": "02 hrs","value": 0}, {"label": "03 hrs","value": 4}, {"label": "04 hrs","value": 1}, {"label": "05 hrs","value": 0}, {"label": "06 hrs","value": 1}, {"label": "07 hrs","value": 1}, {"label": "08 hrs","value": 2}, {"label": "09 hrs","value": 2}, {"label": "10 hrs","value": 3}, {"label": "11 hrs","value": 1}, {"label": "12 hrs","value": 3}, {"label": "13 hrs","value": 11}, {"label": "14 hrs","value": 3}, {"label": "15 hrs","value": 4}, {"label": "16 hrs","value": 3}, {"label": "17 hrs","value": 2}, {"label": "18 hrs","value": 1}, {"label": "19 hrs","value": 1}, {"label": "20 hrs","value": 3}, {"label": "21 hrs","value": 4}, {"label": "22 hrs","value": 2}, {"label": "23 hrs","value": 3}]}, {"source": 9,"target": 15,"value": 6,"fill": "#BEBADA","supply": [{"label": "00 hrs","value": 0}, {"label": "01 hrs","value": 0}, {"label": "02 hrs","value": 0}, {"label": "03 hrs","value": 0}, {"label": "04 hrs","value": 1}, {"label": "05 hrs","value": 0}, {"label": "06 hrs","value": 0}, {"label": "07 hrs","value": 0}, {"label": "08 hrs","value": 0}, {"label": "09 hrs","value": 0}, {"label": "10 hrs","value": 0}, {"label": "11 hrs","value": 1}, {"label": "12 hrs","value": 0}, {"label": "13 hrs","value": 2}, {"label": "14 hrs","value": 1}, {"label": "15 hrs","value": 0}, {"label": "16 hrs","value": 0}, {"label": "17 hrs","value": 0}, {"label": "18 hrs","value": 0}, {"label": "19 hrs","value": 0}, {"label": "20 hrs","value": 0}, {"label": "21 hrs","value": 0}, {"label": "22 hrs","value": 1}, {"label": "23 hrs","value": 0}]}, {"source": 9,"target": 15,"value": 1,"fill": "#FCC5C0","supply": [{"label": "00 hrs","value": 0}, {"label": "01 hrs","value": 0}, {"label": "02 hrs","value": 0}, {"label": "03 hrs","value": 0}, {"label": "04 hrs","value": 0}, {"label": "05 hrs","value": 0}, {"label": "06 hrs","value": 1}, {"label": "07 hrs","value": 0}, {"label": "08 hrs","value": 0}, {"label": "09 hrs","value": 0}, {"label": "10 hrs","value": 0}, {"label": "11 hrs","value": 0}, {"label": "12 hrs","value": 0}, {"label": "13 hrs","value": 0}, {"label": "14 hrs","value": 0}, {"label": "15 hrs","value": 0}, {"label": "16 hrs","value": 0}, {"label": "17 hrs","value": 0}, {"label": "18 hrs","value": 0}, {"label": "19 hrs","value": 0}, {"label": "20 hrs","value": 0}, {"label": "21 hrs","value": 0}, {"label": "22 hrs","value": 0}, {"label": "23 hrs","value": 0}]}, {"source": 9,"target": 15,"value": 1,"fill": "#8DD3C7","supply": [{"label": "00 hrs","value": 0}, {"label": "01 hrs","value": 0}, {"label": "02 hrs","value": 0}, {"label": "03 hrs","value": 0}, {"label": "04 hrs","value": 0}, {"label": "05 hrs","value": 0}, {"label": "06 hrs","value": 0}, {"label": "07 hrs","value": 0}, {"label": "08 hrs","value": 0}, {"label": "09 hrs","value": 0}, {"label": "10 hrs","value": 0}, {"label": "11 hrs","value": 0}, {"label": "12 hrs","value": 0}, {"label": "13 hrs","value": 0}, {"label": "14 hrs","value": 0}, {"label": "15 hrs","value": 0}, {"label": "16 hrs","value": 0}, {"label": "17 hrs","value": 0}, {"label": "18 hrs","value": 0}, {"label": "19 hrs","value": 0}, {"label": "20 hrs","value": 1}, {"label": "21 hrs","value": 0}, {"label": "22 hrs","value": 0}, {"label": "23 hrs","value": 0}]}, {"source": 10,"target": 15,"value": 168,"fill": "#BEBADA","supply": [{"label": "00 hrs","value": 1}, {"label": "01 hrs","value": 2}, {"label": "02 hrs","value": 2}, {"label": "03 hrs","value": 1}, {"label": "04 hrs","value": 1}, {"label": "05 hrs","value": 0}, {"label": "06 hrs","value": 1}, {"label": "07 hrs","value": 2}, {"label": "08 hrs","value": 7}, {"label": "09 hrs","value": 8}, {"label": "10 hrs","value": 11}, {"label": "11 hrs","value": 11}, {"label": "12 hrs","value": 15}, {"label": "13 hrs","value": 10}, {"label": "14 hrs","value": 10}, {"label": "15 hrs","value": 14}, {"label": "16 hrs","value": 10}, {"label": "17 hrs","value": 9}, {"label": "18 hrs","value": 7}, {"label": "19 hrs","value": 14}, {"label": "20 hrs","value": 8}, {"label": "21 hrs","value": 13}, {"label": "22 hrs","value": 6}, {"label": "23 hrs","value": 5}]}, {"source": 10,"target": 15,"value": 1,"fill": "#FCC5C0","supply": [{"label": "00 hrs","value": 0}, {"label": "01 hrs","value": 0}, {"label": "02 hrs","value": 0}, {"label": "03 hrs","value": 0}, {"label": "04 hrs","value": 0}, {"label": "05 hrs","value": 0}, {"label": "06 hrs","value": 0}, {"label": "07 hrs","value": 0}, {"label": "08 hrs","value": 0}, {"label": "09 hrs","value": 0}, {"label": "10 hrs","value": 0}, {"label": "11 hrs","value": 0}, {"label": "12 hrs","value": 0}, {"label": "13 hrs","value": 1}, {"label": "14 hrs","value": 0}, {"label": "15 hrs","value": 0}, {"label": "16 hrs","value": 0}, {"label": "17 hrs","value": 0}, {"label": "18 hrs","value": 0}, {"label": "19 hrs","value": 0}, {"label": "20 hrs","value": 0}, {"label": "21 hrs","value": 0}, {"label": "22 hrs","value": 0}, {"label": "23 hrs","value": 0}]}, {"source": 11,"target": 14,"value": 148,"fill": "#BEBADA","supply": [{"label": "00 hrs","value": 1}, {"label": "01 hrs","value": 5}, {"label": "02 hrs","value": 5}, {"label": "03 hrs","value": 4}, {"label": "04 hrs","value": 6}, {"label": "05 hrs","value": 8}, {"label": "06 hrs","value": 2}, {"label": "07 hrs","value": 1}, {"label": "08 hrs","value": 4}, {"label": "09 hrs","value": 4}, {"label": "10 hrs","value": 2}, {"label": "11 hrs","value": 5}, {"label": "12 hrs","value": 10}, {"label": "13 hrs","value": 2}, {"label": "14 hrs","value": 5}, {"label": "15 hrs","value": 8}, {"label": "16 hrs","value": 10}, {"label": "17 hrs","value": 3}, {"label": "18 hrs","value": 8}, {"label": "19 hrs","value": 11}, {"label": "20 hrs","value": 9}, {"label": "21 hrs","value": 16}, {"label": "22 hrs","value": 15}, {"label": "23 hrs","value": 4}]}, {"source": 11,"target": 14,"value": 1,"fill": "#FCC5C0","supply": [{"label": "00 hrs","value": 0}, {"label": "01 hrs","value": 0}, {"label": "02 hrs","value": 0}, {"label": "03 hrs","value": 0}, {"label": "04 hrs","value": 0}, {"label": "05 hrs","value": 0}, {"label": "06 hrs","value": 0}, {"label": "07 hrs","value": 1}, {"label": "08 hrs","value": 0}, {"label": "09 hrs","value": 0}, {"label": "10 hrs","value": 0}, {"label": "11 hrs","value": 0}, {"label": "12 hrs","value": 0}, {"label": "13 hrs","value": 0}, {"label": "14 hrs","value": 0}, {"label": "15 hrs","value": 0}, {"label": "16 hrs","value": 0}, {"label": "17 hrs","value": 0}, {"label": "18 hrs","value": 0}, {"label": "19 hrs","value": 0}, {"label": "20 hrs","value": 0}, {"label": "21 hrs","value": 0}, {"label": "22 hrs","value": 0}, {"label": "23 hrs","value": 0}]}, {"source": 11,"target": 14,"value": 4,"fill": "#8DD3C7","supply": [{"label": "00 hrs","value": 0}, {"label": "01 hrs","value": 0}, {"label": "02 hrs","value": 1}, {"label": "03 hrs","value": 0}, {"label": "04 hrs","value": 0}, {"label": "05 hrs","value": 0}, {"label": "06 hrs","value": 0}, {"label": "07 hrs","value": 0}, {"label": "08 hrs","value": 0}, {"label": "09 hrs","value": 0}, {"label": "10 hrs","value": 0}, {"label": "11 hrs","value": 0}, {"label": "12 hrs","value": 0}, {"label": "13 hrs","value": 0}, {"label": "14 hrs","value": 0}, {"label": "15 hrs","value": 0}, {"label": "16 hrs","value": 0}, {"label": "17 hrs","value": 0}, {"label": "18 hrs","value": 0}, {"label": "19 hrs","value": 1}, {"label": "20 hrs","value": 0}, {"label": "21 hrs","value": 2}, {"label": "22 hrs","value": 0}, {"label": "23 hrs","value": 0}]}, {"source": 11,"target": 15,"value": 363,"fill": "#BEBADA","supply": [{"label": "00 hrs","value": 7}, {"label": "01 hrs","value": 6}, {"label": "02 hrs","value": 3}, {"label": "03 hrs","value": 6}, {"label": "04 hrs","value": 3}, {"label": "05 hrs","value": 6}, {"label": "06 hrs","value": 5}, {"label": "07 hrs","value": 8}, {"label": "08 hrs","value": 15}, {"label": "09 hrs","value": 25}, {"label": "10 hrs","value": 20}, {"label": "11 hrs","value": 22}, {"label": "12 hrs","value": 18}, {"label": "13 hrs","value": 17}, {"label": "14 hrs","value": 20}, {"label": "15 hrs","value": 25}, {"label": "16 hrs","value": 12}, {"label": "17 hrs","value": 23}, {"label": "18 hrs","value": 21}, {"label": "19 hrs","value": 20}, {"label": "20 hrs","value": 29}, {"label": "21 hrs","value": 19}, {"label": "22 hrs","value": 17}, {"label": "23 hrs","value": 16}]}, {"source": 11,"target": 15,"value": 11,"fill": "#FCC5C0","supply": [{"label": "00 hrs","value": 0}, {"label": "01 hrs","value": 1}, {"label": "02 hrs","value": 1}, {"label": "03 hrs","value": 1}, {"label": "04 hrs","value": 1}, {"label": "05 hrs","value": 0}, {"label": "06 hrs","value": 0}, {"label": "07 hrs","value": 0}, {"label": "08 hrs","value": 0}, {"label": "09 hrs","value": 1}, {"label": "10 hrs","value": 0}, {"label": "11 hrs","value": 0}, {"label": "12 hrs","value": 0}, {"label": "13 hrs","value": 0}, {"label": "14 hrs","value": 0}, {"label": "15 hrs","value": 0}, {"label": "16 hrs","value": 0}, {"label": "17 hrs","value": 0}, {"label": "18 hrs","value": 2}, {"label": "19 hrs","value": 2}, {"label": "20 hrs","value": 1}, {"label": "21 hrs","value": 1}, {"label": "22 hrs","value": 0}, {"label": "23 hrs","value": 0}]}, {"source": 11,"target": 15,"value": 19,"fill": "#8DD3C7","supply": [{"label": "00 hrs","value": 2}, {"label": "01 hrs","value": 4}, {"label": "02 hrs","value": 2}, {"label": "03 hrs","value": 1}, {"label": "04 hrs","value": 0}, {"label": "05 hrs","value": 0}, {"label": "06 hrs","value": 0}, {"label": "07 hrs","value": 0}, {"label": "08 hrs","value": 0}, {"label": "09 hrs","value": 2}, {"label": "10 hrs","value": 1}, {"label": "11 hrs","value": 1}, {"label": "12 hrs","value": 0}, {"label": "13 hrs","value": 0}, {"label": "14 hrs","value": 0}, {"label": "15 hrs","value": 0}, {"label": "16 hrs","value": 0}, {"label": "17 hrs","value": 0}, {"label": "18 hrs","value": 2}, {"label": "19 hrs","value": 0}, {"label": "20 hrs","value": 2}, {"label": "21 hrs","value": 1}, {"label": "22 hrs","value": 1}, {"label": "23 hrs","value": 0}]}, {"source": 11,"target": 16,"value": 476,"fill": "#BEBADA","supply": [{"label": "00 hrs","value": 8}, {"label": "01 hrs","value": 7}, {"label": "02 hrs","value": 5}, {"label": "03 hrs","value": 9}, {"label": "04 hrs","value": 13}, {"label": "05 hrs","value": 10}, {"label": "06 hrs","value": 9}, {"label": "07 hrs","value": 17}, {"label": "08 hrs","value": 21}, {"label": "09 hrs","value": 26}, {"label": "10 hrs","value": 23}, {"label": "11 hrs","value": 27}, {"label": "12 hrs","value": 25}, {"label": "13 hrs","value": 28}, {"label": "14 hrs","value": 28}, {"label": "15 hrs","value": 33}, {"label": "16 hrs","value": 30}, {"label": "17 hrs","value": 39}, {"label": "18 hrs","value": 25}, {"label": "19 hrs","value": 21}, {"label": "20 hrs","value": 19}, {"label": "21 hrs","value": 24}, {"label": "22 hrs","value": 15}, {"label": "23 hrs","value": 14}]}, {"source": 11,"target": 16,"value": 11,"fill": "#FCC5C0","supply": [{"label": "00 hrs","value": 0}, {"label": "01 hrs","value": 0}, {"label": "02 hrs","value": 1}, {"label": "03 hrs","value": 1}, {"label": "04 hrs","value": 0}, {"label": "05 hrs","value": 1}, {"label": "06 hrs","value": 1}, {"label": "07 hrs","value": 0}, {"label": "08 hrs","value": 0}, {"label": "09 hrs","value": 0}, {"label": "10 hrs","value": 2}, {"label": "11 hrs","value": 1}, {"label": "12 hrs","value": 0}, {"label": "13 hrs","value": 0}, {"label": "14 hrs","value": 0}, {"label": "15 hrs","value": 0}, {"label": "16 hrs","value": 0}, {"label": "17 hrs","value": 0}, {"label": "18 hrs","value": 0}, {"label": "19 hrs","value": 1}, {"label": "20 hrs","value": 0}, {"label": "21 hrs","value": 2}, {"label": "22 hrs","value": 0}, {"label": "23 hrs","value": 1}]}, {"source": 11,"target": 16,"value": 2,"fill": "#8DD3C7","supply": [{"label": "00 hrs","value": 0}, {"label": "01 hrs","value": 0}, {"label": "02 hrs","value": 1}, {"label": "03 hrs","value": 0}, {"label": "04 hrs","value": 0}, {"label": "05 hrs","value": 0}, {"label": "06 hrs","value": 0}, {"label": "07 hrs","value": 0}, {"label": "08 hrs","value": 0}, {"label": "09 hrs","value": 0}, {"label": "10 hrs","value": 0}, {"label": "11 hrs","value": 0}, {"label": "12 hrs","value": 0}, {"label": "13 hrs","value": 0}, {"label": "14 hrs","value": 0}, {"label": "15 hrs","value": 0}, {"label": "16 hrs","value": 0}, {"label": "17 hrs","value": 0}, {"label": "18 hrs","value": 0}, {"label": "19 hrs","value": 0}, {"label": "20 hrs","value": 0}, {"label": "21 hrs","value": 0}, {"label": "22 hrs","value": 0}, {"label": "23 hrs","value": 1}]}, {"source": 12,"target": 14,"value": 1,"fill": "#BEBADA","supply": [{"label": "00 hrs","value": 0}, {"label": "01 hrs","value": 0}, {"label": "02 hrs","value": 0}, {"label": "03 hrs","value": 0}, {"label": "04 hrs","value": 0}, {"label": "05 hrs","value": 0}, {"label": "06 hrs","value": 0}, {"label": "07 hrs","value": 0}, {"label": "08 hrs","value": 0}, {"label": "09 hrs","value": 0}, {"label": "10 hrs","value": 0}, {"label": "11 hrs","value": 0}, {"label": "12 hrs","value": 1}, {"label": "13 hrs","value": 0}, {"label": "14 hrs","value": 0}, {"label": "15 hrs","value": 0}, {"label": "16 hrs","value": 0}, {"label": "17 hrs","value": 0}, {"label": "18 hrs","value": 0}, {"label": "19 hrs","value": 0}, {"label": "20 hrs","value": 0}, {"label": "21 hrs","value": 0}, {"label": "22 hrs","value": 0}, {"label": "23 hrs","value": 0}]}, {"source": 12,"target": 15,"value": 6,"fill": "#BEBADA","supply": [{"label": "00 hrs","value": 0}, {"label": "01 hrs","value": 1}, {"label": "02 hrs","value": 0}, {"label": "03 hrs","value": 1}, {"label": "04 hrs","value": 0}, {"label": "05 hrs","value": 0}, {"label": "06 hrs","value": 0}, {"label": "07 hrs","value": 1}, {"label": "08 hrs","value": 0}, {"label": "09 hrs","value": 0}, {"label": "10 hrs","value": 0}, {"label": "11 hrs","value": 1}, {"label": "12 hrs","value": 2}, {"label": "13 hrs","value": 0}, {"label": "14 hrs","value": 0}, {"label": "15 hrs","value": 0}, {"label": "16 hrs","value": 0}, {"label": "17 hrs","value": 0}, {"label": "18 hrs","value": 0}, {"label": "19 hrs","value": 0}, {"label": "20 hrs","value": 0}, {"label": "21 hrs","value": 0}, {"label": "22 hrs","value": 0}, {"label": "23 hrs","value": 0}]}, {"source": 12,"target": 16,"value": 15,"fill": "#BEBADA","supply": [{"label": "00 hrs","value": 0}, {"label": "01 hrs","value": 0}, {"label": "02 hrs","value": 1}, {"label": "03 hrs","value": 0}, {"label": "04 hrs","value": 2}, {"label": "05 hrs","value": 0}, {"label": "06 hrs","value": 0}, {"label": "07 hrs","value": 0}, {"label": "08 hrs","value": 0}, {"label": "09 hrs","value": 0}, {"label": "10 hrs","value": 0}, {"label": "11 hrs","value": 0}, {"label": "12 hrs","value": 0}, {"label": "13 hrs","value": 0}, {"label": "14 hrs","value": 0}, {"label": "15 hrs","value": 1}, {"label": "16 hrs","value": 0}, {"label": "17 hrs","value": 1}, {"label": "18 hrs","value": 5}, {"label": "19 hrs","value": 2}, {"label": "20 hrs","value": 1}, {"label": "21 hrs","value": 1}, {"label": "22 hrs","value": 1}, {"label": "23 hrs","value": 0}]}, {"source": 13,"target": 17,"value": 1,"fill": "#BEBADA","supply": [{"label": "00 hrs","value": 0}, {"label": "01 hrs","value": 0}, {"label": "02 hrs","value": 0}, {"label": "03 hrs","value": 0}, {"label": "04 hrs","value": 0}, {"label": "05 hrs","value": 0}, {"label": "06 hrs","value": 0}, {"label": "07 hrs","value": 0}, {"label": "08 hrs","value": 0}, {"label": "09 hrs","value": 0}, {"label": "10 hrs","value": 0}, {"label": "11 hrs","value": 1}, {"label": "12 hrs","value": 0}, {"label": "13 hrs","value": 0}, {"label": "14 hrs","value": 0}, {"label": "15 hrs","value": 0}, {"label": "16 hrs","value": 0}, {"label": "17 hrs","value": 0}, {"label": "18 hrs","value": 0}, {"label": "19 hrs","value": 0}, {"label": "20 hrs","value": 0}, {"label": "21 hrs","value": 0}, {"label": "22 hrs","value": 0}, {"label": "23 hrs","value": 0}]}, {"source": 14,"target": 20,"value": 23,"fill": "#BEBADA","supply": [{"label": "00 hrs","value": 0}, {"label": "01 hrs","value": 0}, {"label": "02 hrs","value": 0}, {"label": "03 hrs","value": 0}, {"label": "04 hrs","value": 0}, {"label": "05 hrs","value": 0}, {"label": "06 hrs","value": 1}, {"label": "07 hrs","value": 1}, {"label": "08 hrs","value": 2}, {"label": "09 hrs","value": 1}, {"label": "10 hrs","value": 1}, {"label": "11 hrs","value": 1}, {"label": "12 hrs","value": 4}, {"label": "13 hrs","value": 6}, {"label": "14 hrs","value": 0}, {"label": "15 hrs","value": 2}, {"label": "16 hrs","value": 0}, {"label": "17 hrs","value": 0}, {"label": "18 hrs","value": 1}, {"label": "19 hrs","value": 1}, {"label": "20 hrs","value": 0}, {"label": "21 hrs","value": 1}, {"label": "22 hrs","value": 1}, {"label": "23 hrs","value": 0}]}, {"source": 15,"target": 20,"value": 43,"fill": "#BEBADA","supply": [{"label": "00 hrs","value": 0}, {"label": "01 hrs","value": 0}, {"label": "02 hrs","value": 0}, {"label": "03 hrs","value": 1}, {"label": "04 hrs","value": 1}, {"label": "05 hrs","value": 0}, {"label": "06 hrs","value": 0}, {"label": "07 hrs","value": 0}, {"label": "08 hrs","value": 3}, {"label": "09 hrs","value": 4}, {"label": "10 hrs","value": 4}, {"label": "11 hrs","value": 5}, {"label": "12 hrs","value": 9}, {"label": "13 hrs","value": 2}, {"label": "14 hrs","value": 1}, {"label": "15 hrs","value": 2}, {"label": "16 hrs","value": 4}, {"label": "17 hrs","value": 0}, {"label": "18 hrs","value": 0}, {"label": "19 hrs","value": 4}, {"label": "20 hrs","value": 1}, {"label": "21 hrs","value": 0}, {"label": "22 hrs","value": 1}, {"label": "23 hrs","value": 1}]}, {"source": 15,"target": 20,"value": 1,"fill": "#8DD3C7","supply": [{"label": "00 hrs","value": 0}, {"label": "01 hrs","value": 0}, {"label": "02 hrs","value": 0}, {"label": "03 hrs","value": 0}, {"label": "04 hrs","value": 0}, {"label": "05 hrs","value": 0}, {"label": "06 hrs","value": 0}, {"label": "07 hrs","value": 0}, {"label": "08 hrs","value": 0}, {"label": "09 hrs","value": 0}, {"label": "10 hrs","value": 0}, {"label": "11 hrs","value": 0}, {"label": "12 hrs","value": 0}, {"label": "13 hrs","value": 0}, {"label": "14 hrs","value": 0}, {"label": "15 hrs","value": 0}, {"label": "16 hrs","value": 0}, {"label": "17 hrs","value": 0}, {"label": "18 hrs","value": 1}, {"label": "19 hrs","value": 0}, {"label": "20 hrs","value": 0}, {"label": "21 hrs","value": 0}, {"label": "22 hrs","value": 0}, {"label": "23 hrs","value": 0}]}, {"source": 16,"target": 20,"value": 29,"fill": "#BEBADA","supply": [{"label": "00 hrs","value": 0}, {"label": "01 hrs","value": 0}, {"label": "02 hrs","value": 0}, {"label": "03 hrs","value": 0}, {"label": "04 hrs","value": 0}, {"label": "05 hrs","value": 0}, {"label": "06 hrs","value": 0}, {"label": "07 hrs","value": 0}, {"label": "08 hrs","value": 4}, {"label": "09 hrs","value": 5}, {"label": "10 hrs","value": 2}, {"label": "11 hrs","value": 2}, {"label": "12 hrs","value": 3}, {"label": "13 hrs","value": 2}, {"label": "14 hrs","value": 1}, {"label": "15 hrs","value": 4}, {"label": "16 hrs","value": 3}, {"label": "17 hrs","value": 2}, {"label": "18 hrs","value": 0}, {"label": "19 hrs","value": 0}, {"label": "20 hrs","value": 0}, {"label": "21 hrs","value": 0}, {"label": "22 hrs","value": 1}, {"label": "23 hrs","value": 0}]}, {"source": 14,"target": 22,"value": 18,"fill": "#BEBADA","supply": [{"label": "00 hrs","value": 0}, {"label": "01 hrs","value": 0}, {"label": "02 hrs","value": 0}, {"label": "03 hrs","value": 1}, {"label": "04 hrs","value": 0}, {"label": "05 hrs","value": 1}, {"label": "06 hrs","value": 1}, {"label": "07 hrs","value": 1}, {"label": "08 hrs","value": 0}, {"label": "09 hrs","value": 0}, {"label": "10 hrs","value": 0}, {"label": "11 hrs","value": 0}, {"label": "12 hrs","value": 1}, {"label": "13 hrs","value": 1}, {"label": "14 hrs","value": 1}, {"label": "15 hrs","value": 2}, {"label": "16 hrs","value": 1}, {"label": "17 hrs","value": 0}, {"label": "18 hrs","value": 1}, {"label": "19 hrs","value": 2}, {"label": "20 hrs","value": 1}, {"label": "21 hrs","value": 2}, {"label": "22 hrs","value": 2}, {"label": "23 hrs","value": 0}]}, {"source": 15,"target": 22,"value": 21,"fill": "#BEBADA","supply": [{"label": "00 hrs","value": 0}, {"label": "01 hrs","value": 0}, {"label": "02 hrs","value": 0}, {"label": "03 hrs","value": 0}, {"label": "04 hrs","value": 1}, {"label": "05 hrs","value": 0}, {"label": "06 hrs","value": 1}, {"label": "07 hrs","value": 0}, {"label": "08 hrs","value": 0}, {"label": "09 hrs","value": 1}, {"label": "10 hrs","value": 0}, {"label": "11 hrs","value": 1}, {"label": "12 hrs","value": 1}, {"label": "13 hrs","value": 0}, {"label": "14 hrs","value": 2}, {"label": "15 hrs","value": 0}, {"label": "16 hrs","value": 0}, {"label": "17 hrs","value": 3}, {"label": "18 hrs","value": 2}, {"label": "19 hrs","value": 5}, {"label": "20 hrs","value": 1}, {"label": "21 hrs","value": 2}, {"label": "22 hrs","value": 1}, {"label": "23 hrs","value": 0}]}, {"source": 16,"target": 22,"value": 19,"fill": "#BEBADA","supply": [{"label": "00 hrs","value": 0}, {"label": "01 hrs","value": 0}, {"label": "02 hrs","value": 1}, {"label": "03 hrs","value": 0}, {"label": "04 hrs","value": 0}, {"label": "05 hrs","value": 0}, {"label": "06 hrs","value": 1}, {"label": "07 hrs","value": 1}, {"label": "08 hrs","value": 1}, {"label": "09 hrs","value": 0}, {"label": "10 hrs","value": 1}, {"label": "11 hrs","value": 0}, {"label": "12 hrs","value": 0}, {"label": "13 hrs","value": 1}, {"label": "14 hrs","value": 1}, {"label": "15 hrs","value": 1}, {"label": "16 hrs","value": 2}, {"label": "17 hrs","value": 2}, {"label": "18 hrs","value": 2}, {"label": "19 hrs","value": 2}, {"label": "20 hrs","value": 1}, {"label": "21 hrs","value": 1}, {"label": "22 hrs","value": 1}, {"label": "23 hrs","value": 0}]}, {"source": 14,"target": 23,"value": 34,"fill": "#BEBADA","supply": [{"label": "00 hrs","value": 0}, {"label": "01 hrs","value": 1}, {"label": "02 hrs","value": 0}, {"label": "03 hrs","value": 0}, {"label": "04 hrs","value": 0}, {"label": "05 hrs","value": 0}, {"label": "06 hrs","value": 0}, {"label": "07 hrs","value": 0}, {"label": "08 hrs","value": 1}, {"label": "09 hrs","value": 2}, {"label": "10 hrs","value": 2}, {"label": "11 hrs","value": 1}, {"label": "12 hrs","value": 3}, {"label": "13 hrs","value": 2}, {"label": "14 hrs","value": 3}, {"label": "15 hrs","value": 2}, {"label": "16 hrs","value": 5}, {"label": "17 hrs","value": 1}, {"label": "18 hrs","value": 2}, {"label": "19 hrs","value": 0}, {"label": "20 hrs","value": 1}, {"label": "21 hrs","value": 5}, {"label": "22 hrs","value": 2}, {"label": "23 hrs","value": 1}]}, {"source": 14,"target": 23,"value": 1,"fill": "#FCC5C0","supply": [{"label": "00 hrs","value": 0}, {"label": "01 hrs","value": 0}, {"label": "02 hrs","value": 0}, {"label": "03 hrs","value": 0}, {"label": "04 hrs","value": 0}, {"label": "05 hrs","value": 0}, {"label": "06 hrs","value": 0}, {"label": "07 hrs","value": 1}, {"label": "08 hrs","value": 0}, {"label": "09 hrs","value": 0}, {"label": "10 hrs","value": 0}, {"label": "11 hrs","value": 0}, {"label": "12 hrs","value": 0}, {"label": "13 hrs","value": 0}, {"label": "14 hrs","value": 0}, {"label": "15 hrs","value": 0}, {"label": "16 hrs","value": 0}, {"label": "17 hrs","value": 0}, {"label": "18 hrs","value": 0}, {"label": "19 hrs","value": 0}, {"label": "20 hrs","value": 0}, {"label": "21 hrs","value": 0}, {"label": "22 hrs","value": 0}, {"label": "23 hrs","value": 0}]}, {"source": 15,"target": 23,"value": 71,"fill": "#BEBADA","supply": [{"label": "00 hrs","value": 0}, {"label": "01 hrs","value": 1}, {"label": "02 hrs","value": 0}, {"label": "03 hrs","value": 0}, {"label": "04 hrs","value": 1}, {"label": "05 hrs","value": 2}, {"label": "06 hrs","value": 0}, {"label": "07 hrs","value": 3}, {"label": "08 hrs","value": 8}, {"label": "09 hrs","value": 7}, {"label": "10 hrs","value": 4}, {"label": "11 hrs","value": 6}, {"label": "12 hrs","value": 3}, {"label": "13 hrs","value": 1}, {"label": "14 hrs","value": 3}, {"label": "15 hrs","value": 3}, {"label": "16 hrs","value": 5}, {"label": "17 hrs","value": 6}, {"label": "18 hrs","value": 4}, {"label": "19 hrs","value": 1}, {"label": "20 hrs","value": 6}, {"label": "21 hrs","value": 2}, {"label": "22 hrs","value": 2}, {"label": "23 hrs","value": 3}]}, {"source": 15,"target": 23,"value": 5,"fill": "#FCC5C0","supply": [{"label": "00 hrs","value": 0}, {"label": "01 hrs","value": 0}, {"label": "02 hrs","value": 0}, {"label": "03 hrs","value": 0}, {"label": "04 hrs","value": 0}, {"label": "05 hrs","value": 0}, {"label": "06 hrs","value": 1}, {"label": "07 hrs","value": 0}, {"label": "08 hrs","value": 0}, {"label": "09 hrs","value": 0}, {"label": "10 hrs","value": 0}, {"label": "11 hrs","value": 0}, {"label": "12 hrs","value": 0}, {"label": "13 hrs","value": 0}, {"label": "14 hrs","value": 0}, {"label": "15 hrs","value": 0}, {"label": "16 hrs","value": 0}, {"label": "17 hrs","value": 0}, {"label": "18 hrs","value": 1}, {"label": "19 hrs","value": 2}, {"label": "20 hrs","value": 0}, {"label": "21 hrs","value": 1}, {"label": "22 hrs","value": 0}, {"label": "23 hrs","value": 0}]}, {"source": 15,"target": 23,"value": 9,"fill": "#8DD3C7","supply": [{"label": "00 hrs","value": 0}, {"label": "01 hrs","value": 1}, {"label": "02 hrs","value": 0}, {"label": "03 hrs","value": 0}, {"label": "04 hrs","value": 0}, {"label": "05 hrs","value": 0}, {"label": "06 hrs","value": 0}, {"label": "07 hrs","value": 0}, {"label": "08 hrs","value": 0}, {"label": "09 hrs","value": 2}, {"label": "10 hrs","value": 1}, {"label": "11 hrs","value": 1}, {"label": "12 hrs","value": 0}, {"label": "13 hrs","value": 0}, {"label": "14 hrs","value": 0}, {"label": "15 hrs","value": 0}, {"label": "16 hrs","value": 0}, {"label": "17 hrs","value": 0}, {"label": "18 hrs","value": 1}, {"label": "19 hrs","value": 0}, {"label": "20 hrs","value": 1}, {"label": "21 hrs","value": 1}, {"label": "22 hrs","value": 1}, {"label": "23 hrs","value": 0}]}, {"source": 16,"target": 23,"value": 73,"fill": "#BEBADA","supply": [{"label": "00 hrs","value": 2}, {"label": "01 hrs","value": 0}, {"label": "02 hrs","value": 1}, {"label": "03 hrs","value": 0}, {"label": "04 hrs","value": 1}, {"label": "05 hrs","value": 0}, {"label": "06 hrs","value": 1}, {"label": "07 hrs","value": 9}, {"label": "08 hrs","value": 6}, {"label": "09 hrs","value": 5}, {"label": "10 hrs","value": 3}, {"label": "11 hrs","value": 7}, {"label": "12 hrs","value": 5}, {"label": "13 hrs","value": 5}, {"label": "14 hrs","value": 5}, {"label": "15 hrs","value": 4}, {"label": "16 hrs","value": 4}, {"label": "17 hrs","value": 5}, {"label": "18 hrs","value": 3}, {"label": "19 hrs","value": 2}, {"label": "20 hrs","value": 2}, {"label": "21 hrs","value": 2}, {"label": "22 hrs","value": 1}, {"label": "23 hrs","value": 0}]}, {"source": 16,"target": 23,"value": 1,"fill": "#FCC5C0","supply": [{"label": "00 hrs","value": 0}, {"label": "01 hrs","value": 0}, {"label": "02 hrs","value": 0}, {"label": "03 hrs","value": 0}, {"label": "04 hrs","value": 0}, {"label": "05 hrs","value": 0}, {"label": "06 hrs","value": 1}, {"label": "07 hrs","value": 0}, {"label": "08 hrs","value": 0}, {"label": "09 hrs","value": 0}, {"label": "10 hrs","value": 0}, {"label": "11 hrs","value": 0}, {"label": "12 hrs","value": 0}, {"label": "13 hrs","value": 0}, {"label": "14 hrs","value": 0}, {"label": "15 hrs","value": 0}, {"label": "16 hrs","value": 0}, {"label": "17 hrs","value": 0}, {"label": "18 hrs","value": 0}, {"label": "19 hrs","value": 0}, {"label": "20 hrs","value": 0}, {"label": "21 hrs","value": 0}, {"label": "22 hrs","value": 0}, {"label": "23 hrs","value": 0}]}, {"source": 14,"target": 24,"value": 44,"fill": "#BEBADA","supply": [{"label": "00 hrs","value": 2}, {"label": "01 hrs","value": 3}, {"label": "02 hrs","value": 2}, {"label": "03 hrs","value": 4}, {"label": "04 hrs","value": 5}, {"label": "05 hrs","value": 3}, {"label": "06 hrs","value": 0}, {"label": "07 hrs","value": 0}, {"label": "08 hrs","value": 0}, {"label": "09 hrs","value": 0}, {"label": "10 hrs","value": 0}, {"label": "11 hrs","value": 0}, {"label": "12 hrs","value": 0}, {"label": "13 hrs","value": 1}, {"label": "14 hrs","value": 0}, {"label": "15 hrs","value": 0}, {"label": "16 hrs","value": 0}, {"label": "17 hrs","value": 0}, {"label": "18 hrs","value": 1}, {"label": "19 hrs","value": 4}, {"label": "20 hrs","value": 5}, {"label": "21 hrs","value": 6}, {"label": "22 hrs","value": 7}, {"label": "23 hrs","value": 1}]}, {"source": 14,"target": 24,"value": 2,"fill": "#8DD3C7","supply": [{"label": "00 hrs","value": 0}, {"label": "01 hrs","value": 0}, {"label": "02 hrs","value": 1}, {"label": "03 hrs","value": 0}, {"label": "04 hrs","value": 0}, {"label": "05 hrs","value": 0}, {"label": "06 hrs","value": 0}, {"label": "07 hrs","value": 0}, {"label": "08 hrs","value": 0}, {"label": "09 hrs","value": 0}, {"label": "10 hrs","value": 0}, {"label": "11 hrs","value": 0}, {"label": "12 hrs","value": 0}, {"label": "13 hrs","value": 0}, {"label": "14 hrs","value": 0}, {"label": "15 hrs","value": 0}, {"label": "16 hrs","value": 0}, {"label": "17 hrs","value": 0}, {"label": "18 hrs","value": 0}, {"label": "19 hrs","value": 1}, {"label": "20 hrs","value": 0}, {"label": "21 hrs","value": 0}, {"label": "22 hrs","value": 0}, {"label": "23 hrs","value": 0}]}, {"source": 15,"target": 24,"value": 71,"fill": "#BEBADA","supply": [{"label": "00 hrs","value": 0}, {"label": "01 hrs","value": 0}, {"label": "02 hrs","value": 1}, {"label": "03 hrs","value": 2}, {"label": "04 hrs","value": 0}, {"label": "05 hrs","value": 0}, {"label": "06 hrs","value": 1}, {"label": "07 hrs","value": 1}, {"label": "08 hrs","value": 0}, {"label": "09 hrs","value": 7}, {"label": "10 hrs","value": 7}, {"label": "11 hrs","value": 6}, {"label": "12 hrs","value": 5}, {"label": "13 hrs","value": 3}, {"label": "14 hrs","value": 6}, {"label": "15 hrs","value": 4}, {"label": "16 hrs","value": 3}, {"label": "17 hrs","value": 3}, {"label": "18 hrs","value": 5}, {"label": "19 hrs","value": 5}, {"label": "20 hrs","value": 4}, {"label": "21 hrs","value": 4}, {"label": "22 hrs","value": 3}, {"label": "23 hrs","value": 1}]}, {"source": 15,"target": 24,"value": 3,"fill": "#FCC5C0","supply": [{"label": "00 hrs","value": 0}, {"label": "01 hrs","value": 0}, {"label": "02 hrs","value": 0}, {"label": "03 hrs","value": 1}, {"label": "04 hrs","value": 0}, {"label": "05 hrs","value": 0}, {"label": "06 hrs","value": 0}, {"label": "07 hrs","value": 0}, {"label": "08 hrs","value": 0}, {"label": "09 hrs","value": 1}, {"label": "10 hrs","value": 0}, {"label": "11 hrs","value": 0}, {"label": "12 hrs","value": 0}, {"label": "13 hrs","value": 1}, {"label": "14 hrs","value": 0}, {"label": "15 hrs","value": 0}, {"label": "16 hrs","value": 0}, {"label": "17 hrs","value": 0}, {"label": "18 hrs","value": 0}, {"label": "19 hrs","value": 0}, {"label": "20 hrs","value": 0}, {"label": "21 hrs","value": 0}, {"label": "22 hrs","value": 0}, {"label": "23 hrs","value": 0}]}, {"source": 15,"target": 24,"value": 1,"fill": "#8DD3C7","supply": [{"label": "00 hrs","value": 0}, {"label": "01 hrs","value": 0}, {"label": "02 hrs","value": 0}, {"label": "03 hrs","value": 1}, {"label": "04 hrs","value": 0}, {"label": "05 hrs","value": 0}, {"label": "06 hrs","value": 0}, {"label": "07 hrs","value": 0}, {"label": "08 hrs","value": 0}, {"label": "09 hrs","value": 0}, {"label": "10 hrs","value": 0}, {"label": "11 hrs","value": 0}, {"label": "12 hrs","value": 0}, {"label": "13 hrs","value": 0}, {"label": "14 hrs","value": 0}, {"label": "15 hrs","value": 0}, {"label": "16 hrs","value": 0}, {"label": "17 hrs","value": 0}, {"label": "18 hrs","value": 0}, {"label": "19 hrs","value": 0}, {"label": "20 hrs","value": 0}, {"label": "21 hrs","value": 0}, {"label": "22 hrs","value": 0}, {"label": "23 hrs","value": 0}]}, {"source": 16,"target": 24,"value": 104,"fill": "#BEBADA","supply": [{"label": "00 hrs","value": 3}, {"label": "01 hrs","value": 3}, {"label": "02 hrs","value": 1}, {"label": "03 hrs","value": 4}, {"label": "04 hrs","value": 4}, {"label": "05 hrs","value": 3}, {"label": "06 hrs","value": 3}, {"label": "07 hrs","value": 2}, {"label": "08 hrs","value": 3}, {"label": "09 hrs","value": 5}, {"label": "10 hrs","value": 4}, {"label": "11 hrs","value": 7}, {"label": "12 hrs","value": 4}, {"label": "13 hrs","value": 3}, {"label": "14 hrs","value": 6}, {"label": "15 hrs","value": 6}, {"label": "16 hrs","value": 3}, {"label": "17 hrs","value": 6}, {"label": "18 hrs","value": 8}, {"label": "19 hrs","value": 6}, {"label": "20 hrs","value": 8}, {"label": "21 hrs","value": 7}, {"label": "22 hrs","value": 4}, {"label": "23 hrs","value": 1}]}, {"source": 16,"target": 24,"value": 3,"fill": "#FCC5C0","supply": [{"label": "00 hrs","value": 0}, {"label": "01 hrs","value": 0}, {"label": "02 hrs","value": 1}, {"label": "03 hrs","value": 0}, {"label": "04 hrs","value": 0}, {"label": "05 hrs","value": 0}, {"label": "06 hrs","value": 0}, {"label": "07 hrs","value": 0}, {"label": "08 hrs","value": 0}, {"label": "09 hrs","value": 0}, {"label": "10 hrs","value": 0}, {"label": "11 hrs","value": 0}, {"label": "12 hrs","value": 0}, {"label": "13 hrs","value": 0}, {"label": "14 hrs","value": 0}, {"label": "15 hrs","value": 0}, {"label": "16 hrs","value": 0}, {"label": "17 hrs","value": 0}, {"label": "18 hrs","value": 0}, {"label": "19 hrs","value": 1}, {"label": "20 hrs","value": 0}, {"label": "21 hrs","value": 0}, {"label": "22 hrs","value": 0}, {"label": "23 hrs","value": 1}]}, {"source": 16,"target": 24,"value": 1,"fill": "#8DD3C7","supply": [{"label": "00 hrs","value": 0}, {"label": "01 hrs","value": 0}, {"label": "02 hrs","value": 1}, {"label": "03 hrs","value": 0}, {"label": "04 hrs","value": 0}, {"label": "05 hrs","value": 0}, {"label": "06 hrs","value": 0}, {"label": "07 hrs","value": 0}, {"label": "08 hrs","value": 0}, {"label": "09 hrs","value": 0}, {"label": "10 hrs","value": 0}, {"label": "11 hrs","value": 0}, {"label": "12 hrs","value": 0}, {"label": "13 hrs","value": 0}, {"label": "14 hrs","value": 0}, {"label": "15 hrs","value": 0}, {"label": "16 hrs","value": 0}, {"label": "17 hrs","value": 0}, {"label": "18 hrs","value": 0}, {"label": "19 hrs","value": 0}, {"label": "20 hrs","value": 0}, {"label": "21 hrs","value": 0}, {"label": "22 hrs","value": 0}, {"label": "23 hrs","value": 0}]}, {"source": 14,"target": 26,"value": 23,"fill": "#BEBADA","supply": [{"label": "00 hrs","value": 0}, {"label": "01 hrs","value": 1}, {"label": "02 hrs","value": 0}, {"label": "03 hrs","value": 0}, {"label": "04 hrs","value": 0}, {"label": "05 hrs","value": 0}, {"label": "06 hrs","value": 1}, {"label": "07 hrs","value": 0}, {"label": "08 hrs","value": 1}, {"label": "09 hrs","value": 1}, {"label": "10 hrs","value": 0}, {"label": "11 hrs","value": 1}, {"label": "12 hrs","value": 2}, {"label": "13 hrs","value": 2}, {"label": "14 hrs","value": 2}, {"label": "15 hrs","value": 3}, {"label": "16 hrs","value": 2}, {"label": "17 hrs","value": 0}, {"label": "18 hrs","value": 1}, {"label": "19 hrs","value": 1}, {"label": "20 hrs","value": 1}, {"label": "21 hrs","value": 1}, {"label": "22 hrs","value": 1}, {"label": "23 hrs","value": 2}]}, {"source": 15,"target": 26,"value": 27,"fill": "#BEBADA","supply": [{"label": "00 hrs","value": 0}, {"label": "01 hrs","value": 0}, {"label": "02 hrs","value": 0}, {"label": "03 hrs","value": 0}, {"label": "04 hrs","value": 0}, {"label": "05 hrs","value": 0}, {"label": "06 hrs","value": 0}, {"label": "07 hrs","value": 0}, {"label": "08 hrs","value": 0}, {"label": "09 hrs","value": 0}, {"label": "10 hrs","value": 0}, {"label": "11 hrs","value": 5}, {"label": "12 hrs","value": 1}, {"label": "13 hrs","value": 1}, {"label": "14 hrs","value": 3}, {"label": "15 hrs","value": 4}, {"label": "16 hrs","value": 0}, {"label": "17 hrs","value": 1}, {"label": "18 hrs","value": 1}, {"label": "19 hrs","value": 1}, {"label": "20 hrs","value": 5}, {"label": "21 hrs","value": 1}, {"label": "22 hrs","value": 1}, {"label": "23 hrs","value": 3}]}, {"source": 16,"target": 26,"value": 47,"fill": "#BEBADA","supply": [{"label": "00 hrs","value": 0}, {"label": "01 hrs","value": 1}, {"label": "02 hrs","value": 2}, {"label": "03 hrs","value": 1}, {"label": "04 hrs","value": 2}, {"label": "05 hrs","value": 2}, {"label": "06 hrs","value": 1}, {"label": "07 hrs","value": 1}, {"label": "08 hrs","value": 1}, {"label": "09 hrs","value": 1}, {"label": "10 hrs","value": 2}, {"label": "11 hrs","value": 1}, {"label": "12 hrs","value": 1}, {"label": "13 hrs","value": 4}, {"label": "14 hrs","value": 2}, {"label": "15 hrs","value": 3}, {"label": "16 hrs","value": 2}, {"label": "17 hrs","value": 10}, {"label": "18 hrs","value": 6}, {"label": "19 hrs","value": 1}, {"label": "20 hrs","value": 2}, {"label": "21 hrs","value": 0}, {"label": "22 hrs","value": 0}, {"label": "23 hrs","value": 1}]}, {"source": 15,"target": 21,"value": 4,"fill": "#BEBADA","supply": [{"label": "00 hrs","value": 0}, {"label": "01 hrs","value": 0}, {"label": "02 hrs","value": 0}, {"label": "03 hrs","value": 1}, {"label": "04 hrs","value": 0}, {"label": "05 hrs","value": 0}, {"label": "06 hrs","value": 0}, {"label": "07 hrs","value": 0}, {"label": "08 hrs","value": 0}, {"label": "09 hrs","value": 0}, {"label": "10 hrs","value": 0}, {"label": "11 hrs","value": 0}, {"label": "12 hrs","value": 0}, {"label": "13 hrs","value": 0}, {"label": "14 hrs","value": 0}, {"label": "15 hrs","value": 0}, {"label": "16 hrs","value": 0}, {"label": "17 hrs","value": 0}, {"label": "18 hrs","value": 1}, {"label": "19 hrs","value": 1}, {"label": "20 hrs","value": 0}, {"label": "21 hrs","value": 1}, {"label": "22 hrs","value": 0}, {"label": "23 hrs","value": 0}]}, {"source": 16,"target": 21,"value": 1,"fill": "#BEBADA","supply": [{"label": "00 hrs","value": 0}, {"label": "01 hrs","value": 0}, {"label": "02 hrs","value": 0}, {"label": "03 hrs","value": 0}, {"label": "04 hrs","value": 0}, {"label": "05 hrs","value": 0}, {"label": "06 hrs","value": 0}, {"label": "07 hrs","value": 0}, {"label": "08 hrs","value": 0}, {"label": "09 hrs","value": 0}, {"label": "10 hrs","value": 0}, {"label": "11 hrs","value": 0}, {"label": "12 hrs","value": 0}, {"label": "13 hrs","value": 0}, {"label": "14 hrs","value": 0}, {"label": "15 hrs","value": 0}, {"label": "16 hrs","value": 1}, {"label": "17 hrs","value": 0}, {"label": "18 hrs","value": 0}, {"label": "19 hrs","value": 0}, {"label": "20 hrs","value": 0}, {"label": "21 hrs","value": 0}, {"label": "22 hrs","value": 0}, {"label": "23 hrs","value": 0}]}, {"source": 14,"target": 27,"value": 4,"fill": "#BEBADA","supply": [{"label": "00 hrs","value": 0}, {"label": "01 hrs","value": 0}, {"label": "02 hrs","value": 1}, {"label": "03 hrs","value": 1}, {"label": "04 hrs","value": 0}, {"label": "05 hrs","value": 0}, {"label": "06 hrs","value": 0}, {"label": "07 hrs","value": 0}, {"label": "08 hrs","value": 0}, {"label": "09 hrs","value": 0}, {"label": "10 hrs","value": 0}, {"label": "11 hrs","value": 0}, {"label": "12 hrs","value": 0}, {"label": "13 hrs","value": 0}, {"label": "14 hrs","value": 0}, {"label": "15 hrs","value": 1}, {"label": "16 hrs","value": 0}, {"label": "17 hrs","value": 0}, {"label": "18 hrs","value": 1}, {"label": "19 hrs","value": 0}, {"label": "20 hrs","value": 0}, {"label": "21 hrs","value": 0}, {"label": "22 hrs","value": 0}, {"label": "23 hrs","value": 0}]}, {"source": 15,"target": 27,"value": 16,"fill": "#BEBADA","supply": [{"label": "00 hrs","value": 0}, {"label": "01 hrs","value": 0}, {"label": "02 hrs","value": 0}, {"label": "03 hrs","value": 0}, {"label": "04 hrs","value": 0}, {"label": "05 hrs","value": 0}, {"label": "06 hrs","value": 0}, {"label": "07 hrs","value": 0}, {"label": "08 hrs","value": 0}, {"label": "09 hrs","value": 2}, {"label": "10 hrs","value": 1}, {"label": "11 hrs","value": 0}, {"label": "12 hrs","value": 1}, {"label": "13 hrs","value": 2}, {"label": "14 hrs","value": 0}, {"label": "15 hrs","value": 1}, {"label": "16 hrs","value": 0}, {"label": "17 hrs","value": 1}, {"label": "18 hrs","value": 1}, {"label": "19 hrs","value": 2}, {"label": "20 hrs","value": 3}, {"label": "21 hrs","value": 2}, {"label": "22 hrs","value": 0}, {"label": "23 hrs","value": 0}]}, {"source": 15,"target": 27,"value": 1,"fill": "#FCC5C0","supply": [{"label": "00 hrs","value": 0}, {"label": "01 hrs","value": 0}, {"label": "02 hrs","value": 0}, {"label": "03 hrs","value": 0}, {"label": "04 hrs","value": 0}, {"label": "05 hrs","value": 0}, {"label": "06 hrs","value": 0}, {"label": "07 hrs","value": 0}, {"label": "08 hrs","value": 0}, {"label": "09 hrs","value": 0}, {"label": "10 hrs","value": 0}, {"label": "11 hrs","value": 0}, {"label": "12 hrs","value": 0}, {"label": "13 hrs","value": 0}, {"label": "14 hrs","value": 0}, {"label": "15 hrs","value": 0}, {"label": "16 hrs","value": 0}, {"label": "17 hrs","value": 0}, {"label": "18 hrs","value": 0}, {"label": "19 hrs","value": 0}, {"label": "20 hrs","value": 1}, {"label": "21 hrs","value": 0}, {"label": "22 hrs","value": 0}, {"label": "23 hrs","value": 0}]}, {"source": 16,"target": 27,"value": 36,"fill": "#BEBADA","supply": [{"label": "00 hrs","value": 0}, {"label": "01 hrs","value": 0}, {"label": "02 hrs","value": 0}, {"label": "03 hrs","value": 0}, {"label": "04 hrs","value": 0}, {"label": "05 hrs","value": 0}, {"label": "06 hrs","value": 0}, {"label": "07 hrs","value": 0}, {"label": "08 hrs","value": 0}, {"label": "09 hrs","value": 1}, {"label": "10 hrs","value": 3}, {"label": "11 hrs","value": 1}, {"label": "12 hrs","value": 1}, {"label": "13 hrs","value": 7}, {"label": "14 hrs","value": 3}, {"label": "15 hrs","value": 4}, {"label": "16 hrs","value": 5}, {"label": "17 hrs","value": 2}, {"label": "18 hrs","value": 3}, {"label": "19 hrs","value": 2}, {"label": "20 hrs","value": 0}, {"label": "21 hrs","value": 1}, {"label": "22 hrs","value": 1}, {"label": "23 hrs","value": 2}]}, {"source": 15,"target": 19,"value": 1,"fill": "#BEBADA","supply": [{"label": "00 hrs","value": 0}, {"label": "01 hrs","value": 0}, {"label": "02 hrs","value": 0}, {"label": "03 hrs","value": 0}, {"label": "04 hrs","value": 0}, {"label": "05 hrs","value": 0}, {"label": "06 hrs","value": 0}, {"label": "07 hrs","value": 0}, {"label": "08 hrs","value": 0}, {"label": "09 hrs","value": 0}, {"label": "10 hrs","value": 0}, {"label": "11 hrs","value": 0}, {"label": "12 hrs","value": 0}, {"label": "13 hrs","value": 0}, {"label": "14 hrs","value": 0}, {"label": "15 hrs","value": 0}, {"label": "16 hrs","value": 0}, {"label": "17 hrs","value": 0}, {"label": "18 hrs","value": 0}, {"label": "19 hrs","value": 0}, {"label": "20 hrs","value": 0}, {"label": "21 hrs","value": 1}, {"label": "22 hrs","value": 0}, {"label": "23 hrs","value": 0}]}, {"source": 16,"target": 25,"value": 2,"fill": "#BEBADA","supply": [{"label": "00 hrs","value": 0}, {"label": "01 hrs","value": 0}, {"label": "02 hrs","value": 0}, {"label": "03 hrs","value": 0}, {"label": "04 hrs","value": 0}, {"label": "05 hrs","value": 0}, {"label": "06 hrs","value": 0}, {"label": "07 hrs","value": 0}, {"label": "08 hrs","value": 0}, {"label": "09 hrs","value": 0}, {"label": "10 hrs","value": 0}, {"label": "11 hrs","value": 0}, {"label": "12 hrs","value": 0}, {"label": "13 hrs","value": 0}, {"label": "14 hrs","value": 0}, {"label": "15 hrs","value": 0}, {"label": "16 hrs","value": 0}, {"label": "17 hrs","value": 1}, {"label": "18 hrs","value": 1}, {"label": "19 hrs","value": 0}, {"label": "20 hrs","value": 0}, {"label": "21 hrs","value": 0}, {"label": "22 hrs","value": 0}, {"label": "23 hrs","value": 0}]}, {"source": 16,"target": 18,"value": 7,"fill": "#BEBADA","supply": [{"label": "00 hrs","value": 0}, {"label": "01 hrs","value": 0}, {"label": "02 hrs","value": 1}, {"label": "03 hrs","value": 0}, {"label": "04 hrs","value": 2}, {"label": "05 hrs","value": 0}, {"label": "06 hrs","value": 0}, {"label": "07 hrs","value": 0}, {"label": "08 hrs","value": 0}, {"label": "09 hrs","value": 0}, {"label": "10 hrs","value": 0}, {"label": "11 hrs","value": 0}, {"label": "12 hrs","value": 0}, {"label": "13 hrs","value": 0}, {"label": "14 hrs","value": 0}, {"label": "15 hrs","value": 0}, {"label": "16 hrs","value": 0}, {"label": "17 hrs","value": 1}, {"label": "18 hrs","value": 1}, {"label": "19 hrs","value": 1}, {"label": "20 hrs","value": 0}, {"label": "21 hrs","value": 1}, {"label": "22 hrs","value": 0}, {"label": "23 hrs","value": 0}]}]}