{"nodes":[{"layer":0,"name":"National Telephony","fill":"#8C2D04","grouping":[{"label":"National Telephony","value":1686}]},{"layer":1,"name":"Admin","fill":"#D94801","grouping":[{"label":"Admin","value":63}]},{"layer":1,"name":"CMC (Clinical Advisor)","fill":"#D94801","grouping":[{"label":"CMC (Clinical Advisor)","value":2}]},{"layer":1,"name":"Dental","fill":"#D94801","grouping":[{"label":"Dental","value":56}]},{"layer":1,"name":"Other","fill":"#D94801","grouping":[{"label":"Other","value":1510}]},{"layer":1,"name":"Star Lines","fill":"#D94801","grouping":[{"label":"Star Lines","value":19}]},{"layer":1,"name":"Worsening","fill":"#D94801","grouping":[{"label":"Worsening","value":36}]},{"layer":4,"name":"InHealth","fill":"#FD8D3C","grouping":[{"label":"InHealth","value":602},{"label":"InHealth (Dental)","value":29}]},{"layer":2,"name":"PRM","fill":"#F16913","grouping":[{"label":"PRM","value":1686}]},{"layer":4,"name":"CA","fill":"#FD8D3C","grouping":[{"label":"CA","value":19}]},{"layer":4,"name":"GP","fill":"#FD8D3C","grouping":[{"label":"GP","value":15}]},{"layer":4,"name":"HA","fill":"#FD8D3C","grouping":[{"label":"HA","value":70}]},{"layer":4,"name":"SA","fill":"#FD8D3C","grouping":[{"label":"SA","value":12}]},{"layer":5,"name":"CA","fill":"#FDAE6B","grouping":[{"label":"CA","value":39}]},{"layer":5,"name":"GP","fill":"#FDAE6B","grouping":[{"label":"GP","value":47}]},{"layer":5,"name":"HA","fill":"#FDAE6B","grouping":[{"label":"HA","value":30}]},{"layer":7,"name":"999","fill":"#FDD0A2","grouping":[{"label":"NHS Ambulance Service","value":2}]},{"layer":7,"name":"Dental","fill":"#FDD0A2","grouping":[{"label":"Dental Emergency","value":56},{"label":"Dental Service","value":2}]},{"layer":7,"name":"District/Community Nurse","fill":"#FDD0A2","grouping":[{"label":"District/Community Nurse","value":1}]},{"layer":7,"name":"ED","fill":"#FDD0A2","grouping":[{"label":"Emergency Department (ED)","value":51}]},{"layer":7,"name":"GP/GP Extended Hours/GP Choice/Hub","fill":"#FDD0A2","grouping":[{"label":"GP Access Hub","value":7},{"label":"GP Choice","value":1},{"label":"GP Practice","value":183},{"label":"GP Practice Extended Hours","value":16}]},{"layer":7,"name":"IUC CAS/Calls/Treatment","fill":"#FDD0A2","grouping":[{"label":"Integrated Urgent Care (IUC) Clinical Assessment Service (CAS)","value":15},{"label":"Integrated Urgent Care (IUC) NHS 111 Call Handling Provider","value":44},{"label":"Integrated Urgent Care (IUC) Treatment Service","value":107}]},{"layer":7,"name":"Mental Health","fill":"#FDD0A2","grouping":[{"label":"Mental Health","value":2}]},{"layer":7,"name":"MIU/UTC/UCC/WiC","fill":"#FDD0A2","grouping":[]},{"layer":7,"name":"Other","fill":"#FDD0A2","grouping":[]},{"layer":7,"name":"Specialist Services","fill":"#FDD0A2","grouping":[]}],"links":[{"source":0,"target":1,"value":63,"fill":"#FB8072","supply":[{"label":"00 hrs","value":2},{"label":"01 hrs","value":0},{"label":"02 hrs","value":1},{"label":"03 hrs","value":0},{"label":"04 hrs","value":1},{"label":"05 hrs","value":0},{"label":"06 hrs","value":1},{"label":"07 hrs","value":2},{"label":"08 hrs","value":2},{"label":"09 hrs","value":4},{"label":"10 hrs","value":3},{"label":"11 hrs","value":8},{"label":"12 hrs","value":3},{"label":"13 hrs","value":4},{"label":"14 hrs","value":5},{"label":"15 hrs","value":1},{"label":"16 hrs","value":1},{"label":"17 hrs","value":3},{"label":"18 hrs","value":6},{"label":"19 hrs","value":5},{"label":"20 hrs","value":5},{"label":"21 hrs","value":4},{"label":"22 hrs","value":1},{"label":"23 hrs","value":1}]},{"source":0,"target":2,"value":2,"fill":"#FCC5C0","supply":[{"label":"00 hrs","value":0},{"label":"01 hrs","value":0},{"label":"02 hrs","value":0},{"label":"03 hrs","value":0},{"label":"04 hrs","value":0},{"label":"05 hrs","value":0},{"label":"06 hrs","value":0},{"label":"07 hrs","value":0},{"label":"08 hrs","value":0},{"label":"09 hrs","value":0},{"label":"10 hrs","value":0},{"label":"11 hrs","value":0},{"label":"12 hrs","value":1},{"label":"13 hrs","value":1},{"label":"14 hrs","value":0},{"label":"15 hrs","value":0},{"label":"16 hrs","value":0},{"label":"17 hrs","value":0},{"label":"18 hrs","value":0},{"label":"19 hrs","value":0},{"label":"20 hrs","value":0},{"label":"21 hrs","value":0},{"label":"22 hrs","value":0},{"label":"23 hrs","value":0}]},{"source":0,"target":3,"value":56,"fill":"#FF7F00","supply":[{"label":"00 hrs","value":0},{"label":"01 hrs","value":1},{"label":"02 hrs","value":3},{"label":"03 hrs","value":0},{"label":"04 hrs","value":2},{"label":"05 hrs","value":1},{"label":"06 hrs","value":1},{"label":"07 hrs","value":2},{"label":"08 hrs","value":1},{"label":"09 hrs","value":3},{"label":"10 hrs","value":4},{"label":"11 hrs","value":5},{"label":"12 hrs","value":3},{"label":"13 hrs","value":1},{"label":"14 hrs","value":1},{"label":"15 hrs","value":3},{"label":"16 hrs","value":3},{"label":"17 hrs","value":3},{"label":"18 hrs","value":4},{"label":"19 hrs","value":8},{"label":"20 hrs","value":1},{"label":"21 hrs","value":2},{"label":"22 hrs","value":2},{"label":"23 hrs","value":2}]},{"source":0,"target":4,"value":1510,"fill":"#BEBADA","supply":[{"label":"00 hrs","value":29},{"label":"01 hrs","value":28},{"label":"02 hrs","value":12},{"label":"03 hrs","value":12},{"label":"04 hrs","value":12},{"label":"05 hrs","value":15},{"label":"06 hrs","value":31},{"label":"07 hrs","value":42},{"label":"08 hrs","value":79},{"label":"09 hrs","value":114},{"label":"10 hrs","value":108},{"label":"11 hrs","value":127},{"label":"12 hrs","value":91},{"label":"13 hrs","value":92},{"label":"14 hrs","value":101},{"label":"15 hrs","value":87},{"label":"16 hrs","value":58},{"label":"17 hrs","value":59},{"label":"18 hrs","value":97},{"label":"19 hrs","value":85},{"label":"20 hrs","value":71},{"label":"21 hrs","value":70},{"label":"22 hrs","value":58},{"label":"23 hrs","value":32}]},{"source":0,"target":5,"value":19,"fill":"#8DD3C7","supply":[{"label":"00 hrs","value":0},{"label":"01 hrs","value":2},{"label":"02 hrs","value":1},{"label":"03 hrs","value":0},{"label":"04 hrs","value":0},{"label":"05 hrs","value":0},{"label":"06 hrs","value":1},{"label":"07 hrs","value":1},{"label":"08 hrs","value":0},{"label":"09 hrs","value":1},{"label":"10 hrs","value":1},{"label":"11 hrs","value":0},{"label":"12 hrs","value":0},{"label":"13 hrs","value":2},{"label":"14 hrs","value":0},{"label":"15 hrs","value":1},{"label":"16 hrs","value":2},{"label":"17 hrs","value":0},{"label":"18 hrs","value":3},{"label":"19 hrs","value":0},{"label":"20 hrs","value":1},{"label":"21 hrs","value":1},{"label":"22 hrs","value":0},{"label":"23 hrs","value":2}]},{"source":0,"target":6,"value":36,"fill":"#A65628","supply":[{"label":"00 hrs","value":1},{"label":"01 hrs","value":0},{"label":"02 hrs","value":0},{"label":"03 hrs","value":1},{"label":"04 hrs","value":1},{"label":"05 hrs","value":1},{"label":"06 hrs","value":2},{"label":"07 hrs","value":4},{"label":"08 hrs","value":1},{"label":"09 hrs","value":0},{"label":"10 hrs","value":1},{"label":"11 hrs","value":3},{"label":"12 hrs","value":5},{"label":"13 hrs","value":1},{"label":"14 hrs","value":1},{"label":"15 hrs","value":4},{"label":"16 hrs","value":1},{"label":"17 hrs","value":1},{"label":"18 hrs","value":2},{"label":"19 hrs","value":2},{"label":"20 hrs","value":0},{"label":"21 hrs","value":0},{"label":"22 hrs","value":2},{"label":"23 hrs","value":2}]},{"source":1,"target":8,"value":63,"fill":"#FB8072","supply":[{"label":"00 hrs","value":2},{"label":"01 hrs","value":0},{"label":"02 hrs","value":1},{"label":"03 hrs","value":0},{"label":"04 hrs","value":1},{"label":"05 hrs","value":0},{"label":"06 hrs","value":1},{"label":"07 hrs","value":2},{"label":"08 hrs","value":2},{"label":"09 hrs","value":4},{"label":"10 hrs","value":3},{"label":"11 hrs","value":8},{"label":"12 hrs","value":3},{"label":"13 hrs","value":4},{"label":"14 hrs","value":5},{"label":"15 hrs","value":1},{"label":"16 hrs","value":1},{"label":"17 hrs","value":3},{"label":"18 hrs","value":6},{"label":"19 hrs","value":5},{"label":"20 hrs","value":5},{"label":"21 hrs","value":4},{"label":"22 hrs","value":1},{"label":"23 hrs","value":1}]},{"source":2,"target":8,"value":2,"fill":"#FCC5C0","supply":[{"label":"00 hrs","value":0},{"label":"01 hrs","value":0},{"label":"02 hrs","value":0},{"label":"03 hrs","value":0},{"label":"04 hrs","value":0},{"label":"05 hrs","value":0},{"label":"06 hrs","value":0},{"label":"07 hrs","value":0},{"label":"08 hrs","value":0},{"label":"09 hrs","value":0},{"label":"10 hrs","value":0},{"label":"11 hrs","value":0},{"label":"12 hrs","value":1},{"label":"13 hrs","value":1},{"label":"14 hrs","value":0},{"label":"15 hrs","value":0},{"label":"16 hrs","value":0},{"label":"17 hrs","value":0},{"label":"18 hrs","value":0},{"label":"19 hrs","value":0},{"label":"20 hrs","value":0},{"label":"21 hrs","value":0},{"label":"22 hrs","value":0},{"label":"23 hrs","value":0}]},{"source":3,"target":8,"value":56,"fill":"#FF7F00","supply":[{"label":"00 hrs","value":0},{"label":"01 hrs","value":1},{"label":"02 hrs","value":3},{"label":"03 hrs","value":0},{"label":"04 hrs","value":2},{"label":"05 hrs","value":1},{"label":"06 hrs","value":1},{"label":"07 hrs","value":2},{"label":"08 hrs","value":1},{"label":"09 hrs","value":3},{"label":"10 hrs","value":4},{"label":"11 hrs","value":5},{"label":"12 hrs","value":3},{"label":"13 hrs","value":1},{"label":"14 hrs","value":1},{"label":"15 hrs","value":3},{"label":"16 hrs","value":3},{"label":"17 hrs","value":3},{"label":"18 hrs","value":4},{"label":"19 hrs","value":8},{"label":"20 hrs","value":1},{"label":"21 hrs","value":2},{"label":"22 hrs","value":2},{"label":"23 hrs","value":2}]},{"source":4,"target":8,"value":1510,"fill":"#BEBADA","supply":[{"label":"00 hrs","value":29},{"label":"01 hrs","value":28},{"label":"02 hrs","value":12},{"label":"03 hrs","value":12},{"label":"04 hrs","value":12},{"label":"05 hrs","value":15},{"label":"06 hrs","value":31},{"label":"07 hrs","value":42},{"label":"08 hrs","value":79},{"label":"09 hrs","value":114},{"label":"10 hrs","value":108},{"label":"11 hrs","value":127},{"label":"12 hrs","value":91},{"label":"13 hrs","value":92},{"label":"14 hrs","value":101},{"label":"15 hrs","value":87},{"label":"16 hrs","value":58},{"label":"17 hrs","value":59},{"label":"18 hrs","value":97},{"label":"19 hrs","value":85},{"label":"20 hrs","value":71},{"label":"21 hrs","value":70},{"label":"22 hrs","value":58},{"label":"23 hrs","value":32}]},{"source":5,"target":8,"value":19,"fill":"#8DD3C7","supply":[{"label":"00 hrs","value":0},{"label":"01 hrs","value":2},{"label":"02 hrs","value":1},{"label":"03 hrs","value":0},{"label":"04 hrs","value":0},{"label":"05 hrs","value":0},{"label":"06 hrs","value":1},{"label":"07 hrs","value":1},{"label":"08 hrs","value":0},{"label":"09 hrs","value":1},{"label":"10 hrs","value":1},{"label":"11 hrs","value":0},{"label":"12 hrs","value":0},{"label":"13 hrs","value":2},{"label":"14 hrs","value":0},{"label":"15 hrs","value":1},{"label":"16 hrs","value":2},{"label":"17 hrs","value":0},{"label":"18 hrs","value":3},{"label":"19 hrs","value":0},{"label":"20 hrs","value":1},{"label":"21 hrs","value":1},{"label":"22 hrs","value":0},{"label":"23 hrs","value":2}]},{"source":6,"target":8,"value":36,"fill":"#A65628","supply":[{"label":"00 hrs","value":1},{"label":"01 hrs","value":0},{"label":"02 hrs","value":0},{"label":"03 hrs","value":1},{"label":"04 hrs","value":1},{"label":"05 hrs","value":1},{"label":"06 hrs","value":2},{"label":"07 hrs","value":4},{"label":"08 hrs","value":1},{"label":"09 hrs","value":0},{"label":"10 hrs","value":1},{"label":"11 hrs","value":3},{"label":"12 hrs","value":5},{"label":"13 hrs","value":1},{"label":"14 hrs","value":1},{"label":"15 hrs","value":4},{"label":"16 hrs","value":1},{"label":"17 hrs","value":1},{"label":"18 hrs","value":2},{"label":"19 hrs","value":2},{"label":"20 hrs","value":0},{"label":"21 hrs","value":0},{"label":"22 hrs","value":2},{"label":"23 hrs","value":2}]},{"source":8,"target":7,"value":602,"fill":"#BEBADA","supply":[{"label":"00 hrs","value":0},{"label":"01 hrs","value":0},{"label":"02 hrs","value":0},{"label":"03 hrs","value":0},{"label":"04 hrs","value":0},{"label":"05 hrs","value":0},{"label":"06 hrs","value":0},{"label":"07 hrs","value":0},{"label":"08 hrs","value":24},{"label":"09 hrs","value":35},{"label":"10 hrs","value":45},{"label":"11 hrs","value":49},{"label":"12 hrs","value":38},{"label":"13 hrs","value":41},{"label":"14 hrs","value":44},{"label":"15 hrs","value":40},{"label":"16 hrs","value":29},{"label":"17 hrs","value":21},{"label":"18 hrs","value":54},{"label":"19 hrs","value":49},{"label":"20 hrs","value":43},{"label":"21 hrs","value":32},{"label":"22 hrs","value":38},{"label":"23 hrs","value":20}]},{"source":8,"target":7,"value":29,"fill":"#FF7F00","supply":[{"label":"00 hrs","value":0},{"label":"01 hrs","value":0},{"label":"02 hrs","value":0},{"label":"03 hrs","value":0},{"label":"04 hrs","value":0},{"label":"05 hrs","value":0},{"label":"06 hrs","value":0},{"label":"07 hrs","value":0},{"label":"08 hrs","value":1},{"label":"09 hrs","value":4},{"label":"10 hrs","value":4},{"label":"11 hrs","value":4},{"label":"12 hrs","value":3},{"label":"13 hrs","value":2},{"label":"14 hrs","value":3},{"label":"15 hrs","value":3},{"label":"16 hrs","value":0},{"label":"17 hrs","value":0},{"label":"18 hrs","value":0},{"label":"19 hrs","value":0},{"label":"20 hrs","value":0},{"label":"21 hrs","value":2},{"label":"22 hrs","value":2},{"label":"23 hrs","value":1}]},{"source":8,"target":10,"value":2,"fill":"#FCC5C0","supply":[{"label":"00 hrs","value":0},{"label":"01 hrs","value":0},{"label":"02 hrs","value":0},{"label":"03 hrs","value":0},{"label":"04 hrs","value":0},{"label":"05 hrs","value":0},{"label":"06 hrs","value":0},{"label":"07 hrs","value":0},{"label":"08 hrs","value":0},{"label":"09 hrs","value":0},{"label":"10 hrs","value":0},{"label":"11 hrs","value":0},{"label":"12 hrs","value":0},{"label":"13 hrs","value":0},{"label":"14 hrs","value":0},{"label":"15 hrs","value":0},{"label":"16 hrs","value":1},{"label":"17 hrs","value":0},{"label":"18 hrs","value":0},{"label":"19 hrs","value":1},{"label":"20 hrs","value":0},{"label":"21 hrs","value":0},{"label":"22 hrs","value":0},{"label":"23 hrs","value":0}]},{"source":8,"target":11,"value":13,"fill":"#FCC5C0","supply":[{"label":"00 hrs","value":0},{"label":"01 hrs","value":3},{"label":"02 hrs","value":1},{"label":"03 hrs","value":0},{"label":"04 hrs","value":1},{"label":"05 hrs","value":0},{"label":"06 hrs","value":0},{"label":"07 hrs","value":1},{"label":"08 hrs","value":1},{"label":"09 hrs","value":0},{"label":"10 hrs","value":0},{"label":"11 hrs","value":2},{"label":"12 hrs","value":0},{"label":"13 hrs","value":2},{"label":"14 hrs","value":3},{"label":"15 hrs","value":0},{"label":"16 hrs","value":0},{"label":"17 hrs","value":1},{"label":"18 hrs","value":2},{"label":"19 hrs","value":2},{"label":"20 hrs","value":2},{"label":"21 hrs","value":2},{"label":"22 hrs","value":0},{"label":"23 hrs","value":3}]},{"source":8,"target":11,"value":8,"fill":"#8DD3C7","supply":[{"label":"00 hrs","value":3},{"label":"01 hrs","value":1},{"label":"02 hrs","value":2},{"label":"03 hrs","value":0},{"label":"04 hrs","value":1},{"label":"05 hrs","value":1},{"label":"06 hrs","value":0},{"label":"07 hrs","value":1},{"label":"08 hrs","value":0},{"label":"09 hrs","value":0},{"label":"10 hrs","value":0},{"label":"11 hrs","value":0},{"label":"12 hrs","value":0},{"label":"13 hrs","value":1},{"label":"14 hrs","value":0},{"label":"15 hrs","value":0},{"label":"16 hrs","value":0},{"label":"17 hrs","value":0},{"label":"18 hrs","value":1},{"label":"19 hrs","value":2},{"label":"20 hrs","value":1},{"label":"21 hrs","value":1},{"label":"22 hrs","value":2},{"label":"23 hrs","value":1}]},{"source":8,"target":12,"value":1,"fill":"#8DD3C7","supply":[{"label":"00 hrs","value":0},{"label":"01 hrs","value":0},{"label":"02 hrs","value":0},{"label":"03 hrs","value":0},{"label":"04 hrs","value":0},{"label":"05 hrs","value":0},{"label":"06 hrs","value":0},{"label":"07 hrs","value":0},{"label":"08 hrs","value":0},{"label":"09 hrs","value":0},{"label":"10 hrs","value":0},{"label":"11 hrs","value":0},{"label":"12 hrs","value":0},{"label":"13 hrs","value":0},{"label":"14 hrs","value":0},{"label":"15 hrs","value":0},{"label":"16 hrs","value":0},{"label":"17 hrs","value":0},{"label":"18 hrs","value":0},{"label":"19 hrs","value":0},{"label":"20 hrs","value":1},{"label":"21 hrs","value":0},{"label":"22 hrs","value":0},{"label":"23 hrs","value":0}]},{"source":8,"target":9,"value":19,"fill":"#BEBADA","supply":[{"label":"00 hrs","value":4},{"label":"01 hrs","value":3},{"label":"02 hrs","value":0},{"label":"03 hrs","value":1},{"label":"04 hrs","value":0},{"label":"05 hrs","value":0},{"label":"06 hrs","value":3},{"label":"07 hrs","value":2},{"label":"08 hrs","value":4},{"label":"09 hrs","value":3},{"label":"10 hrs","value":6},{"label":"11 hrs","value":4},{"label":"12 hrs","value":5},{"label":"13 hrs","value":3},{"label":"14 hrs","value":7},{"label":"15 hrs","value":5},{"label":"16 hrs","value":3},{"label":"17 hrs","value":2},{"label":"18 hrs","value":1},{"label":"19 hrs","value":1},{"label":"20 hrs","value":1},{"label":"21 hrs","value":3},{"label":"22 hrs","value":4},{"label":"23 hrs","value":5}]},{"source":8,"target":10,"value":13,"fill":"#BEBADA","supply":[{"label":"00 hrs","value":1},{"label":"01 hrs","value":1},{"label":"02 hrs","value":1},{"label":"03 hrs","value":1},{"label":"04 hrs","value":1},{"label":"05 hrs","value":1},{"label":"06 hrs","value":1},{"label":"07 hrs","value":2},{"label":"08 hrs","value":3},{"label":"09 hrs","value":11},{"label":"10 hrs","value":9},{"label":"11 hrs","value":14},{"label":"12 hrs","value":16},{"label":"13 hrs","value":7},{"label":"14 hrs","value":10},{"label":"15 hrs","value":11},{"label":"16 hrs","value":10},{"label":"17 hrs","value":15},{"label":"18 hrs","value":9},{"label":"19 hrs","value":7},{"label":"20 hrs","value":7},{"label":"21 hrs","value":5},{"label":"22 hrs","value":9},{"label":"23 hrs","value":10}]},{"source":8,"target":11,"value":52,"fill":"#BEBADA","supply":[{"label":"00 hrs","value":30},{"label":"01 hrs","value":24},{"label":"02 hrs","value":21},{"label":"03 hrs","value":11},{"label":"04 hrs","value":14},{"label":"05 hrs","value":8},{"label":"06 hrs","value":14},{"label":"07 hrs","value":22},{"label":"08 hrs","value":47},{"label":"09 hrs","value":37},{"label":"10 hrs","value":42},{"label":"11 hrs","value":48},{"label":"12 hrs","value":49},{"label":"13 hrs","value":42},{"label":"14 hrs","value":33},{"label":"15 hrs","value":31},{"label":"16 hrs","value":38},{"label":"17 hrs","value":43},{"label":"18 hrs","value":46},{"label":"19 hrs","value":53},{"label":"20 hrs","value":47},{"label":"21 hrs","value":50},{"label":"22 hrs","value":48},{"label":"23 hrs","value":54}]},{"source":8,"target":12,"value":11,"fill":"#BEBADA","supply":[{"label":"00 hrs","value":2},{"label":"01 hrs","value":0},{"label":"02 hrs","value":0},{"label":"03 hrs","value":4},{"label":"04 hrs","value":1},{"label":"05 hrs","value":0},{"label":"06 hrs","value":0},{"label":"07 hrs","value":2},{"label":"08 hrs","value":1},{"label":"09 hrs","value":1},{"label":"10 hrs","value":0},{"label":"11 hrs","value":0},{"label":"12 hrs","value":1},{"label":"13 hrs","value":1},{"label":"14 hrs","value":1},{"label":"15 hrs","value":0},{"label":"16 hrs","value":0},{"label":"17 hrs","value":0},{"label":"18 hrs","value":1},{"label":"19 hrs","value":2},{"label":"20 hrs","value":1},{"label":"21 hrs","value":0},{"label":"22 hrs","value":0},{"label":"23 hrs","value":1}]},{"source":9,"target":13,"value":63,"fill":"#BEBADA","supply":[{"label":"00 hrs","value":4},{"label":"01 hrs","value":3},{"label":"02 hrs","value":0},{"label":"03 hrs","value":1},{"label":"04 hrs","value":0},{"label":"05 hrs","value":0},{"label":"06 hrs","value":3},{"label":"07 hrs","value":2},{"label":"08 hrs","value":3},{"label":"09 hrs","value":3},{"label":"10 hrs","value":5},{"label":"11 hrs","value":4},{"label":"12 hrs","value":5},{"label":"13 hrs","value":3},{"label":"14 hrs","value":7},{"label":"15 hrs","value":5},{"label":"16 hrs","value":2},{"label":"17 hrs","value":1},{"label":"18 hrs","value":1},{"label":"19 hrs","value":1},{"label":"20 hrs","value":1},{"label":"21 hrs","value":2},{"label":"22 hrs","value":2},{"label":"23 hrs","value":5}]},{"source":9,"target":14,"value":7,"fill":"#BEBADA","supply":[{"label":"00 hrs","value":0},{"label":"01 hrs","value":0},{"label":"02 hrs","value":0},{"label":"03 hrs","value":0},{"label":"04 hrs","value":0},{"label":"05 hrs","value":0},{"label":"06 hrs","value":0},{"label":"07 hrs","value":0},{"label":"08 hrs","value":1},{"label":"09 hrs","value":0},{"label":"10 hrs","value":1},{"label":"11 hrs","value":0},{"label":"12 hrs","value":0},{"label":"13 hrs","value":0},{"label":"14 hrs","value":0},{"label":"15 hrs","value":0},{"label":"16 hrs","value":1},{"label":"17 hrs","value":1},{"label":"18 hrs","value":0},{"label":"19 hrs","value":0},{"label":"20 hrs","value":0},{"label":"21 hrs","value":1},{"label":"22 hrs","value":2},{"label":"23 hrs","value":0}]},{"source":10,"target":14,"value":162,"fill":"#BEBADA","supply":[{"label":"00 hrs","value":1},{"label":"01 hrs","value":1},{"label":"02 hrs","value":1},{"label":"03 hrs","value":1},{"label":"04 hrs","value":1},{"label":"05 hrs","value":1},{"label":"06 hrs","value":1},{"label":"07 hrs","value":2},{"label":"08 hrs","value":3},{"label":"09 hrs","value":11},{"label":"10 hrs","value":9},{"label":"11 hrs","value":14},{"label":"12 hrs","value":16},{"label":"13 hrs","value":7},{"label":"14 hrs","value":10},{"label":"15 hrs","value":11},{"label":"16 hrs","value":10},{"label":"17 hrs","value":15},{"label":"18 hrs","value":9},{"label":"19 hrs","value":7},{"label":"20 hrs","value":7},{"label":"21 hrs","value":5},{"label":"22 hrs","value":9},{"label":"23 hrs","value":10}]},{"source":10,"target":14,"value":2,"fill":"#FCC5C0","supply":[{"label":"00 hrs","value":0},{"label":"01 hrs","value":0},{"label":"02 hrs","value":0},{"label":"03 hrs","value":0},{"label":"04 hrs","value":0},{"label":"05 hrs","value":0},{"label":"06 hrs","value":0},{"label":"07 hrs","value":0},{"label":"08 hrs","value":0},{"label":"09 hrs","value":0},{"label":"10 hrs","value":0},{"label":"11 hrs","value":0},{"label":"12 hrs","value":0},{"label":"13 hrs","value":0},{"label":"14 hrs","value":0},{"label":"15 hrs","value":0},{"label":"16 hrs","value":1},{"label":"17 hrs","value":0},{"label":"18 hrs","value":0},{"label":"19 hrs","value":1},{"label":"20 hrs","value":0},{"label":"21 hrs","value":0},{"label":"22 hrs","value":0},{"label":"23 hrs","value":0}]},{"source":11,"target":13,"value":107,"fill":"#BEBADA","supply":[{"label":"00 hrs","value":6},{"label":"01 hrs","value":4},{"label":"02 hrs","value":1},{"label":"03 hrs","value":4},{"label":"04 hrs","value":6},{"label":"05 hrs","value":4},{"label":"06 hrs","value":2},{"label":"07 hrs","value":6},{"label":"08 hrs","value":7},{"label":"09 hrs","value":3},{"label":"10 hrs","value":2},{"label":"11 hrs","value":2},{"label":"12 hrs","value":5},{"label":"13 hrs","value":3},{"label":"14 hrs","value":3},{"label":"15 hrs","value":3},{"label":"16 hrs","value":4},{"label":"17 hrs","value":3},{"label":"18 hrs","value":5},{"label":"19 hrs","value":5},{"label":"20 hrs","value":4},{"label":"21 hrs","value":7},{"label":"22 hrs","value":10},{"label":"23 hrs","value":8}]},{"source":11,"target":13,"value":3,"fill":"#FCC5C0","supply":[{"label":"00 hrs","value":0},{"label":"01 hrs","value":0},{"label":"02 hrs","value":0},{"label":"03 hrs","value":0},{"label":"04 hrs","value":1},{"label":"05 hrs","value":0},{"label":"06 hrs","value":0},{"label":"07 hrs","value":0},{"label":"08 hrs","value":0},{"label":"09 hrs","value":0},{"label":"10 hrs","value":0},{"label":"11 hrs","value":0},{"label":"12 hrs","value":0},{"label":"13 hrs","value":1},{"label":"14 hrs","value":0},{"label":"15 hrs","value":0},{"label":"16 hrs","value":0},{"label":"17 hrs","value":0},{"label":"18 hrs","value":0},{"label":"19 hrs","value":1},{"label":"20 hrs","value":0},{"label":"21 hrs","value":0},{"label":"22 hrs","value":0},{"label":"23 hrs","value":0}]},{"source":11,"target":13,"value":1,"fill":"#8DD3C7","supply":[{"label":"00 hrs","value":0},{"label":"01 hrs","value":0},{"label":"02 hrs","value":0},{"label":"03 hrs","value":0},{"label":"04 hrs","value":1},{"label":"05 hrs","value":0},{"label":"06 hrs","value":0},{"label":"07 hrs","value":0},{"label":"08 hrs","value":0},{"label":"09 hrs","value":0},{"label":"10 hrs","value":0},{"label":"11 hrs","value":0},{"label":"12 hrs","value":0},{"label":"13 hrs","value":0},{"label":"14 hrs","value":0},{"label":"15 hrs","value":0},{"label":"16 hrs","value":0},{"label":"17 hrs","value":0},{"label":"18 hrs","value":0},{"label":"19 hrs","value":0},{"label":"20 hrs","value":0},{"label":"21 hrs","value":0},{"label":"22 hrs","value":0},{"label":"23 hrs","value":0}]},{"source":11,"target":14,"value":371,"fill":"#BEBADA","supply":[{"label":"00 hrs","value":12},{"label":"01 hrs","value":15},{"label":"02 hrs","value":11},{"label":"03 hrs","value":3},{"label":"04 hrs","value":3},{"label":"05 hrs","value":3},{"label":"06 hrs","value":4},{"label":"07 hrs","value":7},{"label":"08 hrs","value":14},{"label":"09 hrs","value":18},{"label":"10 hrs","value":19},{"label":"11 hrs","value":18},{"label":"12 hrs","value":17},{"label":"13 hrs","value":24},{"label":"14 hrs","value":10},{"label":"15 hrs","value":16},{"label":"16 hrs","value":18},{"label":"17 hrs","value":17},{"label":"18 hrs","value":24},{"label":"19 hrs","value":31},{"label":"20 hrs","value":25},{"label":"21 hrs","value":21},{"label":"22 hrs","value":17},{"label":"23 hrs","value":24}]},{"source":11,"target":14,"value":12,"fill":"#FCC5C0","supply":[{"label":"00 hrs","value":0},{"label":"01 hrs","value":1},{"label":"02 hrs","value":0},{"label":"03 hrs","value":0},{"label":"04 hrs","value":0},{"label":"05 hrs","value":0},{"label":"06 hrs","value":0},{"label":"07 hrs","value":0},{"label":"08 hrs","value":0},{"label":"09 hrs","value":0},{"label":"10 hrs","value":0},{"label":"11 hrs","value":2},{"label":"12 hrs","value":0},{"label":"13 hrs","value":1},{"label":"14 hrs","value":3},{"label":"15 hrs","value":0},{"label":"16 hrs","value":0},{"label":"17 hrs","value":0},{"label":"18 hrs","value":1},{"label":"19 hrs","value":0},{"label":"20 hrs","value":2},{"label":"21 hrs","value":2},{"label":"22 hrs","value":0},{"label":"23 hrs","value":0}]},{"source":11,"target":14,"value":12,"fill":"#8DD3C7","supply":[{"label":"00 hrs","value":3},{"label":"01 hrs","value":0},{"label":"02 hrs","value":1},{"label":"03 hrs","value":0},{"label":"04 hrs","value":0},{"label":"05 hrs","value":1},{"label":"06 hrs","value":0},{"label":"07 hrs","value":1},{"label":"08 hrs","value":0},{"label":"09 hrs","value":0},{"label":"10 hrs","value":0},{"label":"11 hrs","value":0},{"label":"12 hrs","value":0},{"label":"13 hrs","value":1},{"label":"14 hrs","value":0},{"label":"15 hrs","value":0},{"label":"16 hrs","value":0},{"label":"17 hrs","value":0},{"label":"18 hrs","value":1},{"label":"19 hrs","value":1},{"label":"20 hrs","value":1},{"label":"21 hrs","value":1},{"label":"22 hrs","value":1},{"label":"23 hrs","value":0}]},{"source":11,"target":15,"value":374,"fill":"#BEBADA","supply":[{"label":"00 hrs","value":12},{"label":"01 hrs","value":5},{"label":"02 hrs","value":9},{"label":"03 hrs","value":4},{"label":"04 hrs","value":5},{"label":"05 hrs","value":1},{"label":"06 hrs","value":8},{"label":"07 hrs","value":9},{"label":"08 hrs","value":26},{"label":"09 hrs","value":16},{"label":"10 hrs","value":21},{"label":"11 hrs","value":28},{"label":"12 hrs","value":27},{"label":"13 hrs","value":15},{"label":"14 hrs","value":20},{"label":"15 hrs","value":12},{"label":"16 hrs","value":16},{"label":"17 hrs","value":23},{"label":"18 hrs","value":17},{"label":"19 hrs","value":17},{"label":"20 hrs","value":18},{"label":"21 hrs","value":22},{"label":"22 hrs","value":21},{"label":"23 hrs","value":22}]},{"source":11,"target":15,"value":11,"fill":"#FCC5C0","supply":[{"label":"00 hrs","value":0},{"label":"01 hrs","value":2},{"label":"02 hrs","value":1},{"label":"03 hrs","value":0},{"label":"04 hrs","value":0},{"label":"05 hrs","value":0},{"label":"06 hrs","value":0},{"label":"07 hrs","value":1},{"label":"08 hrs","value":1},{"label":"09 hrs","value":0},{"label":"10 hrs","value":0},{"label":"11 hrs","value":0},{"label":"12 hrs","value":0},{"label":"13 hrs","value":0},{"label":"14 hrs","value":0},{"label":"15 hrs","value":0},{"label":"16 hrs","value":0},{"label":"17 hrs","value":1},{"label":"18 hrs","value":1},{"label":"19 hrs","value":1},{"label":"20 hrs","value":0},{"label":"21 hrs","value":0},{"label":"22 hrs","value":0},{"label":"23 hrs","value":3}]},{"source":11,"target":15,"value":5,"fill":"#8DD3C7","supply":[{"label":"00 hrs","value":0},{"label":"01 hrs","value":1},{"label":"02 hrs","value":1},{"label":"03 hrs","value":0},{"label":"04 hrs","value":0},{"label":"05 hrs","value":0},{"label":"06 hrs","value":0},{"label":"07 hrs","value":0},{"label":"08 hrs","value":0},{"label":"09 hrs","value":0},{"label":"10 hrs","value":0},{"label":"11 hrs","value":0},{"label":"12 hrs","value":0},{"label":"13 hrs","value":0},{"label":"14 hrs","value":0},{"label":"15 hrs","value":0},{"label":"16 hrs","value":0},{"label":"17 hrs","value":0},{"label":"18 hrs","value":0},{"label":"19 hrs","value":1},{"label":"20 hrs","value":0},{"label":"21 hrs","value":0},{"label":"22 hrs","value":1},{"label":"23 hrs","value":1}]},{"source":12,"target":13,"value":6,"fill":"#BEBADA","supply":[{"label":"00 hrs","value":1},{"label":"01 hrs","value":0},{"label":"02 hrs","value":0},{"label":"03 hrs","value":1},{"label":"04 hrs","value":0},{"label":"05 hrs","value":0},{"label":"06 hrs","value":0},{"label":"07 hrs","value":2},{"label":"08 hrs","value":0},{"label":"09 hrs","value":0},{"label":"10 hrs","value":0},{"label":"11 hrs","value":0},{"label":"12 hrs","value":1},{"label":"13 hrs","value":0},{"label":"14 hrs","value":0},{"label":"15 hrs","value":0},{"label":"16 hrs","value":0},{"label":"17 hrs","value":0},{"label":"18 hrs","value":1},{"label":"19 hrs","value":0},{"label":"20 hrs","value":0},{"label":"21 hrs","value":0},{"label":"22 hrs","value":0},{"label":"23 hrs","value":0}]},{"source":12,"target":13,"value":1,"fill":"#8DD3C7","supply":[{"label":"00 hrs","value":0},{"label":"01 hrs","value":0},{"label":"02 hrs","value":0},{"label":"03 hrs","value":0},{"label":"04 hrs","value":0},{"label":"05 hrs","value":0},{"label":"06 hrs","value":0},{"label":"07 hrs","value":0},{"label":"08 hrs","value":0},{"label":"09 hrs","value":0},{"label":"10 hrs","value":0},{"label":"11 hrs","value":0},{"label":"12 hrs","value":0},{"label":"13 hrs","value":0},{"label":"14 hrs","value":0},{"label":"15 hrs","value":0},{"label":"16 hrs","value":0},{"label":"17 hrs","value":0},{"label":"18 hrs","value":0},{"label":"19 hrs","value":0},{"label":"20 hrs","value":1},{"label":"21 hrs","value":0},{"label":"22 hrs","value":0},{"label":"23 hrs","value":0}]},{"source":12,"target":14,"value":7,"fill":"#BEBADA","supply":[{"label":"00 hrs","value":0},{"label":"01 hrs","value":0},{"label":"02 hrs","value":0},{"label":"03 hrs","value":2},{"label":"04 hrs","value":0},{"label":"05 hrs","value":0},{"label":"06 hrs","value":0},{"label":"07 hrs","value":0},{"label":"08 hrs","value":1},{"label":"09 hrs","value":0},{"label":"10 hrs","value":0},{"label":"11 hrs","value":0},{"label":"12 hrs","value":0},{"label":"13 hrs","value":0},{"label":"14 hrs","value":1},{"label":"15 hrs","value":0},{"label":"16 hrs","value":0},{"label":"17 hrs","value":0},{"label":"18 hrs","value":0},{"label":"19 hrs","value":1},{"label":"20 hrs","value":1},{"label":"21 hrs","value":0},{"label":"22 hrs","value":0},{"label":"23 hrs","value":1}]},{"source":12,"target":15,"value":6,"fill":"#BEBADA","supply":[{"label":"00 hrs","value":1},{"label":"01 hrs","value":0},{"label":"02 hrs","value":0},{"label":"03 hrs","value":1},{"label":"04 hrs","value":1},{"label":"05 hrs","value":0},{"label":"06 hrs","value":0},{"label":"07 hrs","value":0},{"label":"08 hrs","value":0},{"label":"09 hrs","value":1},{"label":"10 hrs","value":0},{"label":"11 hrs","value":0},{"label":"12 hrs","value":0},{"label":"13 hrs","value":1},{"label":"14 hrs","value":0},{"label":"15 hrs","value":0},{"label":"16 hrs","value":0},{"label":"17 hrs","value":0},{"label":"18 hrs","value":0},{"label":"19 hrs","value":1},{"label":"20 hrs","value":0},{"label":"21 hrs","value":0},{"label":"22 hrs","value":0},{"label":"23 hrs","value":0}]},{"source":13,"target":17,"value":21,"fill":"#BEBADA","supply":[{"label":"00 hrs","value":0},{"label":"01 hrs","value":0},{"label":"02 hrs","value":0},{"label":"03 hrs","value":0},{"label":"04 hrs","value":0},{"label":"05 hrs","value":0},{"label":"06 hrs","value":1},{"label":"07 hrs","value":2},{"label":"08 hrs","value":1},{"label":"09 hrs","value":3},{"label":"10 hrs","value":3},{"label":"11 hrs","value":2},{"label":"12 hrs","value":3},{"label":"13 hrs","value":0},{"label":"14 hrs","value":2},{"label":"15 hrs","value":1},{"label":"16 hrs","value":1},{"label":"17 hrs","value":0},{"label":"18 hrs","value":0},{"label":"19 hrs","value":0},{"label":"20 hrs","value":1},{"label":"21 hrs","value":1},{"label":"22 hrs","value":0},{"label":"23 hrs","value":0}]},{"source":14,"target":17,"value":22,"fill":"#BEBADA","supply":[{"label":"00 hrs","value":0},{"label":"01 hrs","value":0},{"label":"02 hrs","value":0},{"label":"03 hrs","value":0},{"label":"04 hrs","value":1},{"label":"05 hrs","value":1},{"label":"06 hrs","value":0},{"label":"07 hrs","value":1},{"label":"08 hrs","value":2},{"label":"09 hrs","value":5},{"label":"10 hrs","value":1},{"label":"11 hrs","value":4},{"label":"12 hrs","value":1},{"label":"13 hrs","value":0},{"label":"14 hrs","value":3},{"label":"15 hrs","value":2},{"label":"16 hrs","value":0},{"label":"17 hrs","value":0},{"label":"18 hrs","value":0},{"label":"19 hrs","value":0},{"label":"20 hrs","value":0},{"label":"21 hrs","value":0},{"label":"22 hrs","value":1},{"label":"23 hrs","value":0}]},{"source":15,"target":17,"value":15,"fill":"#BEBADA","supply":[{"label":"00 hrs","value":0},{"label":"01 hrs","value":0},{"label":"02 hrs","value":0},{"label":"03 hrs","value":0},{"label":"04 hrs","value":0},{"label":"05 hrs","value":0},{"label":"06 hrs","value":1},{"label":"07 hrs","value":1},{"label":"08 hrs","value":1},{"label":"09 hrs","value":1},{"label":"10 hrs","value":0},{"label":"11 hrs","value":0},{"label":"12 hrs","value":3},{"label":"13 hrs","value":1},{"label":"14 hrs","value":4},{"label":"15 hrs","value":0},{"label":"16 hrs","value":0},{"label":"17 hrs","value":1},{"label":"18 hrs","value":0},{"label":"19 hrs","value":1},{"label":"20 hrs","value":0},{"label":"21 hrs","value":1},{"label":"22 hrs","value":0},{"label":"23 hrs","value":0}]},{"source":13,"target":19,"value":9,"fill":"#BEBADA","supply":[{"label":"00 hrs","value":1},{"label":"01 hrs","value":0},{"label":"02 hrs","value":0},{"label":"03 hrs","value":0},{"label":"04 hrs","value":0},{"label":"05 hrs","value":0},{"label":"06 hrs","value":0},{"label":"07 hrs","value":0},{"label":"08 hrs","value":1},{"label":"09 hrs","value":0},{"label":"10 hrs","value":0},{"label":"11 hrs","value":0},{"label":"12 hrs","value":0},{"label":"13 hrs","value":2},{"label":"14 hrs","value":0},{"label":"15 hrs","value":2},{"label":"16 hrs","value":1},{"label":"17 hrs","value":0},{"label":"18 hrs","value":1},{"label":"19 hrs","value":0},{"label":"20 hrs","value":0},{"label":"21 hrs","value":0},{"label":"22 hrs","value":1},{"label":"23 hrs","value":0}]},{"source":14,"target":19,"value":22,"fill":"#BEBADA","supply":[{"label":"00 hrs","value":3},{"label":"01 hrs","value":0},{"label":"02 hrs","value":0},{"label":"03 hrs","value":1},{"label":"04 hrs","value":0},{"label":"05 hrs","value":1},{"label":"06 hrs","value":0},{"label":"07 hrs","value":0},{"label":"08 hrs","value":0},{"label":"09 hrs","value":0},{"label":"10 hrs","value":1},{"label":"11 hrs","value":0},{"label":"12 hrs","value":3},{"label":"13 hrs","value":0},{"label":"14 hrs","value":0},{"label":"15 hrs","value":1},{"label":"16 hrs","value":1},{"label":"17 hrs","value":1},{"label":"18 hrs","value":1},{"label":"19 hrs","value":2},{"label":"20 hrs","value":2},{"label":"21 hrs","value":1},{"label":"22 hrs","value":1},{"label":"23 hrs","value":3}]},{"source":15,"target":19,"value":20,"fill":"#BEBADA","supply":[{"label":"00 hrs","value":0},{"label":"01 hrs","value":0},{"label":"02 hrs","value":1},{"label":"03 hrs","value":0},{"label":"04 hrs","value":0},{"label":"05 hrs","value":0},{"label":"06 hrs","value":1},{"label":"07 hrs","value":1},{"label":"08 hrs","value":1},{"label":"09 hrs","value":3},{"label":"10 hrs","value":2},{"label":"11 hrs","value":1},{"label":"12 hrs","value":1},{"label":"13 hrs","value":0},{"label":"14 hrs","value":0},{"label":"15 hrs","value":0},{"label":"16 hrs","value":0},{"label":"17 hrs","value":3},{"label":"18 hrs","value":1},{"label":"19 hrs","value":2},{"label":"20 hrs","value":1},{"label":"21 hrs","value":2},{"label":"22 hrs","value":0},{"label":"23 hrs","value":0}]},{"source":13,"target":20,"value":50,"fill":"#BEBADA","supply":[{"label":"00 hrs","value":4},{"label":"01 hrs","value":0},{"label":"02 hrs","value":0},{"label":"03 hrs","value":3},{"label":"04 hrs","value":0},{"label":"05 hrs","value":0},{"label":"06 hrs","value":2},{"label":"07 hrs","value":4},{"label":"08 hrs","value":3},{"label":"09 hrs","value":1},{"label":"10 hrs","value":2},{"label":"11 hrs","value":1},{"label":"12 hrs","value":1},{"label":"13 hrs","value":2},{"label":"14 hrs","value":4},{"label":"15 hrs","value":3},{"label":"16 hrs","value":3},{"label":"17 hrs","value":1},{"label":"18 hrs","value":0},{"label":"19 hrs","value":1},{"label":"20 hrs","value":2},{"label":"21 hrs","value":4},{"label":"22 hrs","value":5},{"label":"23 hrs","value":4}]},{"source":13,"target":20,"value":1,"fill":"#FCC5C0","supply":[{"label":"00 hrs","value":0},{"label":"01 hrs","value":0},{"label":"02 hrs","value":0},{"label":"03 hrs","value":0},{"label":"04 hrs","value":0},{"label":"05 hrs","value":0},{"label":"06 hrs","value":0},{"label":"07 hrs","value":0},{"label":"08 hrs","value":0},{"label":"09 hrs","value":0},{"label":"10 hrs","value":0},{"label":"11 hrs","value":0},{"label":"12 hrs","value":0},{"label":"13 hrs","value":1},{"label":"14 hrs","value":0},{"label":"15 hrs","value":0},{"label":"16 hrs","value":0},{"label":"17 hrs","value":0},{"label":"18 hrs","value":0},{"label":"19 hrs","value":0},{"label":"20 hrs","value":0},{"label":"21 hrs","value":0},{"label":"22 hrs","value":0},{"label":"23 hrs","value":0}]},{"source":14,"target":20,"value":94,"fill":"#BEBADA","supply":[{"label":"00 hrs","value":2},{"label":"01 hrs","value":5},{"label":"02 hrs","value":2},{"label":"03 hrs","value":1},{"label":"04 hrs","value":0},{"label":"05 hrs","value":1},{"label":"06 hrs","value":2},{"label":"07 hrs","value":4},{"label":"08 hrs","value":7},{"label":"09 hrs","value":6},{"label":"10 hrs","value":4},{"label":"11 hrs","value":7},{"label":"12 hrs","value":8},{"label":"13 hrs","value":8},{"label":"14 hrs","value":4},{"label":"15 hrs","value":7},{"label":"16 hrs","value":5},{"label":"17 hrs","value":4},{"label":"18 hrs","value":4},{"label":"19 hrs","value":5},{"label":"20 hrs","value":3},{"label":"21 hrs","value":2},{"label":"22 hrs","value":2},{"label":"23 hrs","value":1}]},{"source":14,"target":20,"value":4,"fill":"#FCC5C0","supply":[{"label":"00 hrs","value":0},{"label":"01 hrs","value":0},{"label":"02 hrs","value":0},{"label":"03 hrs","value":0},{"label":"04 hrs","value":0},{"label":"05 hrs","value":0},{"label":"06 hrs","value":0},{"label":"07 hrs","value":0},{"label":"08 hrs","value":0},{"label":"09 hrs","value":0},{"label":"10 hrs","value":0},{"label":"11 hrs","value":1},{"label":"12 hrs","value":0},{"label":"13 hrs","value":0},{"label":"14 hrs","value":2},{"label":"15 hrs","value":0},{"label":"16 hrs","value":1},{"label":"17 hrs","value":0},{"label":"18 hrs","value":0},{"label":"19 hrs","value":0},{"label":"20 hrs","value":0},{"label":"21 hrs","value":0},{"label":"22 hrs","value":0},{"label":"23 hrs","value":0}]},{"source":14,"target":20,"value":4,"fill":"#8DD3C7","supply":[{"label":"00 hrs","value":1},{"label":"01 hrs","value":0},{"label":"02 hrs","value":0},{"label":"03 hrs","value":0},{"label":"04 hrs","value":0},{"label":"05 hrs","value":1},{"label":"06 hrs","value":0},{"label":"07 hrs","value":1},{"label":"08 hrs","value":0},{"label":"09 hrs","value":0},{"label":"10 hrs","value":0},{"label":"11 hrs","value":0},{"label":"12 hrs","value":0},{"label":"13 hrs","value":0},{"label":"14 hrs","value":0},{"label":"15 hrs","value":0},{"label":"16 hrs","value":0},{"label":"17 hrs","value":0},{"label":"18 hrs","value":0},{"label":"19 hrs","value":1},{"label":"20 hrs","value":0},{"label":"21 hrs","value":0},{"label":"22 hrs","value":0},{"label":"23 hrs","value":0}]},{"source":15,"target":20,"value":54,"fill":"#BEBADA","supply":[{"label":"00 hrs","value":1},{"label":"01 hrs","value":0},{"label":"02 hrs","value":1},{"label":"03 hrs","value":0},{"label":"04 hrs","value":0},{"label":"05 hrs","value":1},{"label":"06 hrs","value":1},{"label":"07 hrs","value":1},{"label":"08 hrs","value":6},{"label":"09 hrs","value":5},{"label":"10 hrs","value":9},{"label":"11 hrs","value":7},{"label":"12 hrs","value":6},{"label":"13 hrs","value":2},{"label":"14 hrs","value":2},{"label":"15 hrs","value":1},{"label":"16 hrs","value":3},{"label":"17 hrs","value":2},{"label":"18 hrs","value":1},{"label":"19 hrs","value":1},{"label":"20 hrs","value":3},{"label":"21 hrs","value":0},{"label":"22 hrs","value":0},{"label":"23 hrs","value":1}]},{"source":13,"target":25,"value":5,"fill":"#BEBADA","supply":[{"label":"00 hrs","value":0},{"label":"01 hrs","value":1},{"label":"02 hrs","value":0},{"label":"03 hrs","value":0},{"label":"04 hrs","value":0},{"label":"05 hrs","value":0},{"label":"06 hrs","value":0},{"label":"07 hrs","value":0},{"label":"08 hrs","value":0},{"label":"09 hrs","value":0},{"label":"10 hrs","value":0},{"label":"11 hrs","value":0},{"label":"12 hrs","value":2},{"label":"13 hrs","value":0},{"label":"14 hrs","value":0},{"label":"15 hrs","value":0},{"label":"16 hrs","value":0},{"label":"17 hrs","value":0},{"label":"18 hrs","value":0},{"label":"19 hrs","value":0},{"label":"20 hrs","value":0},{"label":"21 hrs","value":0},{"label":"22 hrs","value":0},{"label":"23 hrs","value":2}]},{"source":14,"target":25,"value":13,"fill":"#BEBADA","supply":[{"label":"00 hrs","value":0},{"label":"01 hrs","value":1},{"label":"02 hrs","value":0},{"label":"03 hrs","value":0},{"label":"04 hrs","value":0},{"label":"05 hrs","value":0},{"label":"06 hrs","value":0},{"label":"07 hrs","value":0},{"label":"08 hrs","value":0},{"label":"09 hrs","value":0},{"label":"10 hrs","value":2},{"label":"11 hrs","value":0},{"label":"12 hrs","value":2},{"label":"13 hrs","value":0},{"label":"14 hrs","value":0},{"label":"15 hrs","value":0},{"label":"16 hrs","value":0},{"label":"17 hrs","value":1},{"label":"18 hrs","value":0},{"label":"19 hrs","value":3},{"label":"20 hrs","value":1},{"label":"21 hrs","value":1},{"label":"22 hrs","value":1},{"label":"23 hrs","value":1}]},{"source":14,"target":25,"value":2,"fill":"#8DD3C7","supply":[{"label":"00 hrs","value":0},{"label":"01 hrs","value":0},{"label":"02 hrs","value":0},{"label":"03 hrs","value":0},{"label":"04 hrs","value":0},{"label":"05 hrs","value":0},{"label":"06 hrs","value":0},{"label":"07 hrs","value":0},{"label":"08 hrs","value":0},{"label":"09 hrs","value":0},{"label":"10 hrs","value":0},{"label":"11 hrs","value":0},{"label":"12 hrs","value":0},{"label":"13 hrs","value":0},{"label":"14 hrs","value":0},{"label":"15 hrs","value":0},{"label":"16 hrs","value":0},{"label":"17 hrs","value":0},{"label":"18 hrs","value":1},{"label":"19 hrs","value":0},{"label":"20 hrs","value":1},{"label":"21 hrs","value":0},{"label":"22 hrs","value":0},{"label":"23 hrs","value":0}]},{"source":15,"target":25,"value":24,"fill":"#BEBADA","supply":[{"label":"00 hrs","value":1},{"label":"01 hrs","value":0},{"label":"02 hrs","value":0},{"label":"03 hrs","value":1},{"label":"04 hrs","value":1},{"label":"05 hrs","value":0},{"label":"06 hrs","value":0},{"label":"07 hrs","value":1},{"label":"08 hrs","value":1},{"label":"09 hrs","value":0},{"label":"10 hrs","value":3},{"label":"11 hrs","value":5},{"label":"12 hrs","value":0},{"label":"13 hrs","value":4},{"label":"14 hrs","value":1},{"label":"15 hrs","value":2},{"label":"16 hrs","value":1},{"label":"17 hrs","value":1},{"label":"18 hrs","value":1},{"label":"19 hrs","value":1},{"label":"20 hrs","value":0},{"label":"21 hrs","value":0},{"label":"22 hrs","value":0},{"label":"23 hrs","value":0}]},{"source":13,"target":21,"value":31,"fill":"#BEBADA","supply":[{"label":"00 hrs","value":2},{"label":"01 hrs","value":6},{"label":"02 hrs","value":0},{"label":"03 hrs","value":2},{"label":"04 hrs","value":2},{"label":"05 hrs","value":1},{"label":"06 hrs","value":0},{"label":"07 hrs","value":0},{"label":"08 hrs","value":2},{"label":"09 hrs","value":0},{"label":"10 hrs","value":0},{"label":"11 hrs","value":0},{"label":"12 hrs","value":0},{"label":"13 hrs","value":0},{"label":"14 hrs","value":0},{"label":"15 hrs","value":0},{"label":"16 hrs","value":0},{"label":"17 hrs","value":1},{"label":"18 hrs","value":4},{"label":"19 hrs","value":1},{"label":"20 hrs","value":0},{"label":"21 hrs","value":1},{"label":"22 hrs","value":4},{"label":"23 hrs","value":5}]},{"source":14,"target":21,"value":49,"fill":"#BEBADA","supply":[{"label":"00 hrs","value":0},{"label":"01 hrs","value":0},{"label":"02 hrs","value":1},{"label":"03 hrs","value":0},{"label":"04 hrs","value":1},{"label":"05 hrs","value":0},{"label":"06 hrs","value":0},{"label":"07 hrs","value":0},{"label":"08 hrs","value":0},{"label":"09 hrs","value":3},{"label":"10 hrs","value":5},{"label":"11 hrs","value":2},{"label":"12 hrs","value":2},{"label":"13 hrs","value":1},{"label":"14 hrs","value":3},{"label":"15 hrs","value":4},{"label":"16 hrs","value":3},{"label":"17 hrs","value":4},{"label":"18 hrs","value":3},{"label":"19 hrs","value":5},{"label":"20 hrs","value":3},{"label":"21 hrs","value":6},{"label":"22 hrs","value":1},{"label":"23 hrs","value":2}]},{"source":14,"target":21,"value":2,"fill":"#FCC5C0","supply":[{"label":"00 hrs","value":0},{"label":"01 hrs","value":0},{"label":"02 hrs","value":0},{"label":"03 hrs","value":0},{"label":"04 hrs","value":0},{"label":"05 hrs","value":0},{"label":"06 hrs","value":0},{"label":"07 hrs","value":0},{"label":"08 hrs","value":0},{"label":"09 hrs","value":0},{"label":"10 hrs","value":0},{"label":"11 hrs","value":0},{"label":"12 hrs","value":0},{"label":"13 hrs","value":0},{"label":"14 hrs","value":0},{"label":"15 hrs","value":0},{"label":"16 hrs","value":0},{"label":"17 hrs","value":0},{"label":"18 hrs","value":0},{"label":"19 hrs","value":0},{"label":"20 hrs","value":1},{"label":"21 hrs","value":1},{"label":"22 hrs","value":0},{"label":"23 hrs","value":0}]},{"source":14,"target":21,"value":1,"fill":"#8DD3C7","supply":[{"label":"00 hrs","value":0},{"label":"01 hrs","value":0},{"label":"02 hrs","value":0},{"label":"03 hrs","value":0},{"label":"04 hrs","value":0},{"label":"05 hrs","value":0},{"label":"06 hrs","value":0},{"label":"07 hrs","value":0},{"label":"08 hrs","value":0},{"label":"09 hrs","value":0},{"label":"10 hrs","value":0},{"label":"11 hrs","value":0},{"label":"12 hrs","value":0},{"label":"13 hrs","value":0},{"label":"14 hrs","value":0},{"label":"15 hrs","value":0},{"label":"16 hrs","value":0},{"label":"17 hrs","value":0},{"label":"18 hrs","value":0},{"label":"19 hrs","value":0},{"label":"20 hrs","value":0},{"label":"21 hrs","value":1},{"label":"22 hrs","value":0},{"label":"23 hrs","value":0}]},{"source":15,"target":21,"value":75,"fill":"#BEBADA","supply":[{"label":"00 hrs","value":3},{"label":"01 hrs","value":2},{"label":"02 hrs","value":6},{"label":"03 hrs","value":1},{"label":"04 hrs","value":2},{"label":"05 hrs","value":0},{"label":"06 hrs","value":2},{"label":"07 hrs","value":0},{"label":"08 hrs","value":2},{"label":"09 hrs","value":2},{"label":"10 hrs","value":1},{"label":"11 hrs","value":3},{"label":"12 hrs","value":3},{"label":"13 hrs","value":2},{"label":"14 hrs","value":4},{"label":"15 hrs","value":2},{"label":"16 hrs","value":2},{"label":"17 hrs","value":7},{"label":"18 hrs","value":1},{"label":"19 hrs","value":7},{"label":"20 hrs","value":2},{"label":"21 hrs","value":7},{"label":"22 hrs","value":9},{"label":"23 hrs","value":5}]},{"source":15,"target":21,"value":6,"fill":"#FCC5C0","supply":[{"label":"00 hrs","value":0},{"label":"01 hrs","value":1},{"label":"02 hrs","value":1},{"label":"03 hrs","value":0},{"label":"04 hrs","value":0},{"label":"05 hrs","value":0},{"label":"06 hrs","value":0},{"label":"07 hrs","value":1},{"label":"08 hrs","value":0},{"label":"09 hrs","value":0},{"label":"10 hrs","value":0},{"label":"11 hrs","value":0},{"label":"12 hrs","value":0},{"label":"13 hrs","value":0},{"label":"14 hrs","value":0},{"label":"15 hrs","value":0},{"label":"16 hrs","value":0},{"label":"17 hrs","value":0},{"label":"18 hrs","value":0},{"label":"19 hrs","value":1},{"label":"20 hrs","value":0},{"label":"21 hrs","value":0},{"label":"22 hrs","value":0},{"label":"23 hrs","value":2}]},{"source":15,"target":21,"value":5,"fill":"#8DD3C7","supply":[{"label":"00 hrs","value":0},{"label":"01 hrs","value":1},{"label":"02 hrs","value":1},{"label":"03 hrs","value":0},{"label":"04 hrs","value":0},{"label":"05 hrs","value":0},{"label":"06 hrs","value":0},{"label":"07 hrs","value":0},{"label":"08 hrs","value":0},{"label":"09 hrs","value":0},{"label":"10 hrs","value":0},{"label":"11 hrs","value":0},{"label":"12 hrs","value":0},{"label":"13 hrs","value":0},{"label":"14 hrs","value":0},{"label":"15 hrs","value":0},{"label":"16 hrs","value":0},{"label":"17 hrs","value":0},{"label":"18 hrs","value":0},{"label":"19 hrs","value":1},{"label":"20 hrs","value":0},{"label":"21 hrs","value":0},{"label":"22 hrs","value":1},{"label":"23 hrs","value":1}]},{"source":13,"target":23,"value":12,"fill":"#BEBADA","supply":[{"label":"00 hrs","value":1},{"label":"01 hrs","value":0},{"label":"02 hrs","value":0},{"label":"03 hrs","value":0},{"label":"04 hrs","value":0},{"label":"05 hrs","value":2},{"label":"06 hrs","value":0},{"label":"07 hrs","value":1},{"label":"08 hrs","value":0},{"label":"09 hrs","value":1},{"label":"10 hrs","value":0},{"label":"11 hrs","value":0},{"label":"12 hrs","value":3},{"label":"13 hrs","value":0},{"label":"14 hrs","value":0},{"label":"15 hrs","value":1},{"label":"16 hrs","value":0},{"label":"17 hrs","value":0},{"label":"18 hrs","value":0},{"label":"19 hrs","value":0},{"label":"20 hrs","value":1},{"label":"21 hrs","value":0},{"label":"22 hrs","value":1},{"label":"23 hrs","value":1}]},{"source":14,"target":23,"value":42,"fill":"#BEBADA","supply":[{"label":"00 hrs","value":2},{"label":"01 hrs","value":3},{"label":"02 hrs","value":1},{"label":"03 hrs","value":0},{"label":"04 hrs","value":1},{"label":"05 hrs","value":0},{"label":"06 hrs","value":0},{"label":"07 hrs","value":0},{"label":"08 hrs","value":4},{"label":"09 hrs","value":3},{"label":"10 hrs","value":0},{"label":"11 hrs","value":1},{"label":"12 hrs","value":1},{"label":"13 hrs","value":5},{"label":"14 hrs","value":0},{"label":"15 hrs","value":1},{"label":"16 hrs","value":3},{"label":"17 hrs","value":1},{"label":"18 hrs","value":3},{"label":"19 hrs","value":2},{"label":"20 hrs","value":2},{"label":"21 hrs","value":4},{"label":"22 hrs","value":3},{"label":"23 hrs","value":2}]},{"source":14,"target":23,"value":1,"fill":"#FCC5C0","supply":[{"label":"00 hrs","value":0},{"label":"01 hrs","value":0},{"label":"02 hrs","value":0},{"label":"03 hrs","value":0},{"label":"04 hrs","value":0},{"label":"05 hrs","value":0},{"label":"06 hrs","value":0},{"label":"07 hrs","value":0},{"label":"08 hrs","value":0},{"label":"09 hrs","value":0},{"label":"10 hrs","value":0},{"label":"11 hrs","value":0},{"label":"12 hrs","value":0},{"label":"13 hrs","value":0},{"label":"14 hrs","value":0},{"label":"15 hrs","value":0},{"label":"16 hrs","value":0},{"label":"17 hrs","value":0},{"label":"18 hrs","value":0},{"label":"19 hrs","value":0},{"label":"20 hrs","value":1},{"label":"21 hrs","value":0},{"label":"22 hrs","value":0},{"label":"23 hrs","value":0}]},{"source":15,"target":23,"value":29,"fill":"#BEBADA","supply":[{"label":"00 hrs","value":1},{"label":"01 hrs","value":1},{"label":"02 hrs","value":0},{"label":"03 hrs","value":0},{"label":"04 hrs","value":0},{"label":"05 hrs","value":0},{"label":"06 hrs","value":1},{"label":"07 hrs","value":1},{"label":"08 hrs","value":1},{"label":"09 hrs","value":0},{"label":"10 hrs","value":1},{"label":"11 hrs","value":1},{"label":"12 hrs","value":1},{"label":"13 hrs","value":1},{"label":"14 hrs","value":1},{"label":"15 hrs","value":3},{"label":"16 hrs","value":2},{"label":"17 hrs","value":0},{"label":"18 hrs","value":4},{"label":"19 hrs","value":1},{"label":"20 hrs","value":2},{"label":"21 hrs","value":4},{"label":"22 hrs","value":1},{"label":"23 hrs","value":2}]},{"source":13,"target":22,"value":1,"fill":"#BEBADA","supply":[{"label":"00 hrs","value":0},{"label":"01 hrs","value":0},{"label":"02 hrs","value":0},{"label":"03 hrs","value":0},{"label":"04 hrs","value":0},{"label":"05 hrs","value":0},{"label":"06 hrs","value":0},{"label":"07 hrs","value":0},{"label":"08 hrs","value":1},{"label":"09 hrs","value":0},{"label":"10 hrs","value":0},{"label":"11 hrs","value":0},{"label":"12 hrs","value":0},{"label":"13 hrs","value":0},{"label":"14 hrs","value":0},{"label":"15 hrs","value":0},{"label":"16 hrs","value":0},{"label":"17 hrs","value":0},{"label":"18 hrs","value":0},{"label":"19 hrs","value":0},{"label":"20 hrs","value":0},{"label":"21 hrs","value":0},{"label":"22 hrs","value":0},{"label":"23 hrs","value":0}]},{"source":14,"target":22,"value":1,"fill":"#BEBADA","supply":[{"label":"00 hrs","value":0},{"label":"01 hrs","value":0},{"label":"02 hrs","value":0},{"label":"03 hrs","value":0},{"label":"04 hrs","value":0},{"label":"05 hrs","value":0},{"label":"06 hrs","value":0},{"label":"07 hrs","value":0},{"label":"08 hrs","value":0},{"label":"09 hrs","value":0},{"label":"10 hrs","value":0},{"label":"11 hrs","value":0},{"label":"12 hrs","value":0},{"label":"13 hrs","value":0},{"label":"14 hrs","value":0},{"label":"15 hrs","value":1},{"label":"16 hrs","value":0},{"label":"17 hrs","value":0},{"label":"18 hrs","value":0},{"label":"19 hrs","value":0},{"label":"20 hrs","value":0},{"label":"21 hrs","value":0},{"label":"22 hrs","value":0},{"label":"23 hrs","value":0}]},{"source":13,"target":24,"value":1,"fill":"#BEBADA","supply":[{"label":"00 hrs","value":0},{"label":"01 hrs","value":0},{"label":"02 hrs","value":0},{"label":"03 hrs","value":0},{"label":"04 hrs","value":0},{"label":"05 hrs","value":0},{"label":"06 hrs","value":0},{"label":"07 hrs","value":0},{"label":"08 hrs","value":0},{"label":"09 hrs","value":0},{"label":"10 hrs","value":0},{"label":"11 hrs","value":0},{"label":"12 hrs","value":0},{"label":"13 hrs","value":1},{"label":"14 hrs","value":0},{"label":"15 hrs","value":0},{"label":"16 hrs","value":0},{"label":"17 hrs","value":0},{"label":"18 hrs","value":0},{"label":"19 hrs","value":0},{"label":"20 hrs","value":0},{"label":"21 hrs","value":0},{"label":"22 hrs","value":0},{"label":"23 hrs","value":0}]},{"source":14,"target":18,"value":1,"fill":"#BEBADA","supply":[{"label":"00 hrs","value":0},{"label":"01 hrs","value":0},{"label":"02 hrs","value":0},{"label":"03 hrs","value":0},{"label":"04 hrs","value":0},{"label":"05 hrs","value":0},{"label":"06 hrs","value":0},{"label":"07 hrs","value":0},{"label":"08 hrs","value":0},{"label":"09 hrs","value":0},{"label":"10 hrs","value":0},{"label":"11 hrs","value":0},{"label":"12 hrs","value":0},{"label":"13 hrs","value":0},{"label":"14 hrs","value":0},{"label":"15 hrs","value":0},{"label":"16 hrs","value":0},{"label":"17 hrs","value":0},{"label":"18 hrs","value":0},{"label":"19 hrs","value":0},{"label":"20 hrs","value":1},{"label":"21 hrs","value":0},{"label":"22 hrs","value":0},{"label":"23 hrs","value":0}]},{"source":15,"target":16,"value":2,"fill":"#BEBADA","supply":[{"label":"00 hrs","value":0},{"label":"01 hrs","value":0},{"label":"02 hrs","value":0},{"label":"03 hrs","value":0},{"label":"04 hrs","value":0},{"label":"05 hrs","value":0},{"label":"06 hrs","value":0},{"label":"07 hrs","value":0},{"label":"08 hrs","value":0},{"label":"09 hrs","value":1},{"label":"10 hrs","value":0},{"label":"11 hrs","value":0},{"label":"12 hrs","value":0},{"label":"13 hrs","value":0},{"label":"14 hrs","value":0},{"label":"15 hrs","value":0},{"label":"16 hrs","value":0},{"label":"17 hrs","value":0},{"label":"18 hrs","value":0},{"label":"19 hrs","value":1},{"label":"20 hrs","value":0},{"label":"21 hrs","value":0},{"label":"22 hrs","value":0},{"label":"23 hrs","value":0}]}]}