{
  "nodes": [
{"layer": 1,"name": "Health Advisor  HA ","fill": "#8C2D04"}, 
{"layer": 1,"name": "Clinical Advisor  CA ","fill": "#8C2D04"}, 
{"layer": 1,"name": "LAS 999 Callers  HCP5 ","fill": "#8C2D04"}, 
{"layer": 1,"name": "Care Home Callers  HCP6 ","fill": "#8C2D04"}, 
{"layer": 1,"name": "Rapid Response  HCP7 ","fill": "#8C2D04"}, 
{"layer": 1,"name": "Pharmacy Callers  HCP8 ","fill": "#8C2D04"}, 
{"layer": 1,"name": "Worsening  HAW ","fill": "#8C2D04"}, 
{"layer": 1,"name": "Admin","fill": "#8C2D04"}, 
{"layer": 1,"name": "Dental","fill": "#8C2D04"}, 
{"layer": 1,"name": "No Destination Call Type","fill": "#8C2D04"}, 
{"layer": 1,"name": "Other","fill": "#8C2D04"}, 
{"layer": 1,"name": "Dental","fill": "#8C2D04"}, 
{"layer": 2,"name": "InHealth","fill": "#D94801"}, 
{"layer": 2,"name": "SEL 111","fill": "#D94801"}],
  "links": [{"source": 0,"target": 13,"value": 823,"fill": "#BEBADA","supply": [{"label": "00 hrs","value": 4}, {"label": "01 hrs","value": 19}, {"label": "02 hrs","value": 11}, {"label": "03 hrs","value": 13}, {"label": "04 hrs","value": 11}, {"label": "05 hrs","value": 9}, {"label": "06 hrs","value": 20}, {"label": "07 hrs","value": 31}, {"label": "08 hrs","value": 44}, {"label": "09 hrs","value": 42}, {"label": "10 hrs","value": 45}, {"label": "11 hrs","value": 47}, {"label": "12 hrs","value": 22}, {"label": "13 hrs","value": 49}, {"label": "14 hrs","value": 37}, {"label": "15 hrs","value": 53}, {"label": "16 hrs","value": 54}, {"label": "17 hrs","value": 55}, {"label": "18 hrs","value": 61}, {"label": "19 hrs","value": 53}, {"label": "20 hrs","value": 43}, {"label": "21 hrs","value": 41}, {"label": "22 hrs","value": 35}, {"label": "23 hrs","value": 24}],"supplyDx": [{"label": "","value": 0}],"supplyService": [{"label": "","value": 0}],"supplyBook": [{"label": "","value": 0}]}, {"source": 1,"target": 13,"value": 1,"fill": "#FCC5C0","supply": [{"label": "00 hrs","value": 0}, {"label": "01 hrs","value": 0}, {"label": "02 hrs","value": 0}, {"label": "03 hrs","value": 0}, {"label": "04 hrs","value": 0}, {"label": "05 hrs","value": 0}, {"label": "06 hrs","value": 0}, {"label": "07 hrs","value": 0}, {"label": "08 hrs","value": 0}, {"label": "09 hrs","value": 0}, {"label": "10 hrs","value": 0}, {"label": "11 hrs","value": 0}, {"label": "12 hrs","value": 0}, {"label": "13 hrs","value": 0}, {"label": "14 hrs","value": 0}, {"label": "15 hrs","value": 0}, {"label": "16 hrs","value": 0}, {"label": "17 hrs","value": 0}, {"label": "18 hrs","value": 0}, {"label": "19 hrs","value": 0}, {"label": "20 hrs","value": 1}, {"label": "21 hrs","value": 0}, {"label": "22 hrs","value": 0}, {"label": "23 hrs","value": 0}],"supplyDx": [{"label": "","value": 0}],"supplyService": [{"label": "","value": 0}],"supplyBook": [{"label": "","value": 0}]}, {"source": 2,"target": 13,"value": 14,"fill": "#8DD3C7","supply": [{"label": "00 hrs","value": 0}, {"label": "01 hrs","value": 0}, {"label": "02 hrs","value": 0}, {"label": "03 hrs","value": 0}, {"label": "04 hrs","value": 0}, {"label": "05 hrs","value": 0}, {"label": "06 hrs","value": 0}, {"label": "07 hrs","value": 1}, {"label": "08 hrs","value": 0}, {"label": "09 hrs","value": 0}, {"label": "10 hrs","value": 0}, {"label": "11 hrs","value": 0}, {"label": "12 hrs","value": 0}, {"label": "13 hrs","value": 0}, {"label": "14 hrs","value": 0}, {"label": "15 hrs","value": 0}, {"label": "16 hrs","value": 0}, {"label": "17 hrs","value": 0}, {"label": "18 hrs","value": 2}, {"label": "19 hrs","value": 1}, {"label": "20 hrs","value": 3}, {"label": "21 hrs","value": 2}, {"label": "22 hrs","value": 3}, {"label": "23 hrs","value": 2}],"supplyDx": [{"label": "","value": 0}],"supplyService": [{"label": "","value": 0}],"supplyBook": [{"label": "","value": 0}]}, {"source": 3,"target": 13,"value": 11,"fill": "#8DD3C7","supply": [{"label": "00 hrs","value": 1}, {"label": "01 hrs","value": 0}, {"label": "02 hrs","value": 1}, {"label": "03 hrs","value": 0}, {"label": "04 hrs","value": 1}, {"label": "05 hrs","value": 0}, {"label": "06 hrs","value": 0}, {"label": "07 hrs","value": 0}, {"label": "08 hrs","value": 0}, {"label": "09 hrs","value": 1}, {"label": "10 hrs","value": 2}, {"label": "11 hrs","value": 0}, {"label": "12 hrs","value": 0}, {"label": "13 hrs","value": 0}, {"label": "14 hrs","value": 0}, {"label": "15 hrs","value": 0}, {"label": "16 hrs","value": 0}, {"label": "17 hrs","value": 0}, {"label": "18 hrs","value": 2}, {"label": "19 hrs","value": 2}, {"label": "20 hrs","value": 0}, {"label": "21 hrs","value": 1}, {"label": "22 hrs","value": 0}, {"label": "23 hrs","value": 0}],"supplyDx": [{"label": "","value": 0}],"supplyService": [{"label": "","value": 0}],"supplyBook": [{"label": "","value": 0}]}, {"source": 4,"target": 13,"value": 2,"fill": "#8DD3C7","supply": [{"label": "00 hrs","value": 0}, {"label": "01 hrs","value": 0}, {"label": "02 hrs","value": 0}, {"label": "03 hrs","value": 0}, {"label": "04 hrs","value": 0}, {"label": "05 hrs","value": 0}, {"label": "06 hrs","value": 0}, {"label": "07 hrs","value": 0}, {"label": "08 hrs","value": 0}, {"label": "09 hrs","value": 0}, {"label": "10 hrs","value": 0}, {"label": "11 hrs","value": 0}, {"label": "12 hrs","value": 0}, {"label": "13 hrs","value": 0}, {"label": "14 hrs","value": 0}, {"label": "15 hrs","value": 0}, {"label": "16 hrs","value": 0}, {"label": "17 hrs","value": 0}, {"label": "18 hrs","value": 1}, {"label": "19 hrs","value": 0}, {"label": "20 hrs","value": 0}, {"label": "21 hrs","value": 1}, {"label": "22 hrs","value": 0}, {"label": "23 hrs","value": 0}],"supplyDx": [{"label": "","value": 0}],"supplyService": [{"label": "","value": 0}],"supplyBook": [{"label": "","value": 0}]}, {"source": 5,"target": 13,"value": 2,"fill": "#8DD3C7","supply": [{"label": "00 hrs","value": 0}, {"label": "01 hrs","value": 0}, {"label": "02 hrs","value": 0}, {"label": "03 hrs","value": 0}, {"label": "04 hrs","value": 0}, {"label": "05 hrs","value": 0}, {"label": "06 hrs","value": 0}, {"label": "07 hrs","value": 0}, {"label": "08 hrs","value": 0}, {"label": "09 hrs","value": 0}, {"label": "10 hrs","value": 0}, {"label": "11 hrs","value": 0}, {"label": "12 hrs","value": 0}, {"label": "13 hrs","value": 0}, {"label": "14 hrs","value": 0}, {"label": "15 hrs","value": 0}, {"label": "16 hrs","value": 0}, {"label": "17 hrs","value": 0}, {"label": "18 hrs","value": 1}, {"label": "19 hrs","value": 1}, {"label": "20 hrs","value": 0}, {"label": "21 hrs","value": 0}, {"label": "22 hrs","value": 0}, {"label": "23 hrs","value": 0}],"supplyDx": [{"label": "","value": 0}],"supplyService": [{"label": "","value": 0}],"supplyBook": [{"label": "","value": 0}]}, {"source": 6,"target": 13,"value": 32,"fill": "#A65628","supply": [{"label": "00 hrs","value": 2}, {"label": "01 hrs","value": 0}, {"label": "02 hrs","value": 1}, {"label": "03 hrs","value": 0}, {"label": "04 hrs","value": 1}, {"label": "05 hrs","value": 3}, {"label": "06 hrs","value": 1}, {"label": "07 hrs","value": 3}, {"label": "08 hrs","value": 1}, {"label": "09 hrs","value": 1}, {"label": "10 hrs","value": 0}, {"label": "11 hrs","value": 1}, {"label": "12 hrs","value": 0}, {"label": "13 hrs","value": 2}, {"label": "14 hrs","value": 0}, {"label": "15 hrs","value": 2}, {"label": "16 hrs","value": 0}, {"label": "17 hrs","value": 1}, {"label": "18 hrs","value": 0}, {"label": "19 hrs","value": 6}, {"label": "20 hrs","value": 2}, {"label": "21 hrs","value": 1}, {"label": "22 hrs","value": 1}, {"label": "23 hrs","value": 3}],"supplyDx": [{"label": "","value": 0}],"supplyService": [{"label": "","value": 0}],"supplyBook": [{"label": "","value": 0}]}, {"source": 7,"target": 13,"value": 64,"fill": "#FB8072","supply": [{"label": "00 hrs","value": 0}, {"label": "01 hrs","value": 0}, {"label": "02 hrs","value": 1}, {"label": "03 hrs","value": 0}, {"label": "04 hrs","value": 1}, {"label": "05 hrs","value": 1}, {"label": "06 hrs","value": 3}, {"label": "07 hrs","value": 1}, {"label": "08 hrs","value": 4}, {"label": "09 hrs","value": 2}, {"label": "10 hrs","value": 6}, {"label": "11 hrs","value": 2}, {"label": "12 hrs","value": 2}, {"label": "13 hrs","value": 4}, {"label": "14 hrs","value": 5}, {"label": "15 hrs","value": 5}, {"label": "16 hrs","value": 6}, {"label": "17 hrs","value": 4}, {"label": "18 hrs","value": 3}, {"label": "19 hrs","value": 5}, {"label": "20 hrs","value": 3}, {"label": "21 hrs","value": 3}, {"label": "22 hrs","value": 1}, {"label": "23 hrs","value": 2}],"supplyDx": [{"label": "","value": 0}],"supplyService": [{"label": "","value": 0}],"supplyBook": [{"label": "","value": 0}]}, {"source": 8,"target": 13,"value": 119,"fill": "#FF7F00","supply": [{"label": "00 hrs","value": 0}, {"label": "01 hrs","value": 2}, {"label": "02 hrs","value": 1}, {"label": "03 hrs","value": 1}, {"label": "04 hrs","value": 2}, {"label": "05 hrs","value": 0}, {"label": "06 hrs","value": 3}, {"label": "07 hrs","value": 7}, {"label": "08 hrs","value": 8}, {"label": "09 hrs","value": 9}, {"label": "10 hrs","value": 10}, {"label": "11 hrs","value": 6}, {"label": "12 hrs","value": 10}, {"label": "13 hrs","value": 5}, {"label": "14 hrs","value": 11}, {"label": "15 hrs","value": 4}, {"label": "16 hrs","value": 5}, {"label": "17 hrs","value": 12}, {"label": "18 hrs","value": 4}, {"label": "19 hrs","value": 4}, {"label": "20 hrs","value": 3}, {"label": "21 hrs","value": 5}, {"label": "22 hrs","value": 5}, {"label": "23 hrs","value": 2}],"supplyDx": [{"label": "","value": 0}],"supplyService": [{"label": "","value": 0}],"supplyBook": [{"label": "","value": 0}]}, {"source": 9,"target": 13,"value": 524,"fill": "#BEBADA","supply": [{"label": "00 hrs","value": 17}, {"label": "01 hrs","value": 3}, {"label": "02 hrs","value": 8}, {"label": "03 hrs","value": 3}, {"label": "04 hrs","value": 0}, {"label": "05 hrs","value": 1}, {"label": "06 hrs","value": 4}, {"label": "07 hrs","value": 9}, {"label": "08 hrs","value": 21}, {"label": "09 hrs","value": 39}, {"label": "10 hrs","value": 41}, {"label": "11 hrs","value": 50}, {"label": "12 hrs","value": 38}, {"label": "13 hrs","value": 38}, {"label": "14 hrs","value": 41}, {"label": "15 hrs","value": 40}, {"label": "16 hrs","value": 29}, {"label": "17 hrs","value": 28}, {"label": "18 hrs","value": 28}, {"label": "19 hrs","value": 26}, {"label": "20 hrs","value": 17}, {"label": "21 hrs","value": 23}, {"label": "22 hrs","value": 15}, {"label": "23 hrs","value": 5}],"supplyDx": [{"label": "","value": 0}],"supplyService": [{"label": "","value": 0}],"supplyBook": [{"label": "","value": 0}]}, {"source": 10,"target": 12,"value": 586,"fill": "#BEBADA","supply": [{"label": "00 hrs","value": 0}, {"label": "01 hrs","value": 0}, {"label": "02 hrs","value": 0}, {"label": "03 hrs","value": 0}, {"label": "04 hrs","value": 0}, {"label": "05 hrs","value": 0}, {"label": "06 hrs","value": 0}, {"label": "07 hrs","value": 0}, {"label": "08 hrs","value": 34}, {"label": "09 hrs","value": 35}, {"label": "10 hrs","value": 36}, {"label": "11 hrs","value": 33}, {"label": "12 hrs","value": 19}, {"label": "13 hrs","value": 43}, {"label": "14 hrs","value": 33}, {"label": "15 hrs","value": 45}, {"label": "16 hrs","value": 39}, {"label": "17 hrs","value": 50}, {"label": "18 hrs","value": 56}, {"label": "19 hrs","value": 44}, {"label": "20 hrs","value": 36}, {"label": "21 hrs","value": 34}, {"label": "22 hrs","value": 29}, {"label": "23 hrs","value": 20}],"supplyDx": [{"label": "","value": 0}],"supplyService": [{"label": "","value": 0}],"supplyBook": [{"label": "","value": 0}]}, {"source": 11,"target": 12,"value": 92,"fill": "#FF7F00","supply": [{"label": "00 hrs","value": 0}, {"label": "01 hrs","value": 0}, {"label": "02 hrs","value": 0}, {"label": "03 hrs","value": 0}, {"label": "04 hrs","value": 0}, {"label": "05 hrs","value": 0}, {"label": "06 hrs","value": 0}, {"label": "07 hrs","value": 0}, {"label": "08 hrs","value": 6}, {"label": "09 hrs","value": 7}, {"label": "10 hrs","value": 8}, {"label": "11 hrs","value": 5}, {"label": "12 hrs","value": 11}, {"label": "13 hrs","value": 4}, {"label": "14 hrs","value": 11}, {"label": "15 hrs","value": 4}, {"label": "16 hrs","value": 4}, {"label": "17 hrs","value": 12}, {"label": "18 hrs","value": 2}, {"label": "19 hrs","value": 4}, {"label": "20 hrs","value": 3}, {"label": "21 hrs","value": 4}, {"label": "22 hrs","value": 5}, {"label": "23 hrs","value": 2}],"supplyDx": [{"label": "","value": 0}],"supplyService": [{"label": "","value": 0}],"supplyBook": [{"label": "","value": 0}]}]}