{
  "nodes": [
    {"layer": 1,"name": "Health Advisor  HA ","fill": "#8C2D04","grouping": [{"label": "Health Advisor  HA ","value": 1}]}, 
    {"layer": 1,"name": "Clinical Advisor  CA ","fill": "#8C2D04","grouping": [{"label": "Clinical Advisor  CA ","value": 1}]}, 
    {"layer": 1,"name": "LAS 999 Callers  HCP5 ","fill": "#8C2D04","grouping": [{"label": "LAS 999 Callers  HCP5 ","value": 1}]}, 
    {"layer": 1,"name": "Care Home Callers  HCP6 ","fill": "#8C2D04","grouping": [{"label": "Care Home Callers  HCP6 ","value": 1}]}, 
    {"layer": 1,"name": "Rapid Response  HCP7 ","fill": "#8C2D04","grouping": [{"label": "Rapid Response  HCP7 ","value": 1}]}, 
    {"layer": 1,"name": "Worsening  HAW ","fill": "#8C2D04","grouping": [{"label": "Worsening  HAW ","value": 1}]}, 
    {"layer": 1,"name": "Admin","fill": "#8C2D04","grouping": [{"label": "Admin","value": 1}]}, 
    {"layer": 1,"name": "Dental","fill": "#8C2D04","grouping": [{"label": "Dental","value": 1}]}, 
    {"layer": 1,"name": "No Destination Call Type","fill": "#8C2D04","grouping": [{"label": "No Destination Call Type","value": 1}]}, 
    {"layer": 1,"name": "Other","fill": "#8C2D04","grouping": [{"label": "Other","value": 1}]}, 
    {"layer": 1,"name": "Dental","fill": "#8C2D04","grouping": [{"label": "Dental","value": 1}]}, 
    {"layer": 2,"name": "InHealth","fill": "#D94801","grouping": [{"label": "InHealth","value": 1}]}, 
    {"layer": 2,"name": "SEL 111","fill": "#D94801","grouping": [{"label": "PRM","value": 1}]}, 
    {"layer": 1,"name": "111 Online","fill": "#D94801","grouping": [{"label": "111 Online","value": 1}]}, 
    {"layer": 3,"name": "Pathways GP/OLC Clinician","fill": "#F16913","grouping": [{"label": "Pathways GP/OLC Clinician","value": 1}]},
    {"layer": 3,"name": "Health Advisor","fill": "#F16913","grouping": [{"label": "Health Advisor","value": 1}]}, 
    {"layer": 3,"name": "Pathways Clinician","fill": "#F16913","grouping": [{"label": "Pathways Clinician","value": 1}]}, 
    {"layer": 3,"name": "Service Advisor","fill": "#F16913","grouping": [{"label": "Service Advisor","value": 1}]}, 
    {"layer": 3,"name": "Unknown","fill": "#F16913","grouping": [{"label": "Unknown","value": 1}]}, 
    {"layer": 5,"name": "Health Advisor","fill": "#FD8D3C","grouping": [{"label": "Health Advisor","value": 1}]}, 
    {"layer": 5,"name": "Pathways Clinician","fill": "#FD8D3C","grouping": [{"label": "Pathways Clinician","value": 1}]}, 
    {"layer": 5,"name": "Pathways GP/OLC Clinician","fill": "#FD8D3C","grouping": [{"label": "Pathways GP/OLC Clinician","value": 1}]}, 
    {"layer": 5,"name": "Unknown","fill": "#FD8D3C","grouping": [{"label": "Unknown","value": 1}]}, 
    {"layer": 6,"name": "999","fill": "#FDAE6B","grouping": [{"label": "NHS Ambulance Service","value": 1}]}, 
    {"layer": 6,"name": "Care Home","fill": "#FDAE6B","grouping": [{"label": "Care Home","value": 1}]}, 
    {"layer": 6,"name": "Dental","fill": "#FDAE6B","grouping": [{"label": "Dental Emergency","value": 1}]}, 
    {"layer": 6,"name": "District/Community Nurse","fill": "#FDAE6B","grouping": [{"label": "District/Community Nurse","value": 1}]}, 
    {"layer": 6,"name": "ED","fill": "#FDAE6B","grouping": [{"label": "Emergency Department (ED)","value": 1}]}, 
    {"layer": 6,"name": "GP/GP Extended Hours/GP Choice/Hub","fill": "#FDAE6B","grouping": [{"label": "GP Practice","value": 1}]}, 
    {
      "layer": 6,"name": "IUC CAS/Calls/Treatment","fill": "#FDAE6B",
      "grouping": [{"label": "Integrated Urgent Care (IUC) Clinical Assessment Service (CAS)","value": 1}]}, 
    {"layer": 6,"name": "Mental Health","fill": "#FDAE6B","grouping": [{"label": "Mental Health","value": 1}]}, 
    {
      "layer": 6,"name": "MIU/UTC/UCC/WiC","fill": "#FDAE6B",
      "grouping": [{"label": "Urgent Treatment Centre (UTC)","value": 1}]
    }, 
    {"layer": 6,"name": "Specialist Services","fill": "#FDAE6B","grouping": [{"label": "(Capacity) Burns (B)","value": 1}]}
  ],
  "links": [
    {
      "source": 0,"target": 12,"value": 1002,"fill": "#BEBADA",
      "supply": [
        {"label": "00 hrs","value": 7}, {"label": "01 hrs","value": 22}, {"label": "02 hrs","value": 20}, 
        {"label": "03 hrs","value": 15}, {"label": "04 hrs","value": 13}, {"label": "05 hrs","value": 11}, 
        {"label": "06 hrs","value": 20}, {"label": "07 hrs","value": 33}, {"label": "08 hrs","value": 57}, 
        {"label": "09 hrs","value": 61}, {"label": "10 hrs","value": 62}, {"label": "11 hrs","value": 57}, 
        {"label": "12 hrs","value": 69}, {"label": "13 hrs","value": 51}, {"label": "14 hrs","value": 54}, 
        {"label": "15 hrs","value": 52}, {"label": "16 hrs","value": 53}, {"label": "17 hrs","value": 62}, 
        {"label": "18 hrs","value": 65}, {"label": "19 hrs","value": 59}, {"label": "20 hrs","value": 50}, 
        {"label": "21 hrs","value": 50}, {"label": "22 hrs","value": 31}, {"label": "23 hrs","value": 28}
      ],
      "supplyDx": [{"label": "","value": 0}],
      "supplyService": [{"label": "","value": 0}],
      "supplyBook": [{"label": "","value": 0}]
    }, 
    {"source": 1,"target": 12,"value": 1,"fill": "#FCC5C0","supply": [{"label": "00 hrs","value": 0}, {"label": "01 hrs","value": 0}, {"label": "02 hrs","value": 0}, {"label": "03 hrs","value": 0}, {"label": "04 hrs","value": 0}, {"label": "05 hrs","value": 0}, {"label": "06 hrs","value": 0}, {"label": "07 hrs","value": 0}, {"label": "08 hrs","value": 0}, {"label": "09 hrs","value": 0}, {"label": "10 hrs","value": 0}, {"label": "11 hrs","value": 0}, {"label": "12 hrs","value": 0}, {"label": "13 hrs","value": 0}, {"label": "14 hrs","value": 0}, {"label": "15 hrs","value": 0}, {"label": "16 hrs","value": 0}, {"label": "17 hrs","value": 0}, {"label": "18 hrs","value": 0}, {"label": "19 hrs","value": 0}, {"label": "20 hrs","value": 0}, {"label": "21 hrs","value": 0}, {"label": "22 hrs","value": 1}, {"label": "23 hrs","value": 0}],"supplyDx": [{"label": "","value": 0}],"supplyService": [{"label": "","value": 0}],"supplyBook": [{"label": "","value": 0}]}, 
{"source": 2,"target": 12,"value": 9,"fill": "#8DD3C7","supply": [{"label": "00 hrs","value": 0}, {"label": "01 hrs","value": 0}, {"label": "02 hrs","value": 0}, {"label": "03 hrs","value": 0}, {"label": "04 hrs","value": 0}, {"label": "05 hrs","value": 0}, {"label": "06 hrs","value": 0}, {"label": "07 hrs","value": 1}, {"label": "08 hrs","value": 0}, {"label": "09 hrs","value": 0}, {"label": "10 hrs","value": 0}, {"label": "11 hrs","value": 0}, {"label": "12 hrs","value": 0}, {"label": "13 hrs","value": 1}, {"label": "14 hrs","value": 1}, {"label": "15 hrs","value": 0}, {"label": "16 hrs","value": 0}, {"label": "17 hrs","value": 1}, {"label": "18 hrs","value": 2}, {"label": "19 hrs","value": 0}, {"label": "20 hrs","value": 3}, {"label": "21 hrs","value": 0}, {"label": "22 hrs","value": 0}, {"label": "23 hrs","value": 0}],"supplyDx": [{"label": "","value": 0}],"supplyService": [{"label": "","value": 0}],"supplyBook": [{"label": "","value": 0}]}, 
{"source": 3,"target": 12,"value": 4,"fill": "#8DD3C7","supply": [{"label": "00 hrs","value": 0}, {"label": "01 hrs","value": 0}, {"label": "02 hrs","value": 0}, {"label": "03 hrs","value": 0}, {"label": "04 hrs","value": 0}, {"label": "05 hrs","value": 1}, {"label": "06 hrs","value": 0}, {"label": "07 hrs","value": 0}, {"label": "08 hrs","value": 0}, {"label": "09 hrs","value": 1}, {"label": "10 hrs","value": 0}, {"label": "11 hrs","value": 0}, {"label": "12 hrs","value": 0}, {"label": "13 hrs","value": 0}, {"label": "14 hrs","value": 0}, {"label": "15 hrs","value": 0}, {"label": "16 hrs","value": 0}, {"label": "17 hrs","value": 0}, {"label": "18 hrs","value": 0}, {"label": "19 hrs","value": 1}, {"label": "20 hrs","value": 0}, {"label": "21 hrs","value": 0}, {"label": "22 hrs","value": 0}, {"label": "23 hrs","value": 1}],"supplyDx": [{"label": "","value": 0}],"supplyService": [{"label": "","value": 0}],"supplyBook": [{"label": "","value": 0}]}, 
{"source": 4,"target": 12,"value": 1,"fill": "#8DD3C7","supply": [{"label": "00 hrs","value": 0}, {"label": "01 hrs","value": 0}, {"label": "02 hrs","value": 0}, {"label": "03 hrs","value": 0}, {"label": "04 hrs","value": 0}, {"label": "05 hrs","value": 0}, {"label": "06 hrs","value": 0}, {"label": "07 hrs","value": 0}, {"label": "08 hrs","value": 0}, {"label": "09 hrs","value": 0}, {"label": "10 hrs","value": 0}, {"label": "11 hrs","value": 0}, {"label": "12 hrs","value": 0}, {"label": "13 hrs","value": 0}, {"label": "14 hrs","value": 0}, {"label": "15 hrs","value": 0}, {"label": "16 hrs","value": 0}, {"label": "17 hrs","value": 0}, {"label": "18 hrs","value": 0}, {"label": "19 hrs","value": 1}, {"label": "20 hrs","value": 0}, {"label": "21 hrs","value": 0}, {"label": "22 hrs","value": 0}, {"label": "23 hrs","value": 0}],"supplyDx": [{"label": "","value": 0}],"supplyService": [{"label": "","value": 0}],"supplyBook": [{"label": "","value": 0}]}, 
{"source": 5,"target": 12,"value": 37,"fill": "#A65628","supply": [{"label": "00 hrs","value": 0}, {"label": "01 hrs","value": 0}, {"label": "02 hrs","value": 1}, {"label": "03 hrs","value": 0}, {"label": "04 hrs","value": 0}, {"label": "05 hrs","value": 1}, {"label": "06 hrs","value": 0}, {"label": "07 hrs","value": 3}, {"label": "08 hrs","value": 6}, {"label": "09 hrs","value": 5}, {"label": "10 hrs","value": 0}, {"label": "11 hrs","value": 5}, {"label": "12 hrs","value": 5}, {"label": "13 hrs","value": 2}, {"label": "14 hrs","value": 0}, {"label": "15 hrs","value": 1}, {"label": "16 hrs","value": 1}, {"label": "17 hrs","value": 3}, {"label": "18 hrs","value": 1}, {"label": "19 hrs","value": 1}, {"label": "20 hrs","value": 0}, {"label": "21 hrs","value": 0}, {"label": "22 hrs","value": 2}, {"label": "23 hrs","value": 0}],"supplyDx": [{"label": "","value": 0}],"supplyService": [{"label": "","value": 0}],"supplyBook": [{"label": "","value": 0}]}, 
{"source": 6,"target": 12,"value": 103,"fill": "#FB8072","supply": [{"label": "00 hrs","value": 0}, {"label": "01 hrs","value": 4}, {"label": "02 hrs","value": 0}, {"label": "03 hrs","value": 3}, {"label": "04 hrs","value": 2}, {"label": "05 hrs","value": 0}, {"label": "06 hrs","value": 0}, {"label": "07 hrs","value": 1}, {"label": "08 hrs","value": 2}, {"label": "09 hrs","value": 10}, {"label": "10 hrs","value": 8}, {"label": "11 hrs","value": 10}, {"label": "12 hrs","value": 8}, {"label": "13 hrs","value": 11}, {"label": "14 hrs","value": 4}, {"label": "15 hrs","value": 3}, {"label": "16 hrs","value": 7}, {"label": "17 hrs","value": 4}, {"label": "18 hrs","value": 3}, {"label": "19 hrs","value": 4}, {"label": "20 hrs","value": 2}, {"label": "21 hrs","value": 6}, {"label": "22 hrs","value": 7}, {"label": "23 hrs","value": 4}],"supplyDx": [{"label": "","value": 0}],"supplyService": [{"label": "","value": 0}],"supplyBook": [{"label": "","value": 0}]}, 
{"source": 7,"target": 12,"value": 78,"fill": "#FF7F00","supply": [{"label": "00 hrs","value": 0}, {"label": "01 hrs","value": 0}, {"label": "02 hrs","value": 2}, {"label": "03 hrs","value": 3}, {"label": "04 hrs","value": 0}, {"label": "05 hrs","value": 3}, {"label": "06 hrs","value": 1}, {"label": "07 hrs","value": 2}, {"label": "08 hrs","value": 4}, {"label": "09 hrs","value": 5}, {"label": "10 hrs","value": 3}, {"label": "11 hrs","value": 5}, {"label": "12 hrs","value": 4}, {"label": "13 hrs","value": 4}, {"label": "14 hrs","value": 2}, {"label": "15 hrs","value": 2}, {"label": "16 hrs","value": 4}, {"label": "17 hrs","value": 6}, {"label": "18 hrs","value": 7}, {"label": "19 hrs","value": 3}, {"label": "20 hrs","value": 5}, {"label": "21 hrs","value": 6}, {"label": "22 hrs","value": 5}, {"label": "23 hrs","value": 2}],"supplyDx": [{"label": "","value": 0}],"supplyService": [{"label": "","value": 0}],"supplyBook": [{"label": "","value": 0}]}, 
{"source": 8,"target": 12,"value": 825,"fill": "#BEBADA","supply": [{"label": "00 hrs","value": 16}, {"label": "01 hrs","value": 4}, {"label": "02 hrs","value": 3}, {"label": "03 hrs","value": 3}, {"label": "04 hrs","value": 7}, {"label": "05 hrs","value": 5}, {"label": "06 hrs","value": 7}, {"label": "07 hrs","value": 15}, {"label": "08 hrs","value": 56}, {"label": "09 hrs","value": 81}, {"label": "10 hrs","value": 89}, {"label": "11 hrs","value": 88}, {"label": "12 hrs","value": 73}, {"label": "13 hrs","value": 59}, {"label": "14 hrs","value": 63}, {"label": "15 hrs","value": 54}, {"label": "16 hrs","value": 34}, {"label": "17 hrs","value": 36}, {"label": "18 hrs","value": 34}, {"label": "19 hrs","value": 30}, {"label": "20 hrs","value": 22}, {"label": "21 hrs","value": 20}, {"label": "22 hrs","value": 19}, {"label": "23 hrs","value": 7}],"supplyDx": [{"label": "","value": 0}],"supplyService": [{"label": "","value": 0}],"supplyBook": [{"label": "","value": 0}]}, 
{"source": 10,"target": 11,"value": 720,"fill": "#BEBADA","supply": [{"label": "00 hrs","value": 0}, {"label": "01 hrs","value": 0}, {"label": "02 hrs","value": 0}, {"label": "03 hrs","value": 0}, {"label": "04 hrs","value": 0}, {"label": "05 hrs","value": 0}, {"label": "06 hrs","value": 0}, {"label": "07 hrs","value": 0}, {"label": "08 hrs","value": 34}, {"label": "09 hrs","value": 56}, {"label": "10 hrs","value": 55}, {"label": "11 hrs","value": 51}, {"label": "12 hrs","value": 57}, {"label": "13 hrs","value": 46}, {"label": "14 hrs","value": 45}, {"label": "15 hrs","value": 45}, {"label": "16 hrs","value": 47}, {"label": "17 hrs","value": 47}, {"label": "18 hrs","value": 50}, {"label": "19 hrs","value": 52}, {"label": "20 hrs","value": 40}, {"label": "21 hrs","value": 45}, {"label": "22 hrs","value": 27}, {"label": "23 hrs","value": 23}],"supplyDx": [{"label": "","value": 0}],"supplyService": [{"label": "","value": 0}],"supplyBook": [{"label": "","value": 0}]}, 
{"source": 10,"target": 11,"value": 53,"fill": "#FF7F00","supply": [{"label": "00 hrs","value": 0}, {"label": "01 hrs","value": 0}, {"label": "02 hrs","value": 0}, {"label": "03 hrs","value": 0}, {"label": "04 hrs","value": 0}, {"label": "05 hrs","value": 0}, {"label": "06 hrs","value": 0}, {"label": "07 hrs","value": 0}, {"label": "08 hrs","value": 0}, {"label": "09 hrs","value": 0}, {"label": "10 hrs","value": 0}, {"label": "11 hrs","value": 2}, {"label": "12 hrs","value": 5}, {"label": "13 hrs","value": 3}, {"label": "14 hrs","value": 2}, {"label": "15 hrs","value": 2}, {"label": "16 hrs","value": 4}, {"label": "17 hrs","value": 6}, {"label": "18 hrs","value": 7}, {"label": "19 hrs","value": 4}, {"label": "20 hrs","value": 5}, {"label": "21 hrs","value": 6}, {"label": "22 hrs","value": 5}, {"label": "23 hrs","value": 2}],"supplyDx": [{"label": "","value": 0}],"supplyService": [{"label": "","value": 0}],"supplyBook": [{"label": "","value": 0}]}, 
{"source": 13,"target": 12,"value": 87,"fill": "#BEBADA","supply": [{"label": "00 hrs","value": 1}, {"label": "03 hrs","value": 1}, {"label": "04 hrs","value": 1}, {"label": "06 hrs","value": 1}, {"label": "07 hrs","value": 1}, {"label": "08 hrs","value": 5}, {"label": "09 hrs","value": 5}, {"label": "10 hrs","value": 10}, {"label": "11 hrs","value": 9}, {"label": "12 hrs","value": 10}, {"label": "13 hrs","value": 13}, {"label": "14 hrs","value": 3}, {"label": "15 hrs","value": 5}, {"label": "16 hrs","value": 5}, {"label": "17 hrs","value": 1}, {"label": "18 hrs","value": 1}, {"label": "19 hrs","value": 4}, {"label": "20 hrs","value": 4}, {"label": "21 hrs","value": 2}, {"label": "22 hrs","value": 2}, {"label": "23 hrs","value": 3}],"supplyDx": [{"label": "Dx391","value": 1}, {"label": "Dx88","value": 1}],"supplyService": [{"label": "","value": 1}, {"label": "Dental Emergency","value": 1}],"supplyBook": [{"label": "FALSE","value": 2}]}, 
{"source": 12,"target": 15,"value": 23,"fill": "#FCC5C0","supply": [{"label": "01 hrs","value": 1}, {"label": "02 hrs","value": 2}, {"label": "03 hrs","value": 2}, {"label": "04 hrs","value": 1}, {"label": "05 hrs","value": 1}, {"label": "06 hrs","value": 1}, {"label": "07 hrs","value": 1}, {"label": "09 hrs","value": 1}, {"label": "10 hrs","value": 2}, {"label": "11 hrs","value": 1}, {"label": "18 hrs","value": 2}, {"label": "19 hrs","value": 3}, {"label": "20 hrs","value": 1}, {"label": "21 hrs","value": 3}, {"label": "23 hrs","value": 1}],"supplyDx": [{"label": "Dx0112","value": 2}, {"label": "Dx01125","value": 3}, {"label": "Dx08","value": 1}, {"label": "Dx108","value": 2}, {"label": "Dx1112","value": 1}, {"label": "Dx1115","value": 1}, {"label": "Dx116","value": 2}, {"label": "Dx32","value": 5}, {"label": "Dx333","value": 1}, {"label": "Dx335","value": 1}, {"label": "Dx336","value": 3}, {"label": "Dx76","value": 1}],"supplyService": [{"label": "","value": 11}, {"label": "GP Practice","value": 6}, {"label": "Hospital Acute Assessment Unit (AAU)","value": 1}, {"label": "Integrated Urgent Care (IUC) NHS 111 Call Handling Provider","value": 1}, {"label": "Integrated Urgent Care (IUC) Treatment Service","value": 4}],"supplyBook": [{"label": "FALSE","value": 21}, {"label": "TRUE","value": 2}]}, 
{"source": 12,"target": 16,"value": 1,"fill": "#FCC5C0","supply": [{"label": "06 hrs","value": 1}],"supplyDx": [{"label": "","value": 1}],"supplyService": [{"label": "GP Practice","value": 1}],"supplyBook": [{"label": "FALSE","value": 1}]}, 
{"source": 12,"target": 14,"value": 1,"fill": "#FCC5C0","supply": [{"label": "13 hrs","value": 1}],"supplyDx": [{"label": "Dx06","value": 1}],"supplyService": [{"label": "Integrated Urgent Care (IUC) Treatment Service","value": 1}],"supplyBook": [{"label": "FALSE","value": 1}]}, 
{"source": 12,"target": 15,"value": 25,"fill": "#8DD3C7","supply": [{"label": "00 hrs","value": 2}, {"label": "01 hrs","value": 4}, {"label": "02 hrs","value": 4}, {"label": "03 hrs","value": 1}, {"label": "09 hrs","value": 2}, {"label": "10 hrs","value": 1}, {"label": "11 hrs","value": 1}, {"label": "18 hrs","value": 2}, {"label": "19 hrs","value": 1}, {"label": "20 hrs","value": 2}, {"label": "21 hrs","value": 3}, {"label": "22 hrs","value": 1}, {"label": "23 hrs","value": 1}],"supplyDx": [{"label": "Dx108","value": 1}, {"label": "Dx1112","value": 1}, {"label": "Dx1113","value": 1}, {"label": "Dx336","value": 12}, {"label": "Dx76","value": 10}],"supplyService": [{"label": "","value": 12}, {"label": "Dental Emergency","value": 1}, {"label": "GP Practice","value": 8}, {"label": "Integrated Urgent Care (IUC) Treatment Service","value": 4}],"supplyBook": [{"label": "FALSE","value": 25}]}, 
{"source": 12,"target": 16,"value": 1,"fill": "#8DD3C7","supply": [{"label": "20 hrs","value": 1}],"supplyDx": [{"label": "Dx08","value": 1}],"supplyService": [{"label": "GP Practice","value": 1}],"supplyBook": [{"label": "FALSE","value": 1}]}, 
{"source": 12,"target": 15,"value": 987,"fill": "#BEBADA","supply": [{"label": "00 hrs","value": 16}, {"label": "01 hrs","value": 18}, {"label": "02 hrs","value": 13}, {"label": "03 hrs","value": 19}, {"label": "04 hrs","value": 22}, {"label": "05 hrs","value": 24}, {"label": "06 hrs","value": 16}, {"label": "07 hrs","value": 26}, {"label": "08 hrs","value": 40}, {"label": "09 hrs","value": 55}, {"label": "10 hrs","value": 45}, {"label": "11 hrs","value": 54}, {"label": "12 hrs","value": 53}, {"label": "13 hrs","value": 47}, {"label": "14 hrs","value": 53}, {"label": "15 hrs","value": 66}, {"label": "16 hrs","value": 52}, {"label": "17 hrs","value": 65}, {"label": "18 hrs","value": 54}, {"label": "19 hrs","value": 52}, {"label": "20 hrs","value": 57}, {"label": "21 hrs","value": 59}, {"label": "22 hrs","value": 47}, {"label": "23 hrs","value": 34}],"supplyDx": [{"label": "","value": 4}, {"label": "Dx0112","value": 15}, {"label": "Dx01121","value": 1}, {"label": "Dx01122","value": 1}, {"label": "Dx01125","value": 66}, {"label": "Dx0113","value": 2}, {"label": "Dx0114","value": 3}, {"label": "Dx0116","value": 2}, {"label": "Dx0117","value": 1}, {"label": "Dx0118","value": 1}, {"label": "Dx0119","value": 2}, {"label": "Dx012","value": 3}, {"label": "Dx01214","value": 13}, {"label": "Dx0122","value": 2}, {"label": "Dx013","value": 1}, {"label": "Dx02","value": 27}, {"label": "Dx03","value": 8}, {"label": "Dx05","value": 55}, {"label": "Dx06","value": 37}, {"label": "Dx07","value": 16}, {"label": "Dx08","value": 24}, {"label": "Dx09","value": 6}, {"label": "Dx10","value": 2}, {"label": "Dx106","value": 11}, {"label": "Dx108","value": 16}, {"label": "Dx11","value": 27}, {"label": "Dx1112","value": 18}, {"label": "Dx1113","value": 40}, {"label": "Dx1114","value": 22}, {"label": "Dx1115","value": 88}, {"label": "Dx1116","value": 23}, {"label": "Dx116","value": 1}, {"label": "Dx12","value": 4}, {"label": "Dx13","value": 8}, {"label": "Dx14","value": 4}, {"label": "Dx15","value": 2}, {"label": "Dx16","value": 2}, {"label": "Dx19","value": 1}, {"label": "Dx20","value": 8}, {"label": "Dx21","value": 15}, {"label": "Dx22","value": 4}, {"label": "Dx28","value": 2}, {"label": "Dx31","value": 1}, {"label": "Dx32","value": 99}, {"label": "Dx322","value": 4}, {"label": "Dx323","value": 13}, {"label": "Dx324","value": 6}, {"label": "Dx325","value": 3}, {"label": "Dx333","value": 89}, {"label": "Dx334","value": 30}, {"label": "Dx335","value": 8}, {"label": "Dx336","value": 2}, {"label": "Dx337","value": 1}, {"label": "Dx339","value": 15}, {"label": "Dx34","value": 1}, {"label": "Dx35","value": 10}, {"label": "Dx38","value": 20}, {"label": "Dx391","value": 30}, {"label": "Dx46","value": 1}, {"label": "Dx58","value": 1}, {"label": "Dx75","value": 10}, {"label": "Dx76","value": 3}, {"label": "Dx78","value": 2}, {"label": "Dx80","value": 1}, {"label": "Dx81","value": 2}, {"label": "Dx82","value": 7}, {"label": "Dx85","value": 20}, {"label": "Dx86","value": 1}, {"label": "Dx87","value": 3}, {"label": "Dx92","value": 2}, {"label": "Dx93","value": 5}, {"label": "Dx96","value": 9}],"supplyService": [{"label": "","value": 417}, {"label": "Care Home","value": 1}, {"label": "Dental Emergency","value": 32}, {"label": "Dental Service","value": 4}, {"label": "District/Community Nurse","value": 2}, {"label": "Emergency Department (ED)","value": 50}, {"label": "Emergency Department (ED) Eye Casualty","value": 1}, {"label": "GP Access Hub","value": 6}, {"label": "GP Practice","value": 148}, {"label": "GP Practice Extended Hours","value": 7}, {"label": "Hospital Acute Assessment Unit (AAU)","value": 6}, {"label": "Integrated Urgent Care (IUC) Clinical Assessment Service (CAS)","value": 27}, {"label": "Integrated Urgent Care (IUC) NHS 111 Call Handling Provider","value": 55}, {"label": "Integrated Urgent Care (IUC) Treatment Service","value": 102}, {"label": "Intermediate Care","value": 12}, {"label": "Mental Health","value": 2}, {"label": "Optician Enhanced Service","value": 1}, {"label": "Pharmacy","value": 23}, {"label": "Pharmacy Enhanced Service","value": 3}, {"label": "Sexual Health","value": 1}, {"label": "Urgent Care Centre (UCC)","value": 53}, {"label": "Urgent Treatment Centre (UTC)","value": 32}, {"label": "Walk-In Centre (WIC)","value": 2}],"supplyBook": [{"label": "FALSE","value": 935}, {"label": "TRUE","value": 52}]}, 
{"source": 12,"target": 16,"value": 64,"fill": "#BEBADA","supply": [{"label": "00 hrs","value": 2}, {"label": "01 hrs","value": 1}, {"label": "03 hrs","value": 4}, {"label": "04 hrs","value": 2}, {"label": "06 hrs","value": 1}, {"label": "07 hrs","value": 1}, {"label": "08 hrs","value": 2}, {"label": "09 hrs","value": 2}, {"label": "10 hrs","value": 3}, {"label": "11 hrs","value": 2}, {"label": "12 hrs","value": 3}, {"label": "13 hrs","value": 13}, {"label": "14 hrs","value": 4}, {"label": "15 hrs","value": 4}, {"label": "16 hrs","value": 3}, {"label": "17 hrs","value": 2}, {"label": "18 hrs","value": 1}, {"label": "19 hrs","value": 1}, {"label": "20 hrs","value": 3}, {"label": "21 hrs","value": 4}, {"label": "22 hrs","value": 3}, {"label": "23 hrs","value": 3}],"supplyDx": [{"label": "","value": 60}, {"label": "Dx06","value": 1}, {"label": "Dx108","value": 1}, {"label": "Dx11","value": 1}, {"label": "Dx25","value": 1}],"supplyService": [{"label": "","value": 17}, {"label": "Dental Emergency","value": 20}, {"label": "Dental Service","value": 1}, {"label": "Emergency Department (ED)","value": 1}, {"label": "GP Practice","value": 6}, {"label": "GP Practice Extended Hours","value": 1}, {"label": "Integrated Urgent Care (IUC) Clinical Assessment Service (CAS)","value": 2}, {"label": "Integrated Urgent Care (IUC) Treatment Service","value": 8}, {"label": "Urgent Care Centre (UCC)","value": 3}, {"label": "Urgent Treatment Centre (UTC)","value": 2}, {"label": "Walk-In Centre (WIC)","value": 3}],"supplyBook": [{"label": "FALSE","value": 59}, {"label": "TRUE","value": 5}]}, 
{"source": 12,"target": 14,"value": 168,"fill": "#BEBADA","supply": [{"label": "00 hrs","value": 1}, {"label": "01 hrs","value": 2}, {"label": "02 hrs","value": 2}, {"label": "03 hrs","value": 1}, {"label": "04 hrs","value": 1}, {"label": "06 hrs","value": 1}, {"label": "07 hrs","value": 2}, {"label": "08 hrs","value": 7}, {"label": "09 hrs","value": 8}, {"label": "10 hrs","value": 11}, {"label": "11 hrs","value": 11}, {"label": "12 hrs","value": 15}, {"label": "13 hrs","value": 10}, {"label": "14 hrs","value": 10}, {"label": "15 hrs","value": 14}, {"label": "16 hrs","value": 10}, {"label": "17 hrs","value": 9}, {"label": "18 hrs","value": 7}, {"label": "19 hrs","value": 14}, {"label": "20 hrs","value": 8}, {"label": "21 hrs","value": 13}, {"label": "22 hrs","value": 6}, {"label": "23 hrs","value": 5}],"supplyDx": [{"label": "Dx01125","value": 6}, {"label": "Dx012","value": 1}, {"label": "Dx01214","value": 4}, {"label": "Dx02","value": 4}, {"label": "Dx03","value": 2}, {"label": "Dx05","value": 6}, {"label": "Dx06","value": 10}, {"label": "Dx07","value": 1}, {"label": "Dx08","value": 3}, {"label": "Dx09","value": 1}, {"label": "Dx108","value": 8}, {"label": "Dx110","value": 1}, {"label": "Dx1113","value": 18}, {"label": "Dx1114","value": 1}, {"label": "Dx1115","value": 1}, {"label": "Dx118","value": 4}, {"label": "Dx13","value": 2}, {"label": "Dx14","value": 1}, {"label": "Dx18","value": 9}, {"label": "Dx19","value": 3}, {"label": "Dx20","value": 1}, {"label": "Dx21","value": 4}, {"label": "Dx25","value": 27}, {"label": "Dx391","value": 31}, {"label": "Dx85","value": 1}, {"label": "Dx88","value": 18}],"supplyService": [{"label": "","value": 82}, {"label": "Dental Emergency","value": 35}, {"label": "Dental Service","value": 3}, {"label": "District/Community Nurse","value": 3}, {"label": "Emergency Department (ED)","value": 6}, {"label": "GP Access Hub","value": 1}, {"label": "GP Practice","value": 8}, {"label": "Integrated Urgent Care (IUC) Treatment Service","value": 23}, {"label": "Intermediate Care","value": 4}, {"label": "Pharmacy","value": 1}, {"label": "Urgent Treatment Centre (UTC)","value": 2}],"supplyBook": [{"label": "FALSE","value": 163}, {"label": "TRUE","value": 5}]}, 
{"source": 12,"target": 17,"value": 22,"fill": "#BEBADA","supply": [{"label": "01 hrs","value": 1}, {"label": "02 hrs","value": 1}, {"label": "03 hrs","value": 1}, {"label": "04 hrs","value": 2}, {"label": "07 hrs","value": 1}, {"label": "11 hrs","value": 1}, {"label": "12 hrs","value": 3}, {"label": "15 hrs","value": 1}, {"label": "17 hrs","value": 1}, {"label": "18 hrs","value": 5}, {"label": "19 hrs","value": 2}, {"label": "20 hrs","value": 1}, {"label": "21 hrs","value": 1}, {"label": "22 hrs","value": 1}],"supplyDx": [{"label": "","value": 4}, {"label": "Dx012","value": 2}, {"label": "Dx06","value": 1}, {"label": "Dx25","value": 1}, {"label": "Dx77","value": 14}],"supplyService": [{"label": "","value": 7}, {"label": "(Capacity) Burns (B)","value": 5}, {"label": "GP Practice","value": 1}, {"label": "Integrated Urgent Care (IUC) Treatment Service","value": 2}, {"label": "NHS Ambulance Service","value": 7}],"supplyBook": [{"label": "FALSE","value": 22}]}, 
{"source": 12,"target": 18,"value": 1,"fill": "#BEBADA","supply": [{"label": "11 hrs","value": 1}],"supplyDx": [{"label": "","value": 1}],"supplyService": [{"label": "","value": 1}],"supplyBook": [{"label": "FALSE","value": 1}]}, 
{"source": 15,"target": 19,"value": 11,"fill": "#FCC5C0","supply": [{"label": "02 hrs","value": 1}, {"label": "03 hrs","value": 1}, {"label": "05 hrs","value": 1}, {"label": "06 hrs","value": 1}, {"label": "10 hrs","value": 2}, {"label": "11 hrs","value": 1}, {"label": "19 hrs","value": 1}, {"label": "21 hrs","value": 2}, {"label": "23 hrs","value": 1}],"supplyDx": [{"label": "Dx0112","value": 2}, {"label": "Dx01125","value": 3}, {"label": "Dx08","value": 1}, {"label": "Dx108","value": 2}, {"label": "Dx1112","value": 1}, {"label": "Dx116","value": 2}],"supplyService": [{"label": "","value": 7}, {"label": "GP Practice","value": 1}, {"label": "Integrated Urgent Care (IUC) NHS 111 Call Handling Provider","value": 1}, {"label": "Integrated Urgent Care (IUC) Treatment Service","value": 2}],"supplyBook": [{"label": "FALSE","value": 10}, {"label": "TRUE","value": 1}]}, 
{"source": 15,"target": 19,"value": 1,"fill": "#FCC5C0","supply": [{"label": "07 hrs","value": 1}],"supplyDx": [{"label": "Dx11","value": 1}],"supplyService": [{"label": "GP Practice","value": 1}],"supplyBook": [{"label": "TRUE","value": 1}]}, 
{"source": 15,"target": 19,"value": 11,"fill": "#FCC5C0","supply": [{"label": "01 hrs","value": 1}, {"label": "02 hrs","value": 1}, {"label": "03 hrs","value": 1}, {"label": "04 hrs","value": 1}, {"label": "09 hrs","value": 1}, {"label": "18 hrs","value": 2}, {"label": "19 hrs","value": 2}, {"label": "20 hrs","value": 1}, {"label": "21 hrs","value": 1}],"supplyDx": [{"label": "Dx05","value": 1}, {"label": "Dx06","value": 2}, {"label": "Dx08","value": 3}, {"label": "Dx108","value": 1}, {"label": "Dx25","value": 3}, {"label": "Dx75","value": 1}],"supplyService": [{"label": "","value": 4}, {"label": "GP Practice","value": 4}, {"label": "Hospital Acute Assessment Unit (AAU)","value": 1}, {"label": "Integrated Urgent Care (IUC) Treatment Service","value": 2}],"supplyBook": [{"label": "FALSE","value": 11}]}, 
{"source": 16,"target": 20,"value": 1,"fill": "#FCC5C0","supply": [{"label": "06 hrs","value": 1}],"supplyDx": [{"label": "Dx07","value": 1}],"supplyService": [{"label": "GP Practice","value": 1}],"supplyBook": [{"label": "FALSE","value": 1}]}, 
{"source": 14,"target": 21,"value": 1,"fill": "#FCC5C0","supply": [{"label": "13 hrs","value": 1}],"supplyDx": [{"label": "Dx06","value": 1}],"supplyService": [{"label": "Integrated Urgent Care (IUC) Treatment Service","value": 1}],"supplyBook": [{"label": "FALSE","value": 1}]}, 
{"source": 15,"target": 19,"value": 2,"fill": "#8DD3C7","supply": [{"label": "02 hrs","value": 1}, {"label": "23 hrs","value": 1}],"supplyDx": [{"label": "Dx108","value": 1}, {"label": "Dx1113","value": 1}],"supplyService": [{"label": "","value": 1}, {"label": "Integrated Urgent Care (IUC) Treatment Service","value": 1}],"supplyBook": [{"label": "FALSE","value": 2}]}, 
{"source": 15,"target": 21,"value": 4,"fill": "#8DD3C7","supply": [{"label": "02 hrs","value": 1}, {"label": "19 hrs","value": 1}, {"label": "21 hrs","value": 2}],"supplyDx": [{"label": "Dx108","value": 2}, {"label": "Dx11","value": 2}],"supplyService": [{"label": "","value": 2}, {"label": "Integrated Urgent Care (IUC) Treatment Service","value": 2}],"supplyBook": [{"label": "FALSE","value": 4}]}, 
{"source": 15,"target": 20,"value": 19,"fill": "#8DD3C7","supply": [{"label": "00 hrs","value": 2}, {"label": "01 hrs","value": 4}, {"label": "02 hrs","value": 2}, {"label": "03 hrs","value": 1}, {"label": "09 hrs","value": 2}, {"label": "10 hrs","value": 1}, {"label": "11 hrs","value": 1}, {"label": "18 hrs","value": 2}, {"label": "20 hrs","value": 2}, {"label": "21 hrs","value": 1}, {"label": "22 hrs","value": 1}],"supplyDx": [{"label": "Dx01125","value": 2}, {"label": "Dx012","value": 1}, {"label": "Dx05","value": 2}, {"label": "Dx06","value": 3}, {"label": "Dx08","value": 3}, {"label": "Dx108","value": 1}, {"label": "Dx18","value": 1}, {"label": "Dx25","value": 5}, {"label": "Dx75","value": 1}],"supplyService": [{"label": "","value": 9}, {"label": "Dental Emergency","value": 1}, {"label": "GP Practice","value": 8}, {"label": "Integrated Urgent Care (IUC) Treatment Service","value": 1}],"supplyBook": [{"label": "FALSE","value": 19}]}, 
{"source": 16,"target": 21,"value": 1,"fill": "#8DD3C7","supply": [{"label": "20 hrs","value": 1}],"supplyDx": [{"label": "Dx08","value": 1}],"supplyService": [{"label": "GP Practice","value": 1}],"supplyBook": [{"label": "FALSE","value": 1}]}, 
{"source": 15,"target": 19,"value": 476,"fill": "#BEBADA","supply": [{"label": "00 hrs","value": 8}, {"label": "01 hrs","value": 7}, {"label": "02 hrs","value": 5}, {"label": "03 hrs","value": 9}, {"label": "04 hrs","value": 13}, {"label": "05 hrs","value": 10}, {"label": "06 hrs","value": 9}, {"label": "07 hrs","value": 17}, {"label": "08 hrs","value": 21}, {"label": "09 hrs","value": 26}, {"label": "10 hrs","value": 23}, {"label": "11 hrs","value": 27}, {"label": "12 hrs","value": 25}, {"label": "13 hrs","value": 28}, {"label": "14 hrs","value": 28}, {"label": "15 hrs","value": 33}, {"label": "16 hrs","value": 30}, {"label": "17 hrs","value": 39}, {"label": "18 hrs","value": 25}, {"label": "19 hrs","value": 21}, {"label": "20 hrs","value": 19}, {"label": "21 hrs","value": 24}, {"label": "22 hrs","value": 15}, {"label": "23 hrs","value": 14}],"supplyDx": [{"label": "","value": 4}, {"label": "Dx0112","value": 15}, {"label": "Dx01121","value": 1}, {"label": "Dx01122","value": 1}, {"label": "Dx01125","value": 66}, {"label": "Dx0113","value": 2}, {"label": "Dx0114","value": 3}, {"label": "Dx0116","value": 2}, {"label": "Dx0117","value": 1}, {"label": "Dx0118","value": 1}, {"label": "Dx0119","value": 2}, {"label": "Dx012","value": 3}, {"label": "Dx01214","value": 13}, {"label": "Dx0122","value": 2}, {"label": "Dx013","value": 1}, {"label": "Dx02","value": 27}, {"label": "Dx03","value": 7}, {"label": "Dx05","value": 31}, {"label": "Dx06","value": 16}, {"label": "Dx07","value": 8}, {"label": "Dx08","value": 23}, {"label": "Dx09","value": 6}, {"label": "Dx10","value": 2}, {"label": "Dx108","value": 16}, {"label": "Dx11","value": 1}, {"label": "Dx1112","value": 6}, {"label": "Dx1113","value": 27}, {"label": "Dx1114","value": 7}, {"label": "Dx1115","value": 56}, {"label": "Dx1116","value": 10}, {"label": "Dx116","value": 1}, {"label": "Dx12","value": 1}, {"label": "Dx13","value": 2}, {"label": "Dx15","value": 1}, {"label": "Dx16","value": 2}, {"label": "Dx19","value": 1}, {"label": "Dx20","value": 8}, {"label": "Dx21","value": 15}, {"label": "Dx22","value": 4}, {"label": "Dx28","value": 2}, {"label": "Dx32","value": 10}, {"label": "Dx333","value": 1}, {"label": "Dx335","value": 1}, {"label": "Dx391","value": 30}, {"label": "Dx75","value": 10}, {"label": "Dx80","value": 1}, {"label": "Dx81","value": 2}, {"label": "Dx85","value": 18}, {"label": "Dx86","value": 1}, {"label": "Dx87","value": 1}, {"label": "Dx92","value": 1}, {"label": "Dx93","value": 3}],"supplyService": [{"label": "","value": 172}, {"label": "Dental Emergency","value": 25}, {"label": "Dental Service","value": 4}, {"label": "District/Community Nurse","value": 1}, {"label": "Emergency Department (ED)","value": 18}, {"label": "Emergency Department (ED) Eye Casualty","value": 1}, {"label": "GP Access Hub","value": 2}, {"label": "GP Practice","value": 64}, {"label": "GP Practice Extended Hours","value": 7}, {"label": "Integrated Urgent Care (IUC) Clinical Assessment Service (CAS)","value": 24}, {"label": "Integrated Urgent Care (IUC) NHS 111 Call Handling Provider","value": 55}, {"label": "Integrated Urgent Care (IUC) Treatment Service","value": 23}, {"label": "Intermediate Care","value": 5}, {"label": "Mental Health","value": 2}, {"label": "Pharmacy","value": 22}, {"label": "Pharmacy Enhanced Service","value": 3}, {"label": "Sexual Health","value": 1}, {"label": "Urgent Care Centre (UCC)","value": 24}, {"label": "Urgent Treatment Centre (UTC)","value": 21}, {"label": "Walk-In Centre (WIC)","value": 2}],"supplyBook": [{"label": "FALSE","value": 446}, {"label": "TRUE","value": 30}]}, 
{"source": 17,"target": 22,"value": 15,"fill": "#BEBADA","supply": [{"label": "00 hrs","value": 1}, {"label": "01 hrs","value": 5}, {"label": "02 hrs","value": 5}, {"label": "03 hrs","value": 4}, {"label": "04 hrs","value": 6}, {"label": "05 hrs","value": 8}, {"label": "06 hrs","value": 2}, {"label": "07 hrs","value": 1}, {"label": "08 hrs","value": 4}, {"label": "09 hrs","value": 4}, {"label": "10 hrs","value": 2}, {"label": "11 hrs","value": 5}, {"label": "12 hrs","value": 10}, {"label": "13 hrs","value": 2}, {"label": "14 hrs","value": 5}, {"label": "15 hrs","value": 8}, {"label": "16 hrs","value": 10}, {"label": "17 hrs","value": 3}, {"label": "18 hrs","value": 8}, {"label": "19 hrs","value": 11}, {"label": "20 hrs","value": 9}, {"label": "21 hrs","value": 16}, {"label": "22 hrs","value": 15}, {"label": "23 hrs","value": 4}],"supplyDx": [{"label": "Dx0112","value": 3}, {"label": "Dx0115","value": 1}, {"label": "Dx012","value": 5}, {"label": "Dx0121","value": 3}, {"label": "Dx01214","value": 1}, {"label": "Dx0122","value": 3}, {"label": "Dx0181","value": 1}, {"label": "Dx02","value": 19}, {"label": "Dx03","value": 4}, {"label": "Dx05","value": 23}, {"label": "Dx06","value": 16}, {"label": "Dx07","value": 8}, {"label": "Dx08","value": 6}, {"label": "Dx09","value": 1}, {"label": "Dx10","value": 1}, {"label": "Dx108","value": 10}, {"label": "Dx11","value": 7}, {"label": "Dx1113","value": 5}, {"label": "Dx1115","value": 1}, {"label": "Dx12","value": 2}, {"label": "Dx14","value": 1}, {"label": "Dx15","value": 3}, {"label": "Dx16","value": 2}, {"label": "Dx20","value": 1}, {"label": "Dx21","value": 2}, {"label": "Dx25","value": 12}, {"label": "Dx28","value": 1}, {"label": "Dx75","value": 1}, {"label": "Dx84","value": 1}, {"label": "Dx96","value": 4}],"supplyService": [{"label": "","value": 48}, {"label": "Dental Emergency","value": 3}, {"label": "Emergency Department (ED)","value": 17}, {"label": "GP Access Hub","value": 1}, {"label": "GP Practice","value": 26}, {"label": "Hospital Acute Assessment Unit (AAU)","value": 1}, {"label": "Integrated Urgent Care (IUC) Clinical Assessment Service (CAS)","value": 2}, {"label": "Integrated Urgent Care (IUC) Treatment Service","value": 32}, {"label": "Intermediate Care","value": 2}, {"label": "Pharmacy","value": 1}, {"label": "Urgent Care Centre (UCC)","value": 13}, {"label": "Urgent Treatment Centre (UTC)","value": 2}],"supplyBook": [{"label": "FALSE","value": 141}, {"label": "TRUE","value": 7}]}, 
{"source": 15,"target": 20,"value": 148,"fill": "#BEBADA","supply": [{"label": "00 hrs","value": 7}, {"label": "01 hrs","value": 6}, {"label": "02 hrs","value": 3}, {"label": "03 hrs","value": 6}, {"label": "04 hrs","value": 3}, {"label": "05 hrs","value": 6}, {"label": "06 hrs","value": 5}, {"label": "07 hrs","value": 8}, {"label": "08 hrs","value": 15}, {"label": "09 hrs","value": 25}, {"label": "10 hrs","value": 20}, {"label": "11 hrs","value": 22}, {"label": "12 hrs","value": 18}, {"label": "13 hrs","value": 17}, {"label": "14 hrs","value": 20}, {"label": "15 hrs","value": 25}, {"label": "16 hrs","value": 12}, {"label": "17 hrs","value": 23}, {"label": "18 hrs","value": 21}, {"label": "19 hrs","value": 20}, {"label": "20 hrs","value": 29}, {"label": "21 hrs","value": 19}, {"label": "22 hrs","value": 17}, {"label": "23 hrs","value": 16}],"supplyDx": [{"label": "Dx011","value": 6}, {"label": "Dx0112","value": 1}, {"label": "Dx01121","value": 3}, {"label": "Dx01125","value": 6}, {"label": "Dx0119","value": 1}, {"label": "Dx012","value": 3}, {"label": "Dx01214","value": 16}, {"label": "Dx016","value": 1}, {"label": "Dx02","value": 21}, {"label": "Dx03","value": 2}, {"label": "Dx05","value": 39}, {"label": "Dx06","value": 47}, {"label": "Dx07","value": 2}, {"label": "Dx08","value": 15}, {"label": "Dx10","value": 1}, {"label": "Dx108","value": 24}, {"label": "Dx110","value": 1}, {"label": "Dx1112","value": 1}, {"label": "Dx1113","value": 30}, {"label": "Dx1114","value": 1}, {"label": "Dx118","value": 1}, {"label": "Dx12","value": 1}, {"label": "Dx13","value": 3}, {"label": "Dx16","value": 7}, {"label": "Dx18","value": 1}, {"label": "Dx25","value": 88}, {"label": "Dx32","value": 1}, {"label": "Dx339","value": 1}, {"label": "Dx391","value": 35}, {"label": "Dx46","value": 1}, {"label": "Dx75","value": 1}, {"label": "Dx88","value": 2}],"supplyService": [{"label": "","value": 197}, {"label": "Care Home","value": 1}, {"label": "Dental Emergency","value": 4}, {"label": "District/Community Nurse","value": 1}, {"label": "Emergency Department (ED)","value": 15}, {"label": "GP Access Hub","value": 3}, {"label": "GP Practice","value": 58}, {"label": "Hospital Acute Assessment Unit (AAU)","value": 5}, {"label": "Integrated Urgent Care (IUC) Clinical Assessment Service (CAS)","value": 1}, {"label": "Integrated Urgent Care (IUC) Treatment Service","value": 47}, {"label": "Intermediate Care","value": 5}, {"label": "Optician Enhanced Service","value": 1}, {"label": "Urgent Care Centre (UCC)","value": 16}, {"label": "Urgent Treatment Centre (UTC)","value": 9}],"supplyBook": [{"label": "FALSE","value": 348}, {"label": "TRUE","value": 15}]}, 
{"source": 16,"target": 21,"value": 58,"fill": "#BEBADA","supply": [{"label": "00 hrs","value": 2}, {"label": "01 hrs","value": 1}, {"label": "03 hrs","value": 4}, {"label": "04 hrs","value": 1}, {"label": "06 hrs","value": 1}, {"label": "07 hrs","value": 1}, {"label": "08 hrs","value": 2}, {"label": "09 hrs","value": 2}, {"label": "10 hrs","value": 3}, {"label": "11 hrs","value": 1}, {"label": "12 hrs","value": 3}, {"label": "13 hrs","value": 11}, {"label": "14 hrs","value": 3}, {"label": "15 hrs","value": 4}, {"label": "16 hrs","value": 3}, {"label": "17 hrs","value": 2}, {"label": "18 hrs","value": 1}, {"label": "19 hrs","value": 1}, {"label": "20 hrs","value": 3}, {"label": "21 hrs","value": 4}, {"label": "22 hrs","value": 2}, {"label": "23 hrs","value": 3}],"supplyDx": [{"label": "Dx0114","value": 1}, {"label": "Dx012","value": 2}, {"label": "Dx02","value": 3}, {"label": "Dx03","value": 1}, {"label": "Dx05","value": 13}, {"label": "Dx06","value": 4}, {"label": "Dx07","value": 4}, {"label": "Dx108","value": 6}, {"label": "Dx11","value": 1}, {"label": "Dx12","value": 1}, {"label": "Dx20","value": 9}, {"label": "Dx21","value": 11}, {"label": "Dx25","value": 1}, {"label": "Dx75","value": 1}],"supplyService": [{"label": "","value": 12}, {"label": "Dental Emergency","value": 19}, {"label": "Dental Service","value": 1}, {"label": "Emergency Department (ED)","value": 1}, {"label": "GP Practice","value": 6}, {"label": "GP Practice Extended Hours","value": 1}, {"label": "Integrated Urgent Care (IUC) Clinical Assessment Service (CAS)","value": 2}, {"label": "Integrated Urgent Care (IUC) Treatment Service","value": 8}, {"label": "Urgent Care Centre (UCC)","value": 3}, {"label": "Urgent Treatment Centre (UTC)","value": 2}, {"label": "Walk-In Centre (WIC)","value": 3}],"supplyBook": [{"label": "FALSE","value": 53}, {"label": "TRUE","value": 5}]}, 
{"source": 17,"target": 19,"value": 1,"fill": "#BEBADA","supply": [{"label": "04 hrs","value": 1}, {"label": "11 hrs","value": 1}, {"label": "13 hrs","value": 2}, {"label": "14 hrs","value": 1}, {"label": "22 hrs","value": 1}],"supplyDx": [{"label": "Dx06","value": 1}, {"label": "Dx108","value": 2}, {"label": "Dx11","value": 1}, {"label": "Dx21","value": 1}, {"label": "Dx25","value": 1}],"supplyService": [{"label": "","value": 5}, {"label": "Dental Emergency","value": 1}],"supplyBook": [{"label": "FALSE","value": 6}]}, 
{"source": 15,"target": 21,"value": 363,"fill": "#BEBADA","supply": [{"label": "00 hrs","value": 1}, {"label": "01 hrs","value": 2}, {"label": "02 hrs","value": 2}, {"label": "03 hrs","value": 1}, {"label": "04 hrs","value": 1}, {"label": "06 hrs","value": 1}, {"label": "07 hrs","value": 2}, {"label": "08 hrs","value": 7}, {"label": "09 hrs","value": 8}, {"label": "10 hrs","value": 11}, {"label": "11 hrs","value": 11}, {"label": "12 hrs","value": 15}, {"label": "13 hrs","value": 10}, {"label": "14 hrs","value": 10}, {"label": "15 hrs","value": 14}, {"label": "16 hrs","value": 10}, {"label": "17 hrs","value": 9}, {"label": "18 hrs","value": 7}, {"label": "19 hrs","value": 14}, {"label": "20 hrs","value": 8}, {"label": "21 hrs","value": 13}, {"label": "22 hrs","value": 6}, {"label": "23 hrs","value": 5}],"supplyDx": [{"label": "Dx01125","value": 6}, {"label": "Dx012","value": 1}, {"label": "Dx01214","value": 4}, {"label": "Dx02","value": 4}, {"label": "Dx03","value": 2}, {"label": "Dx05","value": 6}, {"label": "Dx06","value": 10}, {"label": "Dx07","value": 1}, {"label": "Dx08","value": 3}, {"label": "Dx09","value": 1}, {"label": "Dx108","value": 8}, {"label": "Dx110","value": 1}, {"label": "Dx1113","value": 18}, {"label": "Dx1114","value": 1}, {"label": "Dx1115","value": 1}, {"label": "Dx118","value": 4}, {"label": "Dx13","value": 2}, {"label": "Dx14","value": 1}, {"label": "Dx18","value": 9}, {"label": "Dx19","value": 3}, {"label": "Dx20","value": 1}, {"label": "Dx21","value": 4}, {"label": "Dx25","value": 27}, {"label": "Dx391","value": 31}, {"label": "Dx85","value": 1}, {"label": "Dx88","value": 18}],"supplyService": [{"label": "","value": 82}, {"label": "Dental Emergency","value": 35}, {"label": "Dental Service","value": 3}, {"label": "District/Community Nurse","value": 3}, {"label": "Emergency Department (ED)","value": 6}, {"label": "GP Access Hub","value": 1}, {"label": "GP Practice","value": 8}, {"label": "Integrated Urgent Care (IUC) Treatment Service","value": 23}, {"label": "Intermediate Care","value": 4}, {"label": "Pharmacy","value": 1}, {"label": "Urgent Treatment Centre (UTC)","value": 2}],"supplyBook": [{"label": "FALSE","value": 163}, {"label": "TRUE","value": 5}]}, 
{"source": 16,"target": 22,"value": 6,"fill": "#BEBADA","supply": [{"label": "02 hrs","value": 1}, {"label": "04 hrs","value": 2}, {"label": "15 hrs","value": 1}, {"label": "17 hrs","value": 1}, {"label": "18 hrs","value": 5}, {"label": "19 hrs","value": 2}, {"label": "20 hrs","value": 1}, {"label": "21 hrs","value": 1}, {"label": "22 hrs","value": 1}],"supplyDx": [{"label": "","value": 1}, {"label": "Dx77","value": 14}],"supplyService": [{"label": "","value": 1}, {"label": "(Capacity) Burns (B)","value": 5}, {"label": "Integrated Urgent Care (IUC) Treatment Service","value": 2}, {"label": "NHS Ambulance Service","value": 7}],"supplyBook": [{"label": "FALSE","value": 15}]}, 
{"source": 14,"target": 19,"value": 168,"fill": "#BEBADA","supply": [{"label": "12 hrs","value": 1}],"supplyDx": [{"label": "Dx012","value": 1}],"supplyService": [{"label": "","value": 1}],"supplyBook": [{"label": "FALSE","value": 1}]}, 
{"source": 17,"target": 20,"value": 6,"fill": "#BEBADA","supply": [{"label": "01 hrs","value": 1}, {"label": "03 hrs","value": 1}, {"label": "07 hrs","value": 1}, {"label": "11 hrs","value": 1}, {"label": "12 hrs","value": 2}],"supplyDx": [{"label": "Dx012","value": 3}, {"label": "Dx016","value": 1}, {"label": "Dx06","value": 1}, {"label": "Dx25","value": 1}],"supplyService": [{"label": "","value": 5}, {"label": "GP Practice","value": 1}],"supplyBook": [{"label": "FALSE","value": 6}]}, 
{"source": 18,"target": 22,"value": 1,"fill": "#BEBADA","supply": [{"label": "11 hrs","value": 1}],"supplyDx": [{"label": "","value": 1}],"supplyService": [{"label": "","value": 1}],"supplyBook": [{"label": "FALSE","value": 1}]}, 
{"source": 19,"target": 28,"value": 1,"fill": "#FCC5C0","supply": [{"label": "06 hrs","value": 1}],"supplyDx": [{"label": "Dx08","value": 1}],"supplyService": [{"label": "GP Practice","value": 1}],"supplyBook": [{"label": "TRUE","value": 1}]}, 
{"source": 19,"target": 29,"value": 3,"fill": "#FCC5C0","supply": [{"label": "02 hrs","value": 1}, {"label": "19 hrs","value": 1}, {"label": "23 hrs","value": 1}],"supplyDx": [{"label": "Dx1112","value": 1}, {"label": "Dx116","value": 2}],"supplyService": [{"label": "Integrated Urgent Care (IUC) NHS 111 Call Handling Provider","value": 1}, {"label": "Integrated Urgent Care (IUC) Treatment Service","value": 2}],"supplyBook": [{"label": "FALSE","value": 3}]}, 
{"source": 20,"target": 28,"value": 1,"fill": "#FCC5C0","supply": [{"label": "07 hrs","value": 1}],"supplyDx": [{"label": "Dx11","value": 1}],"supplyService": [{"label": "GP Practice","value": 1}],"supplyBook": [{"label": "TRUE","value": 1}]}, 
{"source": 21,"target": 28,"value": 5,"fill": "#FCC5C0","supply": [{"label": "06 hrs","value": 1}, {"label": "18 hrs","value": 1}, {"label": "19 hrs","value": 2}, {"label": "21 hrs","value": 1}],"supplyDx": [{"label": "Dx07","value": 1}, {"label": "Dx08","value": 3}, {"label": "Dx75","value": 1}],"supplyService": [{"label": "GP Practice","value": 5}],"supplyBook": [{"label": "FALSE","value": 5}]}, 
{"source": 21,"target": 29,"value": 3,"fill": "#FCC5C0","supply": [{"label": "03 hrs","value": 1}, {"label": "09 hrs","value": 1}, {"label": "13 hrs","value": 1}],"supplyDx": [{"label": "Dx05","value": 1}, {"label": "Dx06","value": 2}],"supplyService": [{"label": "Integrated Urgent Care (IUC) Treatment Service","value": 3}],"supplyBook": [{"label": "FALSE","value": 3}]}, 
{"source": 21,"target": 32,"value": 1,"fill": "#FCC5C0","supply": [{"label": "20 hrs","value": 1}],"supplyDx": [{"label": "Dx06","value": 1}],"supplyService": [{"label": "Hospital Acute Assessment Unit (AAU)","value": 1}],"supplyBook": [{"label": "FALSE","value": 1}]}, 
{"source": 19,"target": 29,"value": 1,"fill": "#8DD3C7","supply": [{"label": "02 hrs","value": 1}],"supplyDx": [{"label": "Dx1113","value": 1}],"supplyService": [{"label": "Integrated Urgent Care (IUC) Treatment Service","value": 1}],"supplyBook": [{"label": "FALSE","value": 1}]}, 
{"source": 20,"target": 29,"value": 2,"fill": "#8DD3C7","supply": [{"label": "02 hrs","value": 1}, {"label": "19 hrs","value": 1}],"supplyDx": [{"label": "Dx11","value": 2}],"supplyService": [{"label": "Integrated Urgent Care (IUC) Treatment Service","value": 2}],"supplyBook": [{"label": "FALSE","value": 2}]}, 
{"source": 21,"target": 25,"value": 1,"fill": "#8DD3C7","supply": [{"label": "18 hrs","value": 1}],"supplyDx": [{"label": "Dx18","value": 1}],"supplyService": [{"label": "Dental Emergency","value": 1}],"supplyBook": [{"label": "FALSE","value": 1}]}, 
{"source": 21,"target": 28,"value": 9,"fill": "#8DD3C7","supply": [{"label": "01 hrs","value": 1}, {"label": "09 hrs","value": 2}, {"label": "10 hrs","value": 1}, {"label": "11 hrs","value": 1}, {"label": "18 hrs","value": 1}, {"label": "20 hrs","value": 1}, {"label": "21 hrs","value": 1}, {"label": "22 hrs","value": 1}],"supplyDx": [{"label": "Dx05","value": 1}, {"label": "Dx06","value": 3}, {"label": "Dx08","value": 4}, {"label": "Dx75","value": 1}],"supplyService": [{"label": "GP Practice","value": 9}],"supplyBook": [{"label": "FALSE","value": 9}]}, 
{"source": 21,"target": 29,"value": 1,"fill": "#8DD3C7","supply": [{"label": "03 hrs","value": 1}],"supplyDx": [{"label": "Dx05","value": 1}],"supplyService": [{"label": "Integrated Urgent Care (IUC) Treatment Service","value": 1}],"supplyBook": [{"label": "FALSE","value": 1}]}, 
{"source": 19,"target": 23,"value": 7,"fill": "#BEBADA","supply": [{"label": "02 hrs","value": 1}, {"label": "04 hrs","value": 2}, {"label": "17 hrs","value": 1}, {"label": "18 hrs","value": 1}, {"label": "19 hrs","value": 1}, {"label": "21 hrs","value": 1}],"supplyDx": [{"label": "Dx77","value": 7}],"supplyService": [{"label": "NHS Ambulance Service","value": 7}],"supplyBook": [{"label": "FALSE","value": 7}]}, 
{"source": 19,"target": 25,"value": 29,"fill": "#BEBADA","supply": [{"label": "08 hrs","value": 4}, {"label": "09 hrs","value": 5}, {"label": "10 hrs","value": 2}, {"label": "11 hrs","value": 2}, {"label": "12 hrs","value": 3}, {"label": "13 hrs","value": 2}, {"label": "14 hrs","value": 1}, {"label": "15 hrs","value": 4}, {"label": "16 hrs","value": 3}, {"label": "17 hrs","value": 2}, {"label": "22 hrs","value": 1}],"supplyDx": [{"label": "Dx19","value": 1}, {"label": "Dx20","value": 8}, {"label": "Dx21","value": 15}, {"label": "Dx22","value": 4}, {"label": "Dx32","value": 1}],"supplyService": [{"label": "Dental Emergency","value": 25}, {"label": "Dental Service","value": 4}],"supplyBook": [{"label": "FALSE","value": 29}]}, 
{"source": 19,"target": 26,"value": 1,"fill": "#BEBADA","supply": [{"label": "16 hrs","value": 1}],"supplyDx": [{"label": "Dx05","value": 1}],"supplyService": [{"label": "District/Community Nurse","value": 1}],"supplyBook": [{"label": "FALSE","value": 1}]}, 
{"source": 19,"target": 27,"value": 19,"fill": "#BEBADA","supply": [{"label": "02 hrs","value": 1}, {"label": "06 hrs","value": 1}, {"label": "07 hrs","value": 1}, {"label": "08 hrs","value": 1}, {"label": "10 hrs","value": 1}, {"label": "13 hrs","value": 1}, {"label": "14 hrs","value": 1}, {"label": "15 hrs","value": 1}, {"label": "16 hrs","value": 2}, {"label": "17 hrs","value": 2}, {"label": "18 hrs","value": 2}, {"label": "19 hrs","value": 2}, {"label": "20 hrs","value": 1}, {"label": "21 hrs","value": 1}, {"label": "22 hrs","value": 1}],"supplyDx": [{"label": "Dx02","value": 16}, {"label": "Dx03","value": 3}],"supplyService": [{"label": "Emergency Department (ED)","value": 18}, {"label": "Emergency Department (ED) Eye Casualty","value": 1}],"supplyBook": [{"label": "FALSE","value": 19}]}, 
{"source": 19,"target": 28,"value": 73,"fill": "#BEBADA","supply": [{"label": "00 hrs","value": 2}, {"label": "02 hrs","value": 1}, {"label": "04 hrs","value": 1}, {"label": "06 hrs","value": 1}, {"label": "07 hrs","value": 9}, {"label": "08 hrs","value": 6}, {"label": "09 hrs","value": 5}, {"label": "10 hrs","value": 3}, {"label": "11 hrs","value": 7}, {"label": "12 hrs","value": 5}, {"label": "13 hrs","value": 5}, {"label": "14 hrs","value": 5}, {"label": "15 hrs","value": 4}, {"label": "16 hrs","value": 4}, {"label": "17 hrs","value": 5}, {"label": "18 hrs","value": 3}, {"label": "19 hrs","value": 2}, {"label": "20 hrs","value": 2}, {"label": "21 hrs","value": 2}, {"label": "22 hrs","value": 1}],"supplyDx": [{"label": "Dx05","value": 12}, {"label": "Dx06","value": 5}, {"label": "Dx07","value": 2}, {"label": "Dx08","value": 22}, {"label": "Dx09","value": 4}, {"label": "Dx10","value": 1}, {"label": "Dx1112","value": 1}, {"label": "Dx1115","value": 5}, {"label": "Dx12","value": 1}, {"label": "Dx13","value": 2}, {"label": "Dx16","value": 2}, {"label": "Dx32","value": 3}, {"label": "Dx75","value": 9}, {"label": "Dx81","value": 1}, {"label": "Dx93","value": 3}],"supplyService": [{"label": "GP Access Hub","value": 2}, {"label": "GP Practice","value": 64}, {"label": "GP Practice Extended Hours","value": 7}],"supplyBook": [{"label": "FALSE","value": 56}, {"label": "TRUE","value": 17}]}, 
{"source": 19,"target": 29,"value": 104,"fill": "#BEBADA","supply": [{"label": "00 hrs","value": 3}, {"label": "01 hrs","value": 3}, {"label": "02 hrs","value": 1}, {"label": "03 hrs","value": 4}, {"label": "04 hrs","value": 4}, {"label": "05 hrs","value": 3}, {"label": "06 hrs","value": 3}, {"label": "07 hrs","value": 2}, {"label": "08 hrs","value": 3}, {"label": "09 hrs","value": 5}, {"label": "10 hrs","value": 4}, {"label": "11 hrs","value": 7}, {"label": "12 hrs","value": 4}, {"label": "13 hrs","value": 3}, {"label": "14 hrs","value": 6}, {"label": "15 hrs","value": 6}, {"label": "16 hrs","value": 3}, {"label": "17 hrs","value": 6}, {"label": "18 hrs","value": 8}, {"label": "19 hrs","value": 6}, {"label": "20 hrs","value": 8}, {"label": "21 hrs","value": 7}, {"label": "22 hrs","value": 4}, {"label": "23 hrs","value": 1}],"supplyDx": [{"label": "Dx05","value": 2}, {"label": "Dx07","value": 2}, {"label": "Dx1112","value": 5}, {"label": "Dx1113","value": 25}, {"label": "Dx1114","value": 6}, {"label": "Dx1115","value": 49}, {"label": "Dx1116","value": 10}, {"label": "Dx116","value": 1}, {"label": "Dx32","value": 1}, {"label": "Dx77","value": 2}, {"label": "Dx85","value": 1}],"supplyService": [{"label": "Integrated Urgent Care (IUC) Clinical Assessment Service (CAS)","value": 24}, {"label": "Integrated Urgent Care (IUC) NHS 111 Call Handling Provider","value": 55}, {"label": "Integrated Urgent Care (IUC) Treatment Service","value": 25}],"supplyBook": [{"label": "FALSE","value": 104}]}, 
{"source": 19,"target": 30,"value": 2,"fill": "#BEBADA","supply": [{"label": "17 hrs","value": 1}, {"label": "18 hrs","value": 1}],"supplyDx": [{"label": "Dx11","value": 1}, {"label": "Dx92","value": 1}],"supplyService": [{"label": "Mental Health","value": 2}],"supplyBook": [{"label": "FALSE","value": 2}]}, 
{"source": 19,"target": 31,"value": 47,"fill": "#BEBADA","supply": [{"label": "01 hrs","value": 1}, {"label": "02 hrs","value": 2}, {"label": "03 hrs","value": 1}, {"label": "04 hrs","value": 2}, {"label": "05 hrs","value": 2}, {"label": "06 hrs","value": 1}, {"label": "07 hrs","value": 1}, {"label": "08 hrs","value": 1}, {"label": "09 hrs","value": 1}, {"label": "10 hrs","value": 2}, {"label": "11 hrs","value": 1}, {"label": "12 hrs","value": 1}, {"label": "13 hrs","value": 4}, {"label": "14 hrs","value": 2}, {"label": "15 hrs","value": 3}, {"label": "16 hrs","value": 2}, {"label": "17 hrs","value": 10}, {"label": "18 hrs","value": 6}, {"label": "19 hrs","value": 1}, {"label": "20 hrs","value": 2}, {"label": "23 hrs","value": 1}],"supplyDx": [{"label": "Dx02","value": 11}, {"label": "Dx03","value": 4}, {"label": "Dx05","value": 16}, {"label": "Dx06","value": 11}, {"label": "Dx07","value": 4}, {"label": "Dx15","value": 1}],"supplyService": [{"label": "Urgent Care Centre (UCC)","value": 24}, {"label": "Urgent Treatment Centre (UTC)","value": 21}, {"label": "Walk-In Centre (WIC)","value": 2}],"supplyBook": [{"label": "FALSE","value": 34}, {"label": "TRUE","value": 13}]}, 
{"source": 19,"target": 32,"value": 36,"fill": "#BEBADA","supply": [{"label": "09 hrs","value": 1}, {"label": "10 hrs","value": 3}, {"label": "11 hrs","value": 1}, {"label": "12 hrs","value": 1}, {"label": "13 hrs","value": 7}, {"label": "14 hrs","value": 3}, {"label": "15 hrs","value": 4}, {"label": "16 hrs","value": 5}, {"label": "17 hrs","value": 2}, {"label": "18 hrs","value": 3}, {"label": "19 hrs","value": 2}, {"label": "21 hrs","value": 1}, {"label": "22 hrs","value": 1}, {"label": "23 hrs","value": 2}],"supplyDx": [{"label": "Dx08","value": 1}, {"label": "Dx09","value": 2}, {"label": "Dx10","value": 1}, {"label": "Dx1113","value": 2}, {"label": "Dx1114","value": 1}, {"label": "Dx1115","value": 2}, {"label": "Dx28","value": 2}, {"label": "Dx77","value": 5}, {"label": "Dx80","value": 1}, {"label": "Dx85","value": 17}, {"label": "Dx86","value": 1}, {"label": "Dx87","value": 1}],"supplyService": [{"label": "(Capacity) Burns (B)","value": 5}, {"label": "Intermediate Care","value": 5}, {"label": "Pharmacy","value": 22}, {"label": "Pharmacy Enhanced Service","value": 3}, {"label": "Sexual Health","value": 1}],"supplyBook": [{"label": "FALSE","value": 36}]}, 
{"source": 20,"target": 25,"value": 23,"fill": "#BEBADA","supply": [{"label": "06 hrs","value": 1}, {"label": "07 hrs","value": 1}, {"label": "08 hrs","value": 2}, {"label": "09 hrs","value": 1}, {"label": "10 hrs","value": 1}, {"label": "11 hrs","value": 1}, {"label": "12 hrs","value": 4}, {"label": "13 hrs","value": 6}, {"label": "15 hrs","value": 2}, {"label": "18 hrs","value": 1}, {"label": "19 hrs","value": 1}, {"label": "21 hrs","value": 1}, {"label": "22 hrs","value": 1}],"supplyDx": [{"label": "Dx20","value": 10}, {"label": "Dx21","value": 13}],"supplyService": [{"label": "Dental Emergency","value": 22}, {"label": "Dental Service","value": 1}],"supplyBook": [{"label": "FALSE","value": 23}]}, 
{"source": 20,"target": 27,"value": 18,"fill": "#BEBADA","supply": [{"label": "03 hrs","value": 1}, {"label": "05 hrs","value": 1}, {"label": "06 hrs","value": 1}, {"label": "07 hrs","value": 1}, {"label": "12 hrs","value": 1}, {"label": "13 hrs","value": 1}, {"label": "14 hrs","value": 1}, {"label": "15 hrs","value": 2}, {"label": "16 hrs","value": 1}, {"label": "18 hrs","value": 1}, {"label": "19 hrs","value": 2}, {"label": "20 hrs","value": 1}, {"label": "21 hrs","value": 2}, {"label": "22 hrs","value": 2}],"supplyDx": [{"label": "Dx02","value": 15}, {"label": "Dx03","value": 3}],"supplyService": [{"label": "Emergency Department (ED)","value": 18}],"supplyBook": [{"label": "FALSE","value": 18}]}, 
{"source": 20,"target": 28,"value": 34,"fill": "#BEBADA","supply": [{"label": "01 hrs","value": 1}, {"label": "08 hrs","value": 1}, {"label": "09 hrs","value": 2}, {"label": "10 hrs","value": 2}, {"label": "11 hrs","value": 1}, {"label": "12 hrs","value": 3}, {"label": "13 hrs","value": 2}, {"label": "14 hrs","value": 3}, {"label": "15 hrs","value": 2}, {"label": "16 hrs","value": 5}, {"label": "17 hrs","value": 1}, {"label": "18 hrs","value": 2}, {"label": "20 hrs","value": 1}, {"label": "21 hrs","value": 5}, {"label": "22 hrs","value": 2}, {"label": "23 hrs","value": 1}],"supplyDx": [{"label": "Dx05","value": 5}, {"label": "Dx06","value": 4}, {"label": "Dx07","value": 7}, {"label": "Dx08","value": 6}, {"label": "Dx09","value": 1}, {"label": "Dx10","value": 1}, {"label": "Dx11","value": 2}, {"label": "Dx14","value": 1}, {"label": "Dx15","value": 3}, {"label": "Dx16","value": 2}, {"label": "Dx75","value": 2}],"supplyService": [{"label": "GP Access Hub","value": 1}, {"label": "GP Practice","value": 32}, {"label": "GP Practice Extended Hours","value": 1}],"supplyBook": [{"label": "FALSE","value": 29}, {"label": "TRUE","value": 5}]}, 
{"source": 20,"target": 29,"value": 44,"fill": "#BEBADA","supply": [{"label": "00 hrs","value": 2}, {"label": "01 hrs","value": 3}, {"label": "02 hrs","value": 2}, {"label": "03 hrs","value": 4}, {"label": "04 hrs","value": 5}, {"label": "05 hrs","value": 3}, {"label": "13 hrs","value": 1}, {"label": "18 hrs","value": 1}, {"label": "19 hrs","value": 4}, {"label": "20 hrs","value": 5}, {"label": "21 hrs","value": 6}, {"label": "22 hrs","value": 7}, {"label": "23 hrs","value": 1}],"supplyDx": [{"label": "Dx05","value": 22}, {"label": "Dx06","value": 9}, {"label": "Dx07","value": 1}, {"label": "Dx11","value": 5}, {"label": "Dx1113","value": 3}, {"label": "Dx1115","value": 1}, {"label": "Dx12","value": 3}],"supplyService": [{"label": "Integrated Urgent Care (IUC) Clinical Assessment Service (CAS)","value": 4}, {"label": "Integrated Urgent Care (IUC) Treatment Service","value": 40}],"supplyBook": [{"label": "FALSE","value": 42}, {"label": "TRUE","value": 2}]}, 
{"source": 20,"target": 31,"value": 23,"fill": "#BEBADA","supply": [{"label": "01 hrs","value": 1}, {"label": "06 hrs","value": 1}, {"label": "08 hrs","value": 1}, {"label": "09 hrs","value": 1}, {"label": "11 hrs","value": 1}, {"label": "12 hrs","value": 2}, {"label": "13 hrs","value": 2}, {"label": "14 hrs","value": 2}, {"label": "15 hrs","value": 3}, {"label": "16 hrs","value": 2}, {"label": "18 hrs","value": 1}, {"label": "19 hrs","value": 1}, {"label": "20 hrs","value": 1}, {"label": "21 hrs","value": 1}, {"label": "22 hrs","value": 1}, {"label": "23 hrs","value": 2}],"supplyDx": [{"label": "Dx02","value": 7}, {"label": "Dx03","value": 2}, {"label": "Dx05","value": 7}, {"label": "Dx06","value": 5}, {"label": "Dx07","value": 2}],"supplyService": [{"label": "Urgent Care Centre (UCC)","value": 16}, {"label": "Urgent Treatment Centre (UTC)","value": 4}, {"label": "Walk-In Centre (WIC)","value": 3}],"supplyBook": [{"label": "FALSE","value": 18}, {"label": "TRUE","value": 5}]}, 
{"source": 20,"target": 32,"value": 4,"fill": "#BEBADA","supply": [{"label": "02 hrs","value": 1}, {"label": "03 hrs","value": 1}, {"label": "15 hrs","value": 1}, {"label": "18 hrs","value": 1}],"supplyDx": [{"label": "Dx05","value": 1}, {"label": "Dx1113","value": 2}, {"label": "Dx28","value": 1}],"supplyService": [{"label": "Hospital Acute Assessment Unit (AAU)","value": 1}, {"label": "Intermediate Care","value": 2}, {"label": "Pharmacy","value": 1}],"supplyBook": [{"label": "FALSE","value": 4}]}, 
{"source": 21,"target": 24,"value": 1,"fill": "#BEBADA","supply": [{"label": "21 hrs","value": 1}],"supplyDx": [{"label": "Dx06","value": 1}],"supplyService": [{"label": "Care Home","value": 1}],"supplyBook": [{"label": "FALSE","value": 1}]}, 
{"source": 21,"target": 25,"value": 43,"fill": "#BEBADA","supply": [{"label": "03 hrs","value": 1}, {"label": "04 hrs","value": 1}, {"label": "08 hrs","value": 3}, {"label": "09 hrs","value": 4}, {"label": "10 hrs","value": 4}, {"label": "11 hrs","value": 5}, {"label": "12 hrs","value": 9}, {"label": "13 hrs","value": 2}, {"label": "14 hrs","value": 1}, {"label": "15 hrs","value": 2}, {"label": "16 hrs","value": 4}, {"label": "19 hrs","value": 4}, {"label": "20 hrs","value": 1}, {"label": "22 hrs","value": 1}, {"label": "23 hrs","value": 1}],"supplyDx": [{"label": "Dx118","value": 5}, {"label": "Dx18","value": 10}, {"label": "Dx19","value": 3}, {"label": "Dx20","value": 1}, {"label": "Dx21","value": 5}, {"label": "Dx88","value": 19}],"supplyService": [{"label": "Dental Emergency","value": 40}, {"label": "Dental Service","value": 3}],"supplyBook": [{"label": "FALSE","value": 43}]}, 
{"source": 21,"target": 26,"value": 4,"fill": "#BEBADA","supply": [{"label": "03 hrs","value": 1}, {"label": "18 hrs","value": 1}, {"label": "19 hrs","value": 1}, {"label": "21 hrs","value": 1}],"supplyDx": [{"label": "Dx05","value": 1}, {"label": "Dx110","value": 2}, {"label": "Dx14","value": 1}],"supplyService": [{"label": "District/Community Nurse","value": 4}],"supplyBook": [{"label": "FALSE","value": 4}]}, 
{"source": 21,"target": 27,"value": 21,"fill": "#BEBADA","supply": [{"label": "04 hrs","value": 1}, {"label": "06 hrs","value": 1}, {"label": "09 hrs","value": 1}, {"label": "11 hrs","value": 1}, {"label": "12 hrs","value": 1}, {"label": "14 hrs","value": 2}, {"label": "17 hrs","value": 3}, {"label": "18 hrs","value": 2}, {"label": "19 hrs","value": 5}, {"label": "20 hrs","value": 1}, {"label": "21 hrs","value": 2}, {"label": "22 hrs","value": 1}],"supplyDx": [{"label": "Dx02","value": 18}, {"label": "Dx03","value": 3}],"supplyService": [{"label": "Emergency Department (ED)","value": 21}],"supplyBook": [{"label": "FALSE","value": 21}]}, 
{"source": 21,"target": 28,"value": 71,"fill": "#BEBADA","supply": [{"label": "01 hrs","value": 1}, {"label": "04 hrs","value": 1}, {"label": "05 hrs","value": 2}, {"label": "07 hrs","value": 3}, {"label": "08 hrs","value": 8}, {"label": "09 hrs","value": 7}, {"label": "10 hrs","value": 4}, {"label": "11 hrs","value": 6}, {"label": "12 hrs","value": 3}, {"label": "13 hrs","value": 1}, {"label": "14 hrs","value": 3}, {"label": "15 hrs","value": 3}, {"label": "16 hrs","value": 5}, {"label": "17 hrs","value": 6}, {"label": "18 hrs","value": 4}, {"label": "19 hrs","value": 1}, {"label": "20 hrs","value": 6}, {"label": "21 hrs","value": 2}, {"label": "22 hrs","value": 2}, {"label": "23 hrs","value": 3}],"supplyDx": [{"label": "Dx05","value": 15}, {"label": "Dx06","value": 22}, {"label": "Dx07","value": 1}, {"label": "Dx08","value": 17}, {"label": "Dx09","value": 1}, {"label": "Dx10","value": 1}, {"label": "Dx12","value": 1}, {"label": "Dx13","value": 5}, {"label": "Dx16","value": 7}, {"label": "Dx75","value": 1}],"supplyService": [{"label": "GP Access Hub","value": 4}, {"label": "GP Practice","value": 67}],"supplyBook": [{"label": "FALSE","value": 64}, {"label": "TRUE","value": 7}]}, 
{"source": 21,"target": 29,"value": 71,"fill": "#BEBADA","supply": [{"label": "02 hrs","value": 1}, {"label": "03 hrs","value": 2}, {"label": "06 hrs","value": 1}, {"label": "07 hrs","value": 1}, {"label": "09 hrs","value": 7}, {"label": "10 hrs","value": 7}, {"label": "11 hrs","value": 6}, {"label": "12 hrs","value": 5}, {"label": "13 hrs","value": 3}, {"label": "14 hrs","value": 6}, {"label": "15 hrs","value": 4}, {"label": "16 hrs","value": 3}, {"label": "17 hrs","value": 3}, {"label": "18 hrs","value": 5}, {"label": "19 hrs","value": 5}, {"label": "20 hrs","value": 4}, {"label": "21 hrs","value": 4}, {"label": "22 hrs","value": 3}, {"label": "23 hrs","value": 1}],"supplyDx": [{"label": "Dx05","value": 10}, {"label": "Dx06","value": 22}, {"label": "Dx1113","value": 38}, {"label": "Dx1114","value": 1}],"supplyService": [{"label": "Integrated Urgent Care (IUC) Clinical Assessment Service (CAS)","value": 1}, {"label": "Integrated Urgent Care (IUC) Treatment Service","value": 70}],"supplyBook": [{"label": "FALSE","value": 64}, {"label": "TRUE","value": 7}]}, 
{"source": 21,"target": 31,"value": 27,"fill": "#BEBADA","supply": [{"label": "11 hrs","value": 5}, {"label": "12 hrs","value": 1}, {"label": "13 hrs","value": 1}, {"label": "14 hrs","value": 3}, {"label": "15 hrs","value": 4}, {"label": "17 hrs","value": 1}, {"label": "18 hrs","value": 1}, {"label": "19 hrs","value": 1}, {"label": "20 hrs","value": 5}, {"label": "21 hrs","value": 1}, {"label": "22 hrs","value": 1}, {"label": "23 hrs","value": 3}],"supplyDx": [{"label": "Dx02","value": 5}, {"label": "Dx05","value": 11}, {"label": "Dx06","value": 10}, {"label": "Dx07","value": 1}],"supplyService": [{"label": "Urgent Care Centre (UCC)","value": 16}, {"label": "Urgent Treatment Centre (UTC)","value": 11}],"supplyBook": [{"label": "FALSE","value": 21}, {"label": "TRUE","value": 6}]}, 
{"source": 21,"target": 32,"value": 16,"fill": "#BEBADA","supply": [{"label": "09 hrs","value": 2}, {"label": "10 hrs","value": 1}, {"label": "12 hrs","value": 1}, {"label": "13 hrs","value": 2}, {"label": "15 hrs","value": 1}, {"label": "17 hrs","value": 1}, {"label": "18 hrs","value": 1}, {"label": "19 hrs","value": 2}, {"label": "20 hrs","value": 3}, {"label": "21 hrs","value": 2}],"supplyDx": [{"label": "Dx05","value": 3}, {"label": "Dx06","value": 2}, {"label": "Dx08","value": 1}, {"label": "Dx1113","value": 9}, {"label": "Dx85","value": 1}],"supplyService": [{"label": "Hospital Acute Assessment Unit (AAU)","value": 5}, {"label": "Intermediate Care","value": 9}, {"label": "Optician Enhanced Service","value": 1}, {"label": "Pharmacy","value": 1}],"supplyBook": [{"label": "FALSE","value": 16}]}
]
}