{
  "nodes": [
{"layer": 1,"name": "Health Advisor  HA ","fill": "#8C2D04"}, 
{"layer": 1,"name": "LAS 999 Callers  HCP5 ","fill": "#8C2D04"}, 
{"layer": 1,"name": "Care Home Callers  HCP6 ","fill": "#8C2D04"}, 
{"layer": 1,"name": "Pharmacy Callers  HCP8 ","fill": "#8C2D04"}, 
{"layer": 1,"name": "Worsening  HAW ","fill": "#8C2D04"}, 
{"layer": 1,"name": "Admin","fill": "#8C2D04"}, 
{"layer": 1,"name": "Dental","fill": "#8C2D04"}, 
{"layer": 1,"name": "National Contingency","fill": "#8C2D04"}, 
{"layer": 1,"name": "No Destination Call Type","fill": "#8C2D04"}, 
{"layer": 1,"name": "Other","fill": "#8C2D04"}, 
{"layer": 1,"name": "Dental","fill": "#8C2D04"}, 
{"layer": 2,"name": "InHealth","fill": "#D94801"}, 
{"layer": 2,"name": "SEL 111","fill": "#D94801"}],
  "links": [{"source": 0,"target": 12,"value": 890,"fill": "#BEBADA","supply": [{"label": "00 hrs","value": 8}, {"label": "01 hrs","value": 15}, {"label": "02 hrs","value": 21}, {"label": "03 hrs","value": 13}, {"label": "04 hrs","value": 19}, {"label": "05 hrs","value": 6}, {"label": "06 hrs","value": 13}, {"label": "07 hrs","value": 31}, {"label": "08 hrs","value": 46}, {"label": "09 hrs","value": 47}, {"label": "10 hrs","value": 45}, {"label": "11 hrs","value": 56}, {"label": "12 hrs","value": 69}, {"label": "13 hrs","value": 57}, {"label": "14 hrs","value": 46}, {"label": "15 hrs","value": 57}, {"label": "16 hrs","value": 39}, {"label": "17 hrs","value": 50}, {"label": "18 hrs","value": 63}, {"label": "19 hrs","value": 64}, {"label": "20 hrs","value": 42}, {"label": "21 hrs","value": 33}, {"label": "22 hrs","value": 33}, {"label": "23 hrs","value": 17}],"supplyDx": [{"label": "","value": 0}],"supplyService": [{"label": "","value": 0}],"supplyBook": [{"label": "","value": 0}]}, {"source": 1,"target": 12,"value": 13,"fill": "#8DD3C7","supply": [{"label": "00 hrs","value": 0}, {"label": "01 hrs","value": 2}, {"label": "02 hrs","value": 0}, {"label": "03 hrs","value": 0}, {"label": "04 hrs","value": 0}, {"label": "05 hrs","value": 0}, {"label": "06 hrs","value": 0}, {"label": "07 hrs","value": 0}, {"label": "08 hrs","value": 1}, {"label": "09 hrs","value": 0}, {"label": "10 hrs","value": 0}, {"label": "11 hrs","value": 0}, {"label": "12 hrs","value": 0}, {"label": "13 hrs","value": 0}, {"label": "14 hrs","value": 0}, {"label": "15 hrs","value": 0}, {"label": "16 hrs","value": 1}, {"label": "17 hrs","value": 0}, {"label": "18 hrs","value": 1}, {"label": "19 hrs","value": 2}, {"label": "20 hrs","value": 1}, {"label": "21 hrs","value": 1}, {"label": "22 hrs","value": 2}, {"label": "23 hrs","value": 2}],"supplyDx": [{"label": "","value": 0}],"supplyService": [{"label": "","value": 0}],"supplyBook": [{"label": "","value": 0}]}, {"source": 2,"target": 12,"value": 9,"fill": "#8DD3C7","supply": [{"label": "00 hrs","value": 0}, {"label": "01 hrs","value": 0}, {"label": "02 hrs","value": 0}, {"label": "03 hrs","value": 0}, {"label": "04 hrs","value": 0}, {"label": "05 hrs","value": 1}, {"label": "06 hrs","value": 1}, {"label": "07 hrs","value": 0}, {"label": "08 hrs","value": 0}, {"label": "09 hrs","value": 0}, {"label": "10 hrs","value": 0}, {"label": "11 hrs","value": 1}, {"label": "12 hrs","value": 2}, {"label": "13 hrs","value": 0}, {"label": "14 hrs","value": 0}, {"label": "15 hrs","value": 0}, {"label": "16 hrs","value": 1}, {"label": "17 hrs","value": 1}, {"label": "18 hrs","value": 0}, {"label": "19 hrs","value": 0}, {"label": "20 hrs","value": 1}, {"label": "21 hrs","value": 0}, {"label": "22 hrs","value": 0}, {"label": "23 hrs","value": 1}],"supplyDx": [{"label": "","value": 0}],"supplyService": [{"label": "","value": 0}],"supplyBook": [{"label": "","value": 0}]}, {"source": 3,"target": 12,"value": 1,"fill": "#8DD3C7","supply": [{"label": "00 hrs","value": 0}, {"label": "01 hrs","value": 0}, {"label": "02 hrs","value": 0}, {"label": "03 hrs","value": 0}, {"label": "04 hrs","value": 0}, {"label": "05 hrs","value": 0}, {"label": "06 hrs","value": 0}, {"label": "07 hrs","value": 0}, {"label": "08 hrs","value": 0}, {"label": "09 hrs","value": 0}, {"label": "10 hrs","value": 0}, {"label": "11 hrs","value": 0}, {"label": "12 hrs","value": 1}, {"label": "13 hrs","value": 0}, {"label": "14 hrs","value": 0}, {"label": "15 hrs","value": 0}, {"label": "16 hrs","value": 0}, {"label": "17 hrs","value": 0}, {"label": "18 hrs","value": 0}, {"label": "19 hrs","value": 0}, {"label": "20 hrs","value": 0}, {"label": "21 hrs","value": 0}, {"label": "22 hrs","value": 0}, {"label": "23 hrs","value": 0}],"supplyDx": [{"label": "","value": 0}],"supplyService": [{"label": "","value": 0}],"supplyBook": [{"label": "","value": 0}]}, {"source": 4,"target": 12,"value": 27,"fill": "#A65628","supply": [{"label": "00 hrs","value": 0}, {"label": "01 hrs","value": 0}, {"label": "02 hrs","value": 0}, {"label": "03 hrs","value": 1}, {"label": "04 hrs","value": 0}, {"label": "05 hrs","value": 0}, {"label": "06 hrs","value": 0}, {"label": "07 hrs","value": 1}, {"label": "08 hrs","value": 0}, {"label": "09 hrs","value": 2}, {"label": "10 hrs","value": 3}, {"label": "11 hrs","value": 2}, {"label": "12 hrs","value": 4}, {"label": "13 hrs","value": 3}, {"label": "14 hrs","value": 0}, {"label": "15 hrs","value": 1}, {"label": "16 hrs","value": 2}, {"label": "17 hrs","value": 1}, {"label": "18 hrs","value": 0}, {"label": "19 hrs","value": 2}, {"label": "20 hrs","value": 0}, {"label": "21 hrs","value": 1}, {"label": "22 hrs","value": 2}, {"label": "23 hrs","value": 2}],"supplyDx": [{"label": "","value": 0}],"supplyService": [{"label": "","value": 0}],"supplyBook": [{"label": "","value": 0}]}, {"source": 5,"target": 12,"value": 86,"fill": "#FB8072","supply": [{"label": "00 hrs","value": 0}, {"label": "01 hrs","value": 0}, {"label": "02 hrs","value": 2}, {"label": "03 hrs","value": 1}, {"label": "04 hrs","value": 0}, {"label": "05 hrs","value": 0}, {"label": "06 hrs","value": 0}, {"label": "07 hrs","value": 4}, {"label": "08 hrs","value": 7}, {"label": "09 hrs","value": 7}, {"label": "10 hrs","value": 6}, {"label": "11 hrs","value": 5}, {"label": "12 hrs","value": 4}, {"label": "13 hrs","value": 6}, {"label": "14 hrs","value": 6}, {"label": "15 hrs","value": 2}, {"label": "16 hrs","value": 2}, {"label": "17 hrs","value": 7}, {"label": "18 hrs","value": 2}, {"label": "19 hrs","value": 6}, {"label": "20 hrs","value": 8}, {"label": "21 hrs","value": 6}, {"label": "22 hrs","value": 4}, {"label": "23 hrs","value": 1}],"supplyDx": [{"label": "","value": 0}],"supplyService": [{"label": "","value": 0}],"supplyBook": [{"label": "","value": 0}]}, {"source": 6,"target": 12,"value": 144,"fill": "#FF7F00","supply": [{"label": "00 hrs","value": 0}, {"label": "01 hrs","value": 2}, {"label": "02 hrs","value": 1}, {"label": "03 hrs","value": 0}, {"label": "04 hrs","value": 0}, {"label": "05 hrs","value": 0}, {"label": "06 hrs","value": 3}, {"label": "07 hrs","value": 8}, {"label": "08 hrs","value": 7}, {"label": "09 hrs","value": 16}, {"label": "10 hrs","value": 16}, {"label": "11 hrs","value": 16}, {"label": "12 hrs","value": 9}, {"label": "13 hrs","value": 10}, {"label": "14 hrs","value": 12}, {"label": "15 hrs","value": 10}, {"label": "16 hrs","value": 4}, {"label": "17 hrs","value": 4}, {"label": "18 hrs","value": 7}, {"label": "19 hrs","value": 4}, {"label": "20 hrs","value": 5}, {"label": "21 hrs","value": 3}, {"label": "22 hrs","value": 6}, {"label": "23 hrs","value": 1}],"supplyDx": [{"label": "","value": 0}],"supplyService": [{"label": "","value": 0}],"supplyBook": [{"label": "","value": 0}]}, {"source": 7,"target": 12,"value": 111,"fill": "#BEBADA","supply": [{"label": "00 hrs","value": 1}, {"label": "01 hrs","value": 0}, {"label": "02 hrs","value": 0}, {"label": "03 hrs","value": 1}, {"label": "04 hrs","value": 0}, {"label": "05 hrs","value": 0}, {"label": "06 hrs","value": 2}, {"label": "07 hrs","value": 2}, {"label": "08 hrs","value": 6}, {"label": "09 hrs","value": 13}, {"label": "10 hrs","value": 7}, {"label": "11 hrs","value": 11}, {"label": "12 hrs","value": 13}, {"label": "13 hrs","value": 6}, {"label": "14 hrs","value": 8}, {"label": "15 hrs","value": 10}, {"label": "16 hrs","value": 5}, {"label": "17 hrs","value": 8}, {"label": "18 hrs","value": 3}, {"label": "19 hrs","value": 7}, {"label": "20 hrs","value": 2}, {"label": "21 hrs","value": 3}, {"label": "22 hrs","value": 2}, {"label": "23 hrs","value": 1}],"supplyDx": [{"label": "","value": 0}],"supplyService": [{"label": "","value": 0}],"supplyBook": [{"label": "","value": 0}]}, {"source": 8,"target": 12,"value": 590,"fill": "#BEBADA","supply": [{"label": "00 hrs","value": 15}, {"label": "01 hrs","value": 1}, {"label": "02 hrs","value": 2}, {"label": "03 hrs","value": 2}, {"label": "04 hrs","value": 2}, {"label": "05 hrs","value": 0}, {"label": "06 hrs","value": 1}, {"label": "07 hrs","value": 11}, {"label": "08 hrs","value": 46}, {"label": "09 hrs","value": 55}, {"label": "10 hrs","value": 61}, {"label": "11 hrs","value": 55}, {"label": "12 hrs","value": 52}, {"label": "13 hrs","value": 31}, {"label": "14 hrs","value": 42}, {"label": "15 hrs","value": 45}, {"label": "16 hrs","value": 22}, {"label": "17 hrs","value": 40}, {"label": "18 hrs","value": 21}, {"label": "19 hrs","value": 30}, {"label": "20 hrs","value": 26}, {"label": "21 hrs","value": 10}, {"label": "22 hrs","value": 13}, {"label": "23 hrs","value": 7}],"supplyDx": [{"label": "","value": 0}],"supplyService": [{"label": "","value": 0}],"supplyBook": [{"label": "","value": 0}]}, {"source": 9,"target": 11,"value": 637,"fill": "#BEBADA","supply": [{"label": "00 hrs","value": 0}, {"label": "01 hrs","value": 0}, {"label": "02 hrs","value": 0}, {"label": "03 hrs","value": 0}, {"label": "04 hrs","value": 0}, {"label": "05 hrs","value": 0}, {"label": "06 hrs","value": 0}, {"label": "07 hrs","value": 0}, {"label": "08 hrs","value": 35}, {"label": "09 hrs","value": 44}, {"label": "10 hrs","value": 39}, {"label": "11 hrs","value": 52}, {"label": "12 hrs","value": 53}, {"label": "13 hrs","value": 48}, {"label": "14 hrs","value": 31}, {"label": "15 hrs","value": 53}, {"label": "16 hrs","value": 31}, {"label": "17 hrs","value": 41}, {"label": "18 hrs","value": 49}, {"label": "19 hrs","value": 52}, {"label": "20 hrs","value": 39}, {"label": "21 hrs","value": 27}, {"label": "22 hrs","value": 27}, {"label": "23 hrs","value": 16}],"supplyDx": [{"label": "","value": 0}],"supplyService": [{"label": "","value": 0}],"supplyBook": [{"label": "","value": 0}]}, {"source": 10,"target": 11,"value": 122,"fill": "#FF7F00","supply": [{"label": "00 hrs","value": 0}, {"label": "01 hrs","value": 0}, {"label": "02 hrs","value": 0}, {"label": "03 hrs","value": 0}, {"label": "04 hrs","value": 0}, {"label": "05 hrs","value": 0}, {"label": "06 hrs","value": 0}, {"label": "07 hrs","value": 0}, {"label": "08 hrs","value": 7}, {"label": "09 hrs","value": 13}, {"label": "10 hrs","value": 16}, {"label": "11 hrs","value": 14}, {"label": "12 hrs","value": 9}, {"label": "13 hrs","value": 11}, {"label": "14 hrs","value": 11}, {"label": "15 hrs","value": 8}, {"label": "16 hrs","value": 5}, {"label": "17 hrs","value": 3}, {"label": "18 hrs","value": 7}, {"label": "19 hrs","value": 5}, {"label": "20 hrs","value": 4}, {"label": "21 hrs","value": 3}, {"label": "22 hrs","value": 5}, {"label": "23 hrs","value": 1}],"supplyDx": [{"label": "","value": 0}],"supplyService": [{"label": "","value": 0}],"supplyBook": [{"label": "","value": 0}]}]}