{
  "interpolated": {
    "0904": ["Immediate threats to life", "Breathing Problems; Breathlessness or Wheeze", "Non-trauma Emergency", "Entry pathway", "Chest and Upper Back Pain", "NHS Pathways in House Clinician"],
    "1404": ["Immediate threats to life", "Breathing Problems; Breathlessness or Wheeze", "Non-trauma Emergency", "Entry pathway", "Chest and Upper Back Pain", "NHS Pathways in House Clinician"],
    "1504": ["Immediate threats to life", "Breathing Problems; Breathlessness or Wheeze", "Non-trauma Emergency", "Entry pathway", "Chest and Upper Back Pain", "NHS Pathways in House Clinician"],
    "1604": ["Immediate threats to life", "Breathing Problems; Breathlessness or Wheeze", "Non-trauma Emergency", "Entry pathway", "Chest and Upper Back Pain", "NHS Pathways in House Clinician"],
    "1704": ["Immediate threats to life", "Breathing Problems; Breathlessness or Wheeze", "Non-trauma Emergency", "Entry pathway", "Chest and Upper Back Pain", "NHS Pathways in House Clinician"],
    "1804": ["Immediate threats to life", "Breathing Problems; Breathlessness or Wheeze", "Non-trauma Emergency", "Entry pathway", "Chest and Upper Back Pain", "NHS Pathways in House Clinician"],
    "1904": ["Immediate threats to life", "Breathing Problems; Breathlessness or Wheeze", "Non-trauma Emergency", "Entry pathway", "Chest and Upper Back Pain", "NHS Pathways in House Clinician"],
    "2004": ["Immediate threats to life", "Breathing Problems; Breathlessness or Wheeze", "Non-trauma Emergency", "Entry pathway", "Chest and Upper Back Pain", "NHS Pathways in House Clinician"]
  },
  "estimated": [{}],
  "missing": [{}]
}